39.45048916,-89.4758291,CIC-T321SS_Secondary,409.87,
40.72976888,-81.52696337,OH3P-2238167-388817-2238092-388602,406.108,ABC
40.72985477,-81.52852817,T321SS_Secondary,409.85,
40.72985477,-81.52852817,T322SS_Secondary,409.8501,
40.72986607,-81.52741976,OH3P-2238040-388851-2237978-388628,406.107,ABC
40.72995899,-81.52785611,OH3P-2237919-388883-2237869-388657,406.106,ABC
40.73005309,-81.52829804,OH3P-2237796-388916-2237760-388687,406.105,ABC
40.73180104,-81.52621739,OH3P-2238365-389559-2238591-389534,406.101,ABC
40.7321372,-81.52609367,OH3P-2238398-389682-2238620-389643,406.102,ABC
40.73246912,-81.5259715,OH3P-2238431-389803-2238649-389751,406.103,ABC
40.73281627,-81.52584373,OH3P-2238465-389930-2238675-389865,406.104,ABC
40.75660061,-81.522985,OH3P-2239160-398604-2239169-398407,406.96,ABC
40.75660598,-81.52361572,OH3P-2238985-398604-2238991-398395,406.95,ABC
40.75661111,-81.52421877,OH3P-2238818-398604-2238818-398399,406.94,ABC
40.75661631,-81.5248295,OH3P-2238649-398604-2238657-398383,406.93,ABC
40.75668267,-81.52613672,TMS-2238286-398624-2297774-428573,413.1016,ABC
40.75669089,-81.52710554,TMS-2238018-398624-2204144-412689,413.1,ABC
40.75716513,-81.52985442,TMS-2237255-398788-2237971-389495,413.101,ABC
40.75769139,-81.52129285,OH3P-2239624-399006-2239839-399007,406.97,ABC
40.75777211,-81.53035619,TMS-2237113-399008-2222686-417949,413.1013,ABC
40.75815577,-81.52128599,OH3P-2239624-399175-2239831-399184,406.98,ABC
40.7586143,-81.52127923,OH3P-2239624-399342-2239843-399341,406.99,ABC
40.75909388,-81.52127215,OH3P-2239624-399517-2239839-399518,406.1,ABC
40.7592341,-81.52825138,OH3P-2237690-399547-2237687-399765,406.89,ABC
40.75923927,-81.52886214,OH3P-2237521-399547-2237522-399753,406.9,ABC
40.75924438,-81.52946521,OH3P-2237354-399547-2237353-399761,406.91,ABC
40.75924971,-81.53009596,OH3P-2237179-399547-2237180-399769,406.92,ABC
40.7593405,-81.53106373,T301SS_Secondary,409.93,
40.7593405,-81.53106373,T302SS_Secondary,409.9301,
40.7593405,-81.53106373,T303SS_Secondary,409.9302,
40.77603247,-81.39892969,OH3P-2273436-406092-2273446-406156,406.11108,ABC
40.77616738,-81.40080524,OH1P-2272916-406134-2272917-406174,404.3607,C
40.77616927,-81.40197956,OH1P-2272590-406131-2272588-406170,404.361,A
40.77622738,-81.39922878,OH3P-2273352-406162-2273446-406156,406.11106,ABC
40.77622829,-81.399418,OH3P-2273299-406161-2273253-406161,406.11109,ABC
40.77622915,-81.39958486,OH3P-2273253-406161-2272917-406174,406.1111,ABC
40.77623426,-81.4029962,OH1P-2272309-406151-2272306-406190,404.3612,A
40.77624718,-81.40558881,OH3P-2271590-406147-2271601-406211,406.11105,ABC
40.77627176,-81.40402964,OH1P-2272022-406161-2272023-406200,404.3614,B
40.77627615,-81.40198751,OH3P-2272588-406170-2272306-406190,406.11112,ABC
40.7762771,-81.40079931,OH3P-2272917-406174-2272588-406170,406.11111,ABC
40.77631718,-81.40505727,OH1P-2271737-406174-2271740-406214,404.3615,C
40.77633887,-81.39957893,OH1P-2273254-406201-2273253-406161,404.3606,C
40.77634113,-81.40300415,OH3P-2272306-406190-2272023-406200,406.11113,ABC
40.77637523,-81.39889244,OH3P-2273444-406217-2273446-406156,406.11107,ABC
40.77637849,-81.40402306,OH3P-2272023-406200-2271740-406214,406.11114,ABC
40.77638397,-81.40080726,OH1P-2272914-406213-2272917-406174,404.3608,A
40.77638586,-81.40198158,OH1P-2272589-406210-2272588-406170,404.3609,B
40.77641567,-81.39958113,OH1P-2273253-406229-2273267-406313,404.36,C
40.77642673,-81.40504732,OH3P-2271740-406214-2271699-406217,406.11115,ABC
40.77643572,-81.40538172,OH3P-2271647-406216-2271601-406211,406.11104,ABC
40.77644089,-81.40054611,OHSECSRV-2272986-406235-2272942-406282,410.1721,ABC
40.77644137,-81.40581524,OH3P-2271527-406217-2271601-406211,406.11102,ABC
40.77645085,-81.40299822,OH1P-2272307-406230-2272306-406190,404.3611,C
40.77646267,-81.40198379,OH1P-2272588-406238-2272591-406331,404.362,B
40.77646937,-81.39942795,OHSECSRV-2273296-406249-2273276-406228,410.1615,ABC
40.77646937,-81.39942795,OHSECSRV-2273296-406249-2273320-406227,410.1613,ABC
40.77646937,-81.39942795,OHSECSRV-2273296-406249-2273323-406269,410.1612,ABC
40.77646937,-81.39942795,OHSECSRV-2273296-406249-2273366-406225,410.1614,ABC
40.77647716,-81.40401732,OH1P-2272025-406236-2272023-406200,404.3613,A
40.77651906,-81.39889124,OH3P-2273444-406269-2273457-407544,406.11117,ABC
40.77652765,-81.40300043,OH1P-2272306-406258-2272314-406328,404.3602,C
40.77653373,-81.40505134,OH1P-2271738-406253-2271740-406214,404.3616,B
40.77653616,-81.4005413,OHSECSRV-2272987-406270-2272942-406282,410.172,ABC
40.77653662,-81.39987273,OHSECSRV-2273172-406272-2273224-406313,410.1608,ABC
40.77657002,-81.4028164,OHSEC1P-2272357-406274-2272298-406274,407.6899,C
40.77657002,-81.4028164,OHSECSRV-2272357-406274-2272369-406294,410.1744,ABC
40.77657142,-81.4030296,OHSEC1P-2272298-406274-2272298-406355,407.69,C
40.77657142,-81.4030296,OHSECSRV-2272298-406274-2272209-406299,410.1604,ABC
40.77657142,-81.4030296,OHSECSRV-2272298-406274-2272249-406298,410.1746,ABC
40.77657142,-81.4030296,OHSECSRV-2272298-406274-2272289-406297,410.1745,ABC
40.7765875,-81.40165355,OHSECSRV-2272679-406285-2272637-406305,410.1639,ABC
40.77658993,-81.40555159,OH3P-2271599-406272-2271601-406211,406.11103,ABC
40.77660514,-81.40425456,OHSECSRV-2271958-406282-2271986-406309,410.1681,ABC
40.77660614,-81.40391353,OHSECSRV-2272053-406283-2272079-406303,410.1684,ABC
40.77661055,-81.40505073,OH1P-2271738-406281-2271724-406361,404.3624,B
40.77661704,-81.40053722,OHSECSRV-2272988-406299-2272942-406282,410.1719,ABC
40.7766294,-81.40291625,OHSECSRV-2272329-406295-2272357-406274,410.1603,ABC
40.77664441,-81.40180204,OHSEC1P-2272637-406305-2272569-406311,407.6819,B
40.77664441,-81.40180204,OHSECSRV-2272637-406305-2272619-406286,410.1632,ABC
40.77664463,-81.39952974,OH1P-2273267-406313-2273269-406440,404.3605,C
40.7766461,-81.39968309,OHSEC1P-2273224-406313-2273220-406340,407.6802,C
40.77666418,-81.40204706,OHSEC1P-2272569-406311-2272571-406368,407.682,B
40.77666418,-81.40204706,OHSECSRV-2272569-406311-2272499-406290,410.1637,ABC
40.77666418,-81.40204706,OHSECSRV-2272569-406311-2272539-406289,410.1634,ABC
40.77666418,-81.40204706,OHSECSRV-2272569-406311-2272579-406288,410.1635,ABC
40.77667603,-81.4039996,OH1P-2272029-406309-2272024-406264,404.3617,A
40.7766775,-81.40415296,OHSEC1P-2271986-406309-2271985-406363,407.6857,A
40.77669342,-81.40484637,OHSECSRV-2271794-406312-2271770-406335,410.1661,ABC
40.77669791,-81.40053314,OHSECSRV-2272988-406329-2272942-406282,410.1718,ABC
40.77670847,-81.39943714,OHSEC1P-2273292-406336-2273296-406249,407.6805,C
40.77670847,-81.39943714,OHSECSRV-2273292-406336-2273324-406310,410.1611,ABC
40.77671333,-81.40080089,OH1P-2272914-406333-2272913-406241,404.3632,A
40.77671479,-81.40095425,OHSEC1P-2272872-406333-2272871-406372,407.6883,A
40.77671479,-81.40095425,OHSECSRV-2272872-406333-2272791-406284,410.1724,ABC
40.77671479,-81.40095425,OHSECSRV-2272872-406333-2272836-406283,410.1723,ABC
40.77671479,-81.40095425,OHSECSRV-2272872-406333-2272881-406281,410.1722,ABC
40.77671548,-81.40281498,OHSEC1P-2272356-406327-2272357-406274,407.6898,C
40.77671752,-81.40181292,OHSEC1P-2272634-406331-2272637-406305,407.6818,B
40.77671817,-81.40196628,OH1P-2272591-406331-2272595-406494,404.3619,B
40.77671837,-81.4029683,OH1P-2272314-406328-2272313-406477,404.3635,C
40.77672059,-81.39969591,OHSEC1P-2273220-406340-2273292-406336,407.6801,C
40.77673188,-81.40269426,OHSECSRV-2272390-406333-2272356-406327,410.1743,ABC
40.77675722,-81.40493194,OHSEC1P-2271770-406335-2271702-406341,407.6839,B
40.77675722,-81.40493194,OHSECSRV-2271770-406335-2271793-406272,410.1657,ABC
40.77677698,-81.40517697,OHSEC1P-2271702-406341-2271704-406398,407.684,B
40.77677698,-81.40517697,OHSECSRV-2271702-406341-2271682-406315,410.1658,ABC
40.77680309,-81.40484085,OHSECSRV-2271795-406352-2271767-406362,410.1656,ABC
40.77680366,-81.39931358,OHSECSRV-2273326-406371-2273292-406336,410.1609,ABC
40.77680922,-81.40171464,OHSECSRV-2272661-406365-2272634-406331,410.1631,ABC
40.7768207,-81.40203925,OHSECSRV-2272571-406368-2272541-406369,410.1633,ABC
40.7768207,-81.40203925,OHSECSRV-2272571-406368-2272542-406409,410.163,ABC
40.77682117,-81.40095518,OHSEC1P-2272871-406372-2272934-406373,407.6884,A
40.77682221,-81.40072653,OHSEC1P-2272934-406373-2272933-406402,407.6881,A
40.77682221,-81.40072653,OHSEC1P-2272934-406373-2272942-406282,407.6885,A
40.77682221,-81.40072653,OHSECSRV-2272934-406373-2272989-406358,410.1706,ABC
40.7768281,-81.40415628,OHSEC1P-2271985-406363-2272051-406365,407.6858,A
40.7768281,-81.40415628,OHSECSRV-2271985-406363-2271960-406342,410.1693,ABC
40.77682904,-81.40391711,OHSEC1P-2272051-406365-2272050-406410,407.686,A
40.77682904,-81.40391711,OHSEC1P-2272051-406365-2272053-406283,407.6859,A
40.77682904,-81.40391711,OHSECSRV-2272051-406365-2272081-406383,410.1685,ABC
40.77683032,-81.40494282,OHSEC1P-2271767-406362-2271770-406335,407.6838,B
40.77683097,-81.40509619,OH1P-2271724-406361-2271728-406524,404.3623,B
40.77685967,-81.40052497,OHSECSRV-2272990-406388-2272934-406373,410.1717,ABC
40.7768656,-81.40424143,OHSECSRV-2271961-406377-2271985-406363,410.1682,ABC
40.77690726,-81.40301928,OHSEC1P-2272299-406396-2272298-406355,407.6903,C
40.77691889,-81.40170911,OHSECSRV-2272662-406405-2272639-406464,410.1625,ABC
40.77692043,-81.40423866,OHSECSRV-2271961-406397-2271985-406363,410.1683,ABC
40.7769335,-81.40516916,OHSECSRV-2271704-406398-2271684-406415,410.1655,ABC
40.77693819,-81.40202699,OHSEC1P-2272574-406411-2272571-406368,407.6817,B
40.77693917,-81.40072849,OHSEC1P-2272933-406416-2272934-406457,407.6882,A
40.77695361,-81.40275535,OHSECSRV-2272372-406414-2272358-406437,410.1738,ABC
40.77699145,-81.40391596,OHSEC1P-2272050-406424-2272054-406450,407.6861,A
40.7769933,-81.39951486,OH1P-2273269-406440-2273272-406813,404.3604,C
40.77699477,-81.39966822,OHSEC1P-2273227-406440-2273223-406467,407.6804,C
40.77701864,-81.40301552,OHSEC1P-2272300-406437-2272274-406566,407.6897,C
40.77701864,-81.40301552,OHSEC1P-2272300-406437-2272299-406410,407.6902,C
40.77701864,-81.40301552,OHSECSRV-2272300-406437-2272251-406398,410.1742,ABC
40.77701864,-81.40301552,OHSECSRV-2272300-406437-2272253-406458,410.1741,ABC
40.77702242,-81.40482979,OHSECSRV-2271797-406432-2271772-406494,410.1652,ABC
40.77702855,-81.40170358,OHSECSRV-2272663-406445-2272639-406464,410.1626,ABC
40.77705067,-81.39984679,OHSECSRV-2273177-406460-2273227-406440,410.1607,ABC
40.77705099,-81.40515691,OHSEC1P-2271706-406441-2271704-406398,407.6837,B
40.77705241,-81.4007231,OHSECSRV-2272934-406457-2272991-406417,410.1703,ABC
40.77705241,-81.4007231,OHSECSRV-2272934-406457-2272992-406447,410.1704,ABC
40.77705591,-81.40415344,OHSEC1P-2271984-406446-2271987-406485,407.6865,A
40.77705752,-81.40423175,OHSECSRV-2271963-406447-2271984-406446,410.1691,ABC
40.77706192,-81.40390183,OHSECSRV-2272054-406450-2272082-406423,410.1689,ABC
40.77706327,-81.40274982,OHSECSRV-2272373-406454-2272358-406437,410.1737,ABC
40.77707051,-81.39968071,OHSEC1P-2273223-406467-2273295-406464,407.6803,C
40.7770785,-81.40202718,OHSEC1P-2272573-406462-2272566-406501,407.6815,B
40.7770785,-81.40202718,OHSEC1P-2272573-406462-2272574-406425,407.6816,B
40.7770785,-81.40202718,OHSECSRV-2272573-406462-2272543-406449,410.1629,ABC
40.7770807,-81.40178802,OHSEC1P-2272639-406464-2272573-406462,407.6814,B
40.77709092,-81.40105898,OHSECSRV-2272841-406470-2272879-406498,410.1725,ABC
40.77710231,-81.40051273,OHSECSRV-2272992-406476-2272934-406457,410.1716,ABC
40.77712517,-81.4028121,OHSEC1P-2272355-406476-2272358-406437,407.6896,C
40.77712807,-81.40296542,OH1P-2272313-406477-2272318-406761,404.3601,C
40.77714499,-81.39929635,OHSECSRV-2273329-406496-2273295-406464,410.161,ABC
40.77715944,-81.40398744,OH1P-2272030-406485-2272029-406309,404.3628,A
40.7771609,-81.4041408,OHSEC1P-2271987-406485-2271986-406530,407.6862,A
40.77716499,-81.40179352,OHSEC1P-2272637-406494-2272639-406464,407.6813,B
40.77716499,-81.40179352,OHSECSRV-2272637-406494-2272665-406525,410.1618,ABC
40.77716499,-81.40179352,OHSECSRV-2272637-406494-2272705-406524,410.162,ABC
40.77716564,-81.40194689,OH1P-2272595-406494-2272613-406744,404.3618,B
40.77716612,-81.40076794,OH1P-2272921-406498-2272914-406333,404.3633,A
40.77716759,-81.4009213,OHSEC1P-2272879-406498-2272882-406537,407.6878,A
40.77718549,-81.40204926,OHSECSRV-2272566-406501-2272505-406530,410.1628,ABC
40.77718549,-81.40204926,OHSECSRV-2272566-406501-2272545-406529,410.1627,ABC
40.77718549,-81.40204926,OHSECSRV-2272566-406501-2272585-406527,410.1638,ABC
40.77719351,-81.40491794,OHSEC1P-2271772-406494-2271706-406496,407.6834,B
40.77720234,-81.40515692,OHSEC1P-2271706-406496-2271706-406455,407.6836,B
40.77720234,-81.40515692,OHSEC1P-2271706-406496-2271707-406531,407.6835,B
40.77720234,-81.40515692,OHSECSRV-2271706-406496-2271686-406475,410.1654,ABC
40.77725267,-81.40183682,OHSECSRV-2272625-406526-2272637-406494,410.1624,ABC
40.77726406,-81.40050456,OHSECSRV-2272994-406535-2272937-406538,410.1702,ABC
40.77727383,-81.4009077,OHSEC1P-2272882-406537-2272937-406538,407.6879,A
40.77727514,-81.40070811,OHSEC1P-2272937-406538-2272934-406457,407.688,A
40.77727514,-81.40070811,OHSEC1P-2272937-406538-2272936-406625,407.6876,A
40.77727514,-81.40070811,OHSECSRV-2272937-406538-2272993-406506,410.1705,ABC
40.77727779,-81.40492344,OHSEC1P-2271770-406525-2271772-406494,407.6833,B
40.77727779,-81.40492344,OHSECSRV-2271770-406525-2271818-406551,410.1669,ABC
40.77727781,-81.40259445,OHSECSRV-2272415-406533-2272356-406565,410.1747,ABC
40.77727844,-81.40507681,OH1P-2271728-406524-2271746-406774,404.3622,B
40.77728388,-81.40414458,OHSEC1P-2271986-406530-2272052-406531,407.6863,A
40.77728482,-81.40390541,OHSEC1P-2272052-406531-2272038-406645,407.6866,A
40.77728482,-81.40390541,OHSEC1P-2272052-406531-2272054-406450,407.6864,A
40.77728482,-81.40390541,OHSECSRV-2272052-406531-2272085-406523,410.1692,ABC
40.77729801,-81.40515012,OHSECSRV-2271707-406531-2271685-406515,410.1653,ABC
40.77729801,-81.40515012,OHSECSRV-2271707-406531-2271695-406570,410.166,ABC
40.77732689,-81.40407362,OHSECSRV-2272005-406545-2271986-406530,410.1688,ABC
40.77733168,-81.40421793,OHSECSRV-2271965-406547-2271986-406530,410.1687,ABC
40.77733646,-81.40436224,OHSECSRV-2271925-406548-2271986-406530,410.1686,ABC
40.77735605,-81.40495301,OHSECSRV-2271761-406553-2271770-406525,410.1651,ABC
40.77735933,-81.40049976,OHSECSRV-2272995-406570-2272937-406538,410.1698,ABC
40.77736719,-81.40280542,OHSEC1P-2272356-406565-2272355-406476,407.6901,C
40.77736719,-81.40280542,OHSECSRV-2272356-406565-2272335-406535,410.1601,ABC
40.77736719,-81.40280542,OHSECSRV-2272356-406565-2272375-406534,410.1602,ABC
40.77737499,-81.40310055,OHSEC1P-2272274-406566-2272356-406565,407.68,C
40.77737499,-81.40310055,OHSECSRV-2272274-406566-2272215-406539,410.1739,ABC
40.77737499,-81.40310055,OHSECSRV-2272274-406566-2272255-406538,410.174,ABC
40.77737499,-81.40310055,OHSECSRV-2272274-406566-2272295-406536,410.16,ABC
40.77750705,-81.40307805,OHSEC1P-2272280-406615-2272274-406566,407.6893,C
40.77755044,-81.40195041,OHSEC1P-2272592-406634-2272566-406501,407.6812,B
40.77755232,-81.40070742,OHSEC1P-2272936-406639-2272937-406681,407.6877,A
40.7776319,-81.4040183,OH1P-2272019-406657-2272030-406485,404.3629,A
40.77763277,-81.40307737,OHSEC1P-2272280-406660-2272280-406629,407.6894,C
40.77763773,-81.40395299,OHSEC1P-2272037-406659-2272036-406750,407.6827,A
40.77766324,-81.40508036,OHSEC1P-2271725-406664-2271707-406531,407.6832,B
40.77766556,-81.40070203,OHSECSRV-2272937-406681-2272997-406660,410.1699,ABC
40.77766556,-81.40070203,OHSECSRV-2272937-406681-2272998-406702,410.17,ABC
40.77772376,-81.40193552,OHSEC1P-2272595-406697-2272592-406648,407.6811,B
40.77772376,-81.40193552,OHSEC1P-2272595-406697-2272595-406769,407.681,B
40.77774466,-81.40278899,OHSEC1P-2272359-406702-2272282-406702,407.689,C
40.77774669,-81.40306761,OHSEC1P-2272282-406702-2272280-406660,407.6892,C
40.77774669,-81.40306761,OHSEC1P-2272282-406702-2272289-406756,407.6891,C
40.77774669,-81.40306761,OHSECSRV-2272282-406702-2272220-406736,410.1735,ABC
40.77774669,-81.40306761,OHSECSRV-2272282-406702-2272260-406735,410.1734,ABC
40.77777927,-81.40074687,OH1P-2272924-406722-2272921-406498,404.3631,A
40.77778074,-81.40090023,OHSEC1P-2272882-406722-2272885-406761,407.6873,A
40.77778074,-81.40090023,OHSECSRV-2272882-406722-2272846-406665,410.1713,ABC
40.77778074,-81.40090023,OHSECSRV-2272882-406722-2272847-406706,410.1712,ABC
40.77781792,-81.40256721,OHSECSRV-2272420-406730-2272360-406761,410.173,ABC
40.77782271,-81.40271152,OHSECSRV-2272380-406731-2272360-406761,410.1731,ABC
40.77782749,-81.40285583,OHSECSRV-2272340-406732-2272359-406702,410.1736,ABC
40.77783228,-81.40300014,OHSECSRV-2272300-406733-2272282-406702,410.1732,ABC
40.77783656,-81.40506547,OHSEC1P-2271728-406728-2271725-406679,407.6831,B
40.77783656,-81.40506547,OHSEC1P-2271728-406728-2271728-406799,407.683,B
40.77784282,-81.4016625,OHSECSRV-2272670-406742-2272656-406744,410.1619,ABC
40.77784907,-81.40171626,OHSEC1P-2272656-406744-2272656-406772,407.6808,B
40.77784972,-81.40186963,OH1P-2272613-406744-2272610-406883,404.3621,B
40.7778622,-81.40390208,OHSEC1P-2272050-406741-2272036-406750,407.6807,A
40.77787178,-81.4041907,OHSECSRV-2271970-406744-2271985-406772,410.1659,ABC
40.77788698,-81.40088663,OHSEC1P-2272885-406761-2272940-406762,407.6874,A
40.77788698,-81.40088663,OHSECSRV-2272885-406761-2272848-406747,410.1711,ABC
40.77788698,-81.40088663,OHSECSRV-2272885-406761-2272849-406788,410.171,ABC
40.77788829,-81.40068704,OHSEC1P-2272940-406762-2272937-406681,407.6875,A
40.77788829,-81.40068704,OHSEC1P-2272940-406762-2272939-406799,407.6871,A
40.77788829,-81.40068704,OHSECSRV-2272940-406762-2272999-406743,410.1701,ABC
40.77789167,-81.4047905,OHSECSRV-2271804-406749-2271788-406774,410.1647,ABC
40.77790594,-81.40278164,OHSEC1P-2272360-406761-2272359-406702,407.6889,C
40.77790884,-81.40293497,OH1P-2272318-406761-2272326-406936,404.3634,C
40.77791895,-81.40193433,OHSECSRV-2272595-406769-2272510-406727,410.1623,ABC
40.77791895,-81.40193433,OHSECSRV-2272595-406769-2272550-406726,410.1621,ABC
40.77791895,-81.40193433,OHSECSRV-2272595-406769-2272590-406724,410.1622,ABC
40.77792507,-81.40171466,OHSEC1P-2272656-406772-2272595-406769,407.6809,B
40.77793261,-81.39606756,OH3P-2274219-406794-2274219-406696,406.116,ABC
40.77793724,-81.39654809,OH3P-2274086-406794-2274086-406696,406.115,ABC
40.77794166,-81.39700754,OH3P-2273959-406794-2273959-406696,406.114,ABC
40.77794605,-81.40047015,OHSECSRV-2273000-406784-2272940-406762,410.1714,ABC
40.77794613,-81.39747284,OH3P-2273830-406794-2273830-406696,406.113,ABC
40.77794676,-81.40398101,OH1P-2272028-406772-2272019-406657,404.3627,A
40.77794823,-81.40413438,OHSEC1P-2271985-406772-2271988-406798,407.6841,A
40.77794823,-81.40413438,OHSECSRV-2271985-406772-2271930-406745,410.168,ABC
40.77794823,-81.40413438,OHSECSRV-2271985-406772-2272010-406742,410.1616,ABC
40.77796188,-81.40484622,OHSEC1P-2271788-406774-2271788-406802,407.6828,B
40.77796253,-81.40499959,OH1P-2271746-406774-2271742-406913,404.3625,B
40.77797189,-81.40194136,OHSEC1P-2272593-406788-2272595-406769,407.6825,B
40.77798018,-81.39979968,OHSECSRV-2273186-406798-2273229-406813,410.1606,ABC
40.77801876,-81.39948875,OH1P-2273272-406813-2273272-407127,404.3603,C
40.77802135,-81.40412444,OHSEC1P-2271988-406798-2272054-406799,407.6848,A
40.77802229,-81.40388527,OHSEC1P-2272054-406799-2272036-406750,407.6849,A
40.77802229,-81.40388527,OHSEC1P-2272054-406799-2272054-406853,407.685,A
40.77802229,-81.40388527,OHSECSRV-2272054-406799-2272090-406740,410.1672,ABC
40.77802229,-81.40388527,OHSECSRV-2272054-406799-2272092-406817,410.1673,ABC
40.77802229,-81.40388527,OHSECSRV-2272054-406799-2272093-406857,410.1678,ABC
40.77802229,-81.40388527,OHSECSRV-2272054-406799-2272130-406739,410.1617,ABC
40.77803011,-81.40068859,OHSEC1P-2272939-406813-2272940-406855,407.6872,A
40.77803175,-81.40506429,OHSECSRV-2271728-406799-2271694-406789,410.1648,ABC
40.77803175,-81.40506429,OHSECSRV-2271728-406799-2271695-406829,410.165,ABC
40.77803175,-81.40506429,OHSECSRV-2271728-406799-2271702-406736,410.1649,ABC
40.77803788,-81.40484463,OHSEC1P-2271788-406802-2271728-406799,407.6829,B
40.77808288,-81.40418006,OHSECSRV-2271972-406820-2271988-406798,410.167,ABC
40.77808469,-81.40507132,OHSEC1P-2271725-406818-2271728-406799,407.6846,B
40.77808864,-81.40269811,OHSECSRV-2272383-406828-2272370-406885,410.1726,ABC
40.77810876,-81.40164908,OHSECSRV-2272673-406839-2272656-406772,410.1641,ABC
40.77812877,-81.40194127,OHSEC1P-2272592-406845-2272593-406802,407.6823,B
40.77812877,-81.40194127,OHSEC1P-2272592-406845-2272597-406934,407.6822,B
40.77812877,-81.40194127,OHSECSRV-2272592-406845-2272553-406842,410.1644,ABC
40.77814336,-81.4006832,OHSECSRV-2272940-406855-2273001-406825,410.1695,ABC
40.77814336,-81.4006832,OHSECSRV-2272940-406855-2273002-406865,410.1696,ABC
40.77815746,-81.40477258,OHSECSRV-2271808-406846-2271788-406802,410.1663,ABC
40.7782068,-81.40388375,OHSEC1P-2272054-406867-2272053-406912,407.6851,A
40.77821842,-81.40164355,OHSECSRV-2272674-406879-2272652-406883,410.164,ABC
40.77822575,-81.4051757,OHSECSRV-2271696-406869-2271725-406875,410.1636,ABC
40.77824157,-81.40507124,OHSEC1P-2271725-406875-2271725-406832,407.6844,B
40.77824157,-81.40507124,OHSEC1P-2271725-406875-2271730-406964,407.6843,B
40.77824157,-81.40507124,OHSECSRV-2271725-406875-2271697-406909,410.1666,ABC
40.77824649,-81.40274238,OHSEC1P-2272370-406885-2272303-406885,407.6887,C
40.77824738,-81.40417177,OHSECSRV-2271974-406880-2271988-406909,410.1671,ABC
40.77824778,-81.40298155,OHSEC1P-2272303-406885-2272289-406770,407.6895,C
40.77824778,-81.40298155,OHSEC1P-2272303-406885-2272302-406966,407.6888,C
40.77824778,-81.40298155,OHSECSRV-2272303-406885-2272262-406811,410.1733,ABC
40.77824778,-81.40298155,OHSECSRV-2272303-406885-2272264-406871,410.1729,ABC
40.77825706,-81.40072804,OH1P-2272927-406896-2272924-406722,404.363,A
40.77825853,-81.4008814,OHSEC1P-2272885-406896-2272888-406935,407.6868,A
40.77825853,-81.4008814,OHSECSRV-2272885-406896-2272850-406829,410.1709,ABC
40.77825853,-81.4008814,OHSECSRV-2272885-406896-2272851-406870,410.1708,ABC
40.77832195,-81.40476429,OHSECSRV-2271809-406906-2271785-406914,410.1662,ABC
40.77832651,-81.40412033,OHSEC1P-2271988-406909-2271991-406948,407.6855,A
40.77832809,-81.40163802,OHSECSRV-2272675-406919-2272654-406940,410.1645,ABC
40.77833265,-81.40388324,OHSECSRV-2272053-406912-2272094-406897,410.1675,ABC
40.77833265,-81.40388324,OHSECSRV-2272053-406912-2272095-406937,410.1676,ABC
40.77836281,-81.40268428,OHSECSRV-2272385-406928-2272369-406936,410.1694,ABC
40.77836477,-81.4008678,OHSEC1P-2272888-406935-2272943-406936,407.6869,A
40.77836477,-81.4008678,OHSECSRV-2272888-406935-2272852-406911,410.1707,ABC
40.77836477,-81.4008678,OHSECSRV-2272888-406935-2272853-406952,410.169,ABC
40.77836608,-81.40066821,OHSEC1P-2272943-406936-2272940-406855,407.687,A
40.77836608,-81.40066821,OHSEC1P-2272943-406936-2272946-407022,407.6867,A
40.77836608,-81.40066821,OHSECSRV-2272943-406936-2273003-406906,410.1697,ABC
40.77837347,-81.40191746,OHSEC1P-2272597-406934-2272606-407024,407.6826,B
40.77837347,-81.40191746,OHSECSRV-2272597-406934-2272555-406922,410.1643,ABC
40.77837347,-81.40191746,OHSECSRV-2272597-406934-2272556-406962,410.1642,ABC
40.77838607,-81.40274364,OHSEC1P-2272369-406936-2272370-406885,407.6886,C
40.77838857,-81.40171337,OHSEC1P-2272654-406940-2272597-406934,407.6821,B
40.77838857,-81.40171337,OHSEC1P-2272654-406940-2272652-406883,407.6824,B
40.77838857,-81.40171337,OHSECSRV-2272654-406940-2272676-406959,410.1646,ABC
40.77839636,-81.40044742,OHSECSRV-2273004-406948-2272943-406936,410.1715,ABC
40.77841188,-81.40416348,OHSECSRV-2271975-406940-2271988-406909,410.1677,ABC
40.77843003,-81.40395432,OH1P-2272033-406948-2272028-406772,404.3626,A
40.77843149,-81.40410768,OHSEC1P-2271991-406948-2271989-406972,407.6852,A
40.77843162,-81.40475876,OHSECSRV-2271810-406945-2271787-406971,410.1667,ABC
40.7784707,-81.40298155,OHSECSRV-2272302-406966-2272265-406931,410.1728,ABC
40.7784707,-81.40298155,OHSECSRV-2272302-406966-2272266-406971,410.1727,ABC
40.77848628,-81.40504744,OHSEC1P-2271730-406964-2271739-407054,407.6847,B
40.77848628,-81.40504744,OHSECSRV-2271730-406964-2271698-406949,410.1665,ABC
40.77848628,-81.40504744,OHSECSRV-2271730-406964-2271699-406989,410.1664,ABC
40.77849923,-81.40411238,OHSEC1P-2271989-406972-2272055-406974,407.6853,A
40.77850017,-81.4038732,OHSEC1P-2272055-406974-2272053-406912,407.6854,A
40.77850017,-81.4038732,OHSEC1P-2272055-406974-2272057-407038,407.6856,A
40.77850017,-81.4038732,OHSECSRV-2272055-406974-2272096-406977,410.1679,ABC
40.77850138,-81.40484336,OHSEC1P-2271787-406971-2271730-406964,407.6842,B
40.77850138,-81.40484336,OHSEC1P-2271787-406971-2271785-406914,407.6845,B
40.77850138,-81.40484336,OHSECSRV-2271787-406971-2271811-406985,410.1668,ABC
40.77852154,-81.40415795,OHSECSRV-2271976-406980-2271989-406972,410.1674,ABC
40.77860109,-81.40300158,OHSEC1P-2272296-407013-2272302-406966,407.6806,C
40.77864036,-81.40065303,OHSEC1P-2272946-407036-2272947-407077,407.6783,A
40.77867216,-81.40162066,OHSECSRV-2272678-407044-2272655-407071,410.1354,ABC
40.77870572,-81.40205263,OHSECSRV-2272558-407055-2272605-407070,410.1348,ABC
40.77871519,-81.40386456,OHSEC1P-2272057-407052-2272056-407076,407.6774,A
40.77872681,-81.4030009,OHSEC1P-2272296-407059-2272296-407027,407.6641,C
40.77872681,-81.4030009,OHSECSRV-2272296-407059-2272269-407064,410.1214,ABC
40.77873469,-81.40084713,OHSECSRV-2272892-407070-2272856-407067,410.1419,ABC
40.77874539,-81.40188362,OHSEC1P-2272605-407070-2272606-407038,407.6747,B
40.77874784,-81.4017016,OHSEC1P-2272655-407071-2272669-407121,407.6746,B
40.77874784,-81.4017016,OHSECSRV-2272655-407071-2272679-407074,410.1343,ABC
40.77874784,-81.4017016,OHSECSRV-2272655-407071-2272680-407102,410.1366,ABC
40.7787536,-81.40064764,OHSECSRV-2272947-407077-2273007-407041,410.14,ABC
40.7787536,-81.40064764,OHSECSRV-2272947-407077-2273008-407084,410.1401,ABC
40.77877515,-81.40414516,OHSECSRV-2271979-407073-2272001-407117,410.1388,ABC
40.77878006,-81.40386494,OHSECSRV-2272056-407076-2272099-407069,410.1391,ABC
40.77879489,-81.40474045,OHSECSRV-2271814-407078-2271788-407102,410.1378,ABC
40.77880835,-81.40514633,OHSECSRV-2271701-407081-2271738-407100,410.1387,ABC
40.77884534,-81.40265994,OHSECSRV-2272390-407104-2272373-407116,410.1215,ABC
40.77885819,-81.40501362,OHSEC1P-2271738-407100-2271739-407068,407.6764,B
40.77886065,-81.40483161,OHSEC1P-2271788-407102-2271802-407151,407.6763,B
40.77886065,-81.40483161,OHSECSRV-2271788-407102-2271815-407121,410.1386,ABC
40.77886878,-81.40084584,OHSEC1P-2272892-407118-2272892-407070,407.6785,A
40.77886878,-81.40084584,OHSEC1P-2272892-407118-2272895-407157,407.678,A
40.77886878,-81.40084584,OHSECSRV-2272892-407118-2272858-407131,410.1418,ABC
40.77887904,-81.4027208,OHSEC1P-2272373-407116-2272375-407157,407.664,C
40.77887904,-81.4027208,OHSECSRV-2272373-407116-2272389-407060,410.1212,ABC
40.77888155,-81.40188052,OHSEC1P-2272605-407119-2272605-407070,407.6744,B
40.77888155,-81.40188052,OHSEC1P-2272605-407119-2272607-407193,407.6743,B
40.77888155,-81.40188052,OHSECSRV-2272605-407119-2272560-407098,410.1355,ABC
40.77888155,-81.40188052,OHSECSRV-2272605-407119-2272561-407140,410.1352,ABC
40.77888402,-81.40164967,OHSEC1P-2272669-407121-2272605-407119,407.6742,B
40.77889441,-81.40413915,OHSECSRV-2271980-407116-2272001-407117,410.1389,ABC
40.77889523,-81.40406315,OHSEC1P-2272001-407117-2272000-407139,407.6768,A
40.77892394,-81.39920599,OHSECSRV-2273346-407144-2273314-407127,410.1605,ABC
40.77892577,-81.40160786,OHSECSRV-2272681-407136-2272669-407121,410.1357,ABC
40.77895741,-81.40406482,OHSEC1P-2272000-407139-2272063-407141,407.6769,A
40.77895845,-81.40383615,OHSEC1P-2272063-407141-2272056-407076,407.677,A
40.77895845,-81.40383615,OHSEC1P-2272063-407141-2272063-407167,407.6771,A
40.77895845,-81.40383615,OHSECSRV-2272063-407141-2272100-407113,410.1393,ABC
40.77895845,-81.40383615,OHSECSRV-2272063-407141-2272101-407154,410.1394,ABC
40.77896049,-81.40265413,OHSECSRV-2272391-407145-2272373-407116,410.1209,ABC
40.77897502,-81.40083224,OHSEC1P-2272895-407157-2272958-407158,407.6781,A
40.77897502,-81.40083224,OHSECSRV-2272895-407157-2272859-407173,410.1417,ABC
40.77897502,-81.40083224,OHSECSRV-2272895-407157-2272860-407215,410.1416,ABC
40.77897605,-81.40060357,OHSEC1P-2272958-407158-2272947-407077,407.6782,A
40.77897605,-81.40060357,OHSEC1P-2272958-407158-2272954-407231,407.6778,A
40.77897605,-81.40060357,OHSECSRV-2272958-407158-2273009-407126,410.1421,ABC
40.77897605,-81.40060357,OHSECSRV-2272958-407158-2273011-407210,410.1402,ABC
40.7789934,-81.40270995,OHSEC1P-2272375-407157-2272298-407157,407.6637,C
40.77899435,-81.40501053,OHSEC1P-2271738-407150-2271738-407100,407.6761,B
40.77899435,-81.40501053,OHSEC1P-2271738-407150-2271739-407223,407.676,B
40.77899435,-81.40501053,OHSECSRV-2271738-407150-2271702-407125,410.1379,ABC
40.77899435,-81.40501053,OHSECSRV-2271738-407150-2271703-407167,410.1377,ABC
40.77899543,-81.40298858,OHSEC1P-2272298-407157-2272296-407059,407.6639,C
40.77899543,-81.40298858,OHSEC1P-2272298-407157-2272304-407238,407.6638,C
40.77899543,-81.40298858,OHSECSRV-2272298-407157-2272270-407128,410.1213,ABC
40.77899683,-81.40477967,OHSEC1P-2271802-407151-2271738-407150,407.6759,B
40.77900157,-81.40041688,OHSECSRV-2273010-407168-2272958-407158,410.142,ABC
40.77900956,-81.40413335,OHSECSRV-2271981-407158-2272000-407139,410.139,ABC
40.77901223,-81.40164509,OHSEC1P-2272670-407168-2272669-407121,407.6741,B
40.77901289,-81.40179846,OH1P-2272627-407168-2272631-407298,404.3568,B
40.7790293,-81.40472864,OHSECSRV-2271816-407163-2271802-407151,410.1381,ABC
40.77904091,-81.40160206,OHSECSRV-2272682-407178-2272670-407168,410.1346,ABC
40.77906856,-81.40383587,OHSEC1P-2272063-407181-2272065-407199,407.6697,A
40.77907563,-81.40264833,OHSECSRV-2272392-407187-2272363-407196,410.1208,ABC
40.77908193,-81.39943475,OH1P-2273282-407201-2273296-407562,404.3508,C
40.77908227,-81.40187198,OHSECSRV-2272607-407193-2272562-407182,410.1351,ABC
40.77908227,-81.40187198,OHSECSRV-2272607-407193-2272563-407224,410.135,ABC
40.77909468,-81.39974301,OHSECSRV-2273196-407205-2273239-407201,410.1056,ABC
40.7791006,-81.40275278,OHSEC1P-2272363-407196-2272375-407157,407.6636,C
40.77910349,-81.40290611,OH1P-2272320-407197-2272329-407372,404.355,C
40.77911953,-81.40382957,OHSECSRV-2272065-407199-2272102-407196,410.1315,ABC
40.7791247,-81.40412754,OHSECSRV-2271982-407200-2271998-407224,410.1313,ABC
40.77912504,-81.4047751,OHSEC1P-2271803-407198-2271802-407151,407.6758,B
40.77912569,-81.40492848,OH1P-2271760-407198-2271763-407329,404.3571,B
40.77915606,-81.40159625,OHSECSRV-2272683-407220-2272670-407168,410.1347,ABC
40.77917765,-81.40186008,OHSEC1P-2272610-407227-2272607-407193,407.674,B
40.77918942,-81.40391564,OH1P-2272040-407224-2272043-407117,404.3572,A
40.77919078,-81.40264252,OHSECSRV-2272393-407229-2272363-407196,410.1207,ABC
40.77919088,-81.40406901,OHSEC1P-2271998-407224-2271996-407247,407.6714,A
40.77919507,-81.40500199,OHSECSRV-2271739-407223-2271705-407209,410.1376,ABC
40.77919507,-81.40500199,OHSECSRV-2271739-407223-2271706-407251,410.1375,ABC
40.77920202,-81.40471993,OHSECSRV-2271818-407226-2271803-407198,410.1373,ABC
40.77921466,-81.40061443,OHSEC1P-2272954-407245-2272955-407286,407.6779,A
40.77921788,-81.40296366,OHSECSRV-2272304-407238-2272272-407212,410.1211,ABC
40.77921788,-81.40296366,OHSECSRV-2272304-407238-2272274-407275,410.121,ABC
40.77925309,-81.40407379,OHSEC1P-2271996-407247-2272062-407248,407.6715,A
40.77925309,-81.40407379,OHSECSRV-2271996-407247-2271984-407263,410.1332,ABC
40.77925403,-81.40383461,OHSEC1P-2272062-407248-2272062-407306,407.6717,A
40.77925403,-81.40383461,OHSEC1P-2272062-407248-2272065-407199,407.6716,A
40.77925403,-81.40383461,OHSECSRV-2272062-407248-2272103-407238,410.1316,ABC
40.77925403,-81.40383461,OHSECSRV-2272062-407248-2272104-407280,410.1317,ABC
40.77929046,-81.4049901,OHSEC1P-2271742-407258-2271739-407223,407.6757,B
40.77930593,-81.40263671,OHSECSRV-2272394-407271-2272363-407196,410.1203,ABC
40.77931462,-81.40080843,OHSECSRV-2272900-407281-2272861-407257,410.1415,ABC
40.77931462,-81.40080843,OHSECSRV-2272900-407281-2272862-407299,410.1414,ABC
40.77932791,-81.40060903,OHSECSRV-2272955-407286-2273012-407252,410.1397,ABC
40.77932791,-81.40060903,OHSECSRV-2272955-407286-2273013-407294,410.1398,ABC
40.77933106,-81.40295645,OHSEC1P-2272305-407279-2272304-407238,407.6643,C
40.7793713,-81.40162715,OHSEC1P-2272673-407299-2272671-407361,407.6736,B
40.7793713,-81.40162715,OHSECSRV-2272673-407299-2272684-407262,410.1339,ABC
40.7793713,-81.40162715,OHSECSRV-2272673-407299-2272685-407304,410.1344,ABC
40.77937196,-81.40178053,OH1P-2272631-407298-2272631-407553,404.3567,B
40.77939531,-81.40185899,OHSEC1P-2272609-407307-2272606-407356,407.6738,B
40.77939531,-81.40185899,OHSEC1P-2272609-407307-2272610-407241,407.6739,B
40.77939531,-81.40185899,OHSECSRV-2272609-407307-2272564-407266,410.1349,ABC
40.77939531,-81.40185899,OHSECSRV-2272609-407307-2272565-407308,410.1345,ABC
40.77942477,-81.40262134,OHSECSRV-2272398-407315-2272372-407320,410.1202,ABC
40.77944115,-81.40271352,OHSEC1P-2272372-407320-2272306-407320,407.6634,C
40.77944161,-81.40065387,OH1P-2272942-407328-2272934-407118,404.3574,A
40.77944243,-81.4029527,OHSEC1P-2272306-407320-2272305-407293,407.6642,C
40.77944243,-81.4029527,OHSEC1P-2272306-407320-2272313-407401,407.6635,C
40.77944243,-81.4029527,OHSECSRV-2272306-407320-2272262-407359,410.1205,ABC
40.77944243,-81.4029527,OHSECSRV-2272306-407320-2272275-407317,410.1206,ABC
40.77944308,-81.40080724,OHSEC1P-2272900-407328-2272900-407281,407.6784,A
40.77944308,-81.40080724,OHSEC1P-2272900-407328-2272903-407366,407.6775,A
40.77944959,-81.40383291,OHSEC1P-2272062-407320-2272066-407365,407.6718,A
40.77945874,-81.39542002,OH3P-2274392-407352-2274490-407352,406.117,ABC
40.77947015,-81.40411012,OHSECSRV-2271985-407326-2271996-407362,410.1314,ABC
40.77948411,-81.40475718,OHSEC1P-2271806-407329-2271804-407391,407.6753,B
40.77948411,-81.40475718,OHSECSRV-2271806-407329-2271819-407289,410.1385,ABC
40.77948411,-81.40475718,OHSECSRV-2271806-407329-2271820-407331,410.1371,ABC
40.77948476,-81.40491056,OH1P-2271763-407329-2271763-407583,404.357,B
40.77949822,-81.40272097,OHSECSRV-2272370-407341-2272372-407320,410.1201,ABC
40.77950151,-81.40157882,OHSECSRV-2272686-407346-2272671-407361,410.1341,ABC
40.77950811,-81.40498902,OHSEC1P-2271742-407337-2271739-407386,407.6755,B
40.77950811,-81.40498902,OHSEC1P-2271742-407337-2271742-407272,407.6756,B
40.77950811,-81.40498902,OHSECSRV-2271742-407337-2271707-407293,410.1374,ABC
40.77950811,-81.40498902,OHSECSRV-2271742-407337-2271708-407335,410.1372,ABC
40.77952979,-81.40186608,OHSECSRV-2272606-407356-2272546-407373,410.1342,ABC
40.77952979,-81.40186608,OHSECSRV-2272606-407356-2272621-407378,410.1356,ABC
40.7795413,-81.40163198,OHSEC1P-2272671-407361-2272606-407356,407.6737,B
40.77954932,-81.40079364,OHSEC1P-2272903-407366-2272967-407368,407.6776,A
40.77954932,-81.40079364,OHSECSRV-2272903-407366-2272863-407341,410.1413,ABC
40.77954932,-81.40079364,OHSECSRV-2272903-407366-2272865-407384,410.1412,ABC
40.77955035,-81.40056497,OHSEC1P-2272967-407368-2272955-407286,407.6777,A
40.77955035,-81.40056497,OHSEC1P-2272967-407368-2272963-407435,407.6772,A
40.77955035,-81.40056497,OHSECSRV-2272967-407368-2273014-407336,410.1399,ABC
40.7795693,-81.40406949,OHSEC1P-2271996-407362-2271999-407397,407.6726,A
40.77957531,-81.40381786,OHSECSRV-2272066-407365-2272105-407322,410.133,ABC
40.77957531,-81.40381786,OHSECSRV-2272066-407365-2272106-407364,410.1319,ABC
40.77957531,-81.40381786,OHSECSRV-2272066-407365-2272107-407408,410.132,ABC
40.77958073,-81.40271478,OHSEC1P-2272371-407371-2272372-407320,407.6633,C
40.77958143,-81.40038761,OHSECSRV-2273016-407380-2272967-407368,410.1331,ABC
40.77958362,-81.40286811,OH1P-2272329-407372-2272339-407570,404.3549,C
40.77960504,-81.40469962,OHSECSRV-2271821-407373-2271804-407391,410.1369,ABC
40.77961604,-81.40267167,OHSECSRV-2272383-407384-2272371-407371,410.12,ABC
40.77961807,-81.40149162,OHSECSRV-2272710-407389-2272671-407361,410.134,ABC
40.77963714,-81.39806003,OH3P-2273660-407408-2273562-407408,406.112,ABC
40.7796426,-81.40499612,OHSECSRV-2271739-407386-2271709-407377,410.137,ABC
40.7796426,-81.40499612,OHSECSRV-2271739-407386-2271710-407420,410.138,ABC
40.77964699,-81.40410121,OHSECSRV-2271987-407391-2271999-407397,410.1318,ABC
40.77965411,-81.40476202,OHSEC1P-2271804-407391-2271739-407386,407.6754,B
40.77966177,-81.40390366,OH1P-2272042-407397-2272040-407224,404.3564,A
40.77966324,-81.40405703,OHSEC1P-2271999-407397-2271997-407421,407.6719,A
40.77966508,-81.40292362,OHSECSRV-2272313-407401-2272263-407403,410.1204,ABC
40.7797243,-81.40469361,OHSECSRV-2271822-407417-2271804-407391,410.1368,ABC
40.77973097,-81.40406172,OHSEC1P-2271997-407421-2272064-407422,407.672,A
40.77973191,-81.40382254,OHSEC1P-2272064-407422-2272064-407473,407.6728,A
40.77973191,-81.40382254,OHSEC1P-2272064-407422-2272066-407365,407.6721,A
40.77977512,-81.40057242,OHSEC1P-2272963-407450-2272964-407491,407.6773,A
40.77978818,-81.40184999,OHSEC1P-2272610-407450-2272606-407356,407.6735,B
40.77980372,-81.39460974,OH3P-2274614-407481-2274631-408837,406.118,ABC
40.77981243,-81.39541413,OH3P-2274392-407481-2274614-407481,406.11808,ABC
40.77985719,-81.40091836,OHSECSRV-2272867-407478-2272901-407532,410.1409,ABC
40.77986889,-81.40156011,OHSECSRV-2272690-407480-2272675-407496,410.1353,ABC
40.77988836,-81.40056702,OHSECSRV-2272964-407491-2273018-407474,410.1392,ABC
40.77988836,-81.40056702,OHSECSRV-2272964-407491-2273019-407516,410.1395,ABC
40.77990098,-81.40498004,OHSEC1P-2271742-407480-2271739-407386,407.6752,B
40.77990402,-81.40260635,OHSECSRV-2272400-407489-2272383-407530,410.1194,ABC
40.77990961,-81.40381948,OHSEC1P-2272064-407487-2272065-407528,407.6729,A
40.77991092,-81.40290684,OHSEC1P-2272316-407491-2272313-407401,407.6632,C
40.7799119,-81.40161231,OHSEC1P-2272675-407496-2272673-407553,407.6745,B
40.7799119,-81.40161231,OHSECSRV-2272675-407496-2272690-407516,410.1363,ABC
40.77995298,-81.40408559,OHSECSRV-2271990-407502-2272009-407570,410.1405,ABC
40.78000235,-81.40064094,OH1P-2272943-407532-2272942-407328,404.3573,A
40.78000242,-81.39805564,OH3P-2273659-407541-2273561-407541,406.111,ABC
40.78000313,-81.40260123,OHSECSRV-2272401-407525-2272383-407530,410.1195,ABC
40.78000381,-81.40079431,OHSEC1P-2272901-407532-2272904-407571,407.6765,A
40.78000381,-81.40079431,OHSECSRV-2272901-407532-2272868-407521,410.1408,ABC
40.78001679,-81.40266569,OHSEC1P-2272383-407530-2272316-407530,407.6629,C
40.78001742,-81.40303418,OHSECSRV-2272281-407529-2272316-407530,410.1425,ABC
40.78001807,-81.40290487,OHSEC1P-2272316-407530-2272315-407611,407.663,C
40.78001807,-81.40290487,OHSEC1P-2272316-407530-2272317-407505,407.6631,C
40.78001807,-81.40290487,OHSECSRV-2272316-407530-2272280-407493,410.1199,ABC
40.78001807,-81.40290487,OHSECSRV-2272316-407530-2272282-407565,410.1198,ABC
40.78001863,-81.39878593,OH3P-2273457-407544-2273561-407541,406.11101,ABC
40.78002285,-81.4038141,OHSECSRV-2272065-407528-2272110-407498,410.1324,ABC
40.78002285,-81.4038141,OHSECSRV-2272065-407528-2272111-407534,410.1325,ABC
40.78002471,-81.40474237,OHSEC1P-2271808-407526-2271806-407584,407.6762,B
40.78002471,-81.40474237,OHSECSRV-2271808-407526-2271825-407525,410.1382,ABC
40.78005198,-81.40408048,OHSECSRV-2271991-407538-2272009-407570,410.1321,ABC
40.7800573,-81.39969353,OHSECSRV-2273206-407555-2273253-407562,410.1055,ABC
40.78006108,-81.40184798,OHSEC1P-2272609-407549-2272606-407600,407.6733,B
40.78006108,-81.40184798,OHSEC1P-2272609-407549-2272610-407464,407.6734,B
40.78006108,-81.40184798,OHSECSRV-2272609-407549-2272570-407502,410.1338,ABC
40.78006108,-81.40184798,OHSECSRV-2272609-407549-2272571-407556,410.1337,ABC
40.78006628,-81.40154987,OHSECSRV-2272691-407552-2272673-407553,410.1312,ABC
40.78007023,-81.4016161,OHSEC1P-2272673-407553-2272675-407603,407.6731,B
40.78007088,-81.40176948,OH1P-2272631-407553-2272635-407646,404.3575,B
40.78007247,-81.39936833,OH1P-2273296-407562-2273297-407617,404.3507,C
40.78011005,-81.40078071,OHSEC1P-2272904-407571-2272964-407572,407.6766,A
40.78011005,-81.40078071,OHSECSRV-2272904-407571-2272893-407608,410.1407,ABC
40.78011123,-81.40056657,OHSEC1P-2272964-407572-2272964-407491,407.6767,A
40.78011123,-81.40056657,OHSECSRV-2272964-407572-2273021-407560,410.1396,ABC
40.78012323,-81.40266803,OHSEC1P-2272382-407569-2272383-407530,407.6628,C
40.78012323,-81.40266803,OHSEC1P-2272382-407569-2272394-407627,407.6786,C
40.78012323,-81.40266803,OHSECSRV-2272382-407569-2272402-407561,410.1424,ABC
40.78012612,-81.40282136,OH1P-2272339-407570-2272352-407646,404.3548,C
40.78013656,-81.40385894,OH1P-2272052-407570-2272042-407397,404.3565,A
40.78013802,-81.40401231,OHSEC1P-2272009-407570-2272013-407608,407.6722,A
40.78015068,-81.40407536,OHSECSRV-2271992-407574-2272009-407570,410.1322,ABC
40.780154,-81.39471294,OH3P-2274584-407608-2274595-408807,406.119,ABC
40.78016166,-81.39540831,OH3P-2274392-407608-2274584-407608,406.11906,ABC
40.78017035,-81.40467067,OHSECSRV-2271827-407579-2271806-407584,410.1358,ABC
40.78017389,-81.40497804,OHSEC1P-2271742-407579-2271739-407618,407.675,B
40.78017389,-81.40497804,OHSEC1P-2271742-407579-2271742-407494,407.6751,B
40.78017389,-81.40497804,OHSECSRV-2271742-407579-2271712-407511,410.136,ABC
40.78017389,-81.40497804,OHSECSRV-2271742-407579-2271713-407547,410.1367,ABC
40.78017389,-81.40497804,OHSECSRV-2271742-407579-2271714-407583,410.1362,ABC
40.78018304,-81.40474616,OHSEC1P-2271806-407584-2271808-407621,407.6748,B
40.78018369,-81.40489954,OH1P-2271763-407583-2271781-407682,404.3569,B
40.78019688,-81.40035486,OHSECSRV-2273022-407604-2272964-407572,410.1411,ABC
40.78020109,-81.40185498,OHSECSRV-2272606-407600-2272533-407630,410.1335,ABC
40.78020109,-81.40185498,OHSECSRV-2272606-407600-2272573-407629,410.1336,ABC
40.78020693,-81.40160623,OHSEC1P-2272675-407603-2272606-407600,407.6732,B
40.78020693,-81.40160623,OHSECSRV-2272675-407603-2272733-407624,410.1364,ABC
40.78021733,-81.40251784,OHSECSRV-2272423-407604-2272394-407627,410.1193,ABC
40.7802207,-81.40106298,OHSECSRV-2272826-407610-2272904-407571,410.1406,ABC
40.78024099,-81.40290487,OHSECSRV-2272315-407611-2272244-407639,410.1197,ABC
40.78024099,-81.40290487,OHSECSRV-2272315-407611-2272283-407638,410.1426,ABC
40.78024099,-81.40290487,OHSECSRV-2272315-407611-2272323-407637,410.1196,ABC
40.78024112,-81.4035745,OHSECSRV-2272130-407609-2272113-407643,410.1329,ABC
40.78024112,-81.4035745,OHSECSRV-2272130-407609-2272154-407642,410.1403,ABC
40.78024426,-81.40399871,OHSEC1P-2272013-407608-2272076-407610,407.6723,A
40.7802453,-81.40377005,OHSEC1P-2272076-407610-2272065-407528,407.6724,A
40.7802453,-81.40377005,OHSEC1P-2272076-407610-2272130-407609,407.6725,A
40.7802453,-81.40377005,OHSECSRV-2272076-407610-2272073-407645,410.1327,ABC
40.7802453,-81.40377005,OHSECSRV-2272076-407610-2272112-407570,410.1326,ABC
40.78025102,-81.40414719,OHSEC1P-2271971-407610-2272013-407608,407.6727,A
40.78026691,-81.4015402,OHSECSRV-2272693-407625-2272675-407603,410.1333,ABC
40.78027145,-81.40061775,OH1P-2272949-407630-2272943-407532,404.3566,A
40.78027169,-81.40168452,OHSECSRV-2272653-407627-2272675-407603,410.1334,ABC
40.78027647,-81.40182883,OHSECSRV-2272613-407628-2272606-407600,410.1365,ABC
40.78028075,-81.40498559,OHSECSRV-2271739-407618-2271696-407656,410.1361,ABC
40.78028236,-81.40262188,OHSECSRV-2272394-407627-2272363-407636,410.1423,ABC
40.78028236,-81.40262188,OHSECSRV-2272394-407627-2272424-407659,410.1422,ABC
40.78028239,-81.40536834,OH3P-2271633-407618-2271599-406324,406.11116,ABC
40.78028659,-81.40473685,OHSEC1P-2271808-407621-2271739-407618,407.6749,B
40.78028659,-81.40473685,OHSECSRV-2271808-407621-2271865-407651,410.1383,ABC
40.78029886,-81.39936784,OH1P-2273295-407645-2273296-407684,404.3506,C
40.78031806,-81.4003485,OHSECSRV-2273023-407648-2272964-407572,410.141,ABC
40.78034607,-81.40392141,OHSECSRV-2272033-407646-2272013-407608,410.1404,ABC
40.78034826,-81.40061995,OH1P-2272948-407658-2272957-407697,404.3511,A
40.78035084,-81.40406572,OHSECSRV-2271993-407647-2271971-407610,410.1323,ABC
40.78035166,-81.39805144,OH3P-2273659-407668-2273561-407668,406.11,ABC
40.78035543,-81.40420931,OHSECSRV-2271954-407648-2271971-407610,410.1328,ABC
40.78037065,-81.40466554,OHSECSRV-2271827-407652-2271808-407621,410.1359,ABC
40.78037735,-81.40486849,OHSECSRV-2271771-407654-2271739-407618,410.1384,ABC
40.78038747,-81.39874073,OH3P-2273468-407679-2273561-407668,406.11014,ABC
40.78040051,-81.40385244,OH1P-2272052-407666-2272052-407570,404.3563,A
40.78040197,-81.40174778,OH1P-2272635-407674-2272630-407693,404.3512,B
40.78040641,-81.39900672,OH3P-2273394-407685-2273468-407679,406.11005,ABC
40.78040732,-81.39919595,OH3P-2273342-407685-2273296-407684,406.11007,ABC
40.78040818,-81.39936282,OH3P-2273296-407684-2272957-407697,406.11008,ABC
40.78041329,-81.40277438,OH1P-2272351-407674-2272348-407713,404.3515,C
40.78042622,-81.40536715,OH3P-2271633-407670-2271643-407734,406.11004,ABC
40.78045471,-81.40058429,OH3P-2272957-407697-2272630-407693,406.11009,ABC
40.78045518,-81.40176563,OH3P-2272630-407693-2272348-407713,406.1101,ABC
40.78047733,-81.40385183,OH1P-2272052-407694-2272054-407723,404.3516,A
40.7805179,-81.39935689,OH1P-2273297-407724-2273296-407684,404.3509,B
40.78052017,-81.40278233,OH3P-2272348-407713-2272054-407723,406.11011,ABC
40.78052127,-81.39481587,OH3P-2274554-407741-2274567-408777,406.12,ABC
40.78052691,-81.39540222,OH3P-2274392-407741-2274554-407741,406.12035,ABC
40.7805309,-81.40483237,OH1P-2271780-407710-2271782-407736,404.3518,B
40.78053919,-81.40176215,OH1P-2272630-407724-2272630-407693,404.3513,A
40.78055496,-81.39874304,OH3P-2273466-407740-2273468-407679,406.11006,ABC
40.78055795,-81.40384491,OH3P-2272054-407723-2271782-407736,406.11012,ABC
40.78056443,-81.40057836,OH1P-2272958-407737-2272957-407697,404.351,C
40.78057618,-81.39966627,OHSECSRV-2273211-407744-2273250-407765,410.1102,ABC
40.78060185,-81.40482562,OH3P-2271782-407736-2271742-407736,406.11013,ABC
40.78060372,-81.40516024,OH3P-2271689-407735-2271643-407734,406.11003,ABC
40.78062041,-81.4055936,OH3P-2271569-407740-2271643-407734,406.11001,ABC
40.78062989,-81.4027764,OH1P-2272349-407753-2272348-407713,404.3514,C
40.7806321,-81.39952396,OHSEC1P-2273250-407765-2273252-407788,407.6566,B
40.78064546,-81.39927613,OHSECSRV-2273318-407771-2273362-407740,410.1084,ABC
40.78064546,-81.39927613,OHSECSRV-2273318-407771-2273363-407780,410.1085,ABC
40.78065721,-81.40382639,OH1P-2272058-407759-2272054-407723,404.3517,B
40.78067726,-81.4008753,OHSECSRV-2272875-407777-2272913-407822,410.1057,ABC
40.78068477,-81.40049735,OHSECSRV-2272980-407781-2273026-407751,410.106,ABC
40.78068477,-81.40049735,OHSECSRV-2272980-407781-2273027-407794,410.1061,ABC
40.78068584,-81.39966044,OHSECSRV-2273212-407784-2273252-407788,410.1081,ABC
40.78069325,-81.39936257,OH1P-2273294-407788-2273296-407752,404.3534,B
40.78069473,-81.39951593,OHSEC1P-2273252-407788-2273250-407859,407.6551,B
40.78069879,-81.39874184,OH3P-2273466-407792-2273480-408854,406.11023,ABC
40.78070535,-81.39804718,OH3P-2273658-407797-2273490-407797,406.109,ABC
40.78072092,-81.40405539,OHSECSRV-2271995-407782-2272016-407802,410.1237,ABC
40.7807221,-81.40483582,OH1P-2271779-407780-2271782-407736,404.3519,A
40.78072216,-81.40255175,OHSECSRV-2272411-407788-2272381-407790,410.1219,ABC
40.78072898,-81.40265977,OHSECSRV-2272381-407790-2272410-407768,410.1171,ABC
40.78072898,-81.40265977,OHSECSRV-2272381-407790-2272412-407807,410.1172,ABC
40.78074017,-81.40314354,OHSECSRV-2272247-407792-2272314-407831,410.1168,ABC
40.78075555,-81.40510169,OHSECSRV-2271705-407791-2271734-407832,410.1288,ABC
40.78076898,-81.40532993,OH3P-2271641-407795-2271643-407734,406.11002,ABC
40.78077568,-81.40397581,OHSEC1P-2272016-407802-2272018-407825,407.6661,B
40.78078905,-81.40372798,OHSECSRV-2272085-407808-2272121-407778,410.1223,ABC
40.78078905,-81.40372798,OHSECSRV-2272085-407808-2272122-407816,410.1224,ABC
40.78079526,-81.404753,OHSECSRV-2271801-407807-2271831-407787,410.1291,ABC
40.78079887,-81.40058268,OH1P-2272956-407822-2272957-407765,404.352,C
40.78080034,-81.40073605,OHSEC1P-2272913-407822-2272912-407861,407.6533,C
40.78082258,-81.39965317,OHSECSRV-2273213-407834-2273250-407859,410.1082,ABC
40.78082479,-81.40404985,OHSECSRV-2271996-407820-2272018-407825,410.122,ABC
40.78083684,-81.40381442,OH1P-2272061-407825-2272058-407787,404.3551,B
40.78083831,-81.40396778,OHSEC1P-2272018-407825-2272017-407896,407.6644,B
40.78084308,-81.40274511,OH1P-2272357-407831-2272348-407781,404.3545,C
40.78084441,-81.40464155,OHSECSRV-2271832-407825-2271801-407807,410.1285,ABC
40.78084454,-81.40289848,OHSEC1P-2272314-407831-2272313-407870,407.6611,C
40.78084454,-81.40289848,OHSECSRV-2272314-407831-2272304-407790,410.1218,ABC
40.78085065,-81.40086607,OHSECSRV-2272877-407840-2272912-407861,410.1058,ABC
40.78086515,-81.40483907,OH1P-2271777-407832-2271778-407808,404.356,A
40.78086662,-81.40499244,OHSEC1P-2271734-407832-2271737-407887,407.6698,A
40.78086836,-81.3992797,OHSEC1P-2273316-407852-2273316-407877,407.6554,B
40.78086836,-81.3992797,OHSEC1P-2273316-407852-2273318-407771,407.6553,B
40.78086836,-81.3992797,OHSECSRV-2273316-407852-2273364-407820,410.1086,ABC
40.78086836,-81.3992797,OHSECSRV-2273316-407852-2273365-407860,410.1087,ABC
40.78088877,-81.4029983,OHSECSRV-2272287-407847-2272313-407870,410.1169,ABC
40.78088953,-81.39951852,OHSEC1P-2273250-407859-2273316-407852,407.6552,B
40.78090675,-81.4007401,OHSEC1P-2272912-407861-2272978-407862,407.6534,C
40.78090768,-81.40050092,OHSEC1P-2272978-407862-2272978-407887,407.6536,C
40.78090768,-81.40050092,OHSEC1P-2272978-407862-2272980-407781,407.6535,C
40.78090768,-81.40050092,OHSECSRV-2272978-407862-2273028-407836,410.1062,ABC
40.78090768,-81.40050092,OHSECSRV-2272978-407862-2273029-407878,410.1063,ABC
40.78092348,-81.4040446,OHSECSRV-2271997-407856-2272018-407825,410.124,ABC
40.78095095,-81.40290253,OHSEC1P-2272313-407870-2272379-407871,407.6612,C
40.78095189,-81.40266335,OHSEC1P-2272379-407871-2272379-407896,407.6614,C
40.78095189,-81.40266335,OHSEC1P-2272379-407871-2272381-407790,407.6613,C
40.78095189,-81.40266335,OHSECSRV-2272379-407871-2272413-407861,410.1173,ABC
40.78095189,-81.40266335,OHSECSRV-2272379-407871-2272415-407915,410.1174,ABC
40.78096579,-81.40085995,OHSECSRV-2272878-407882-2272912-407861,410.1059,ABC
40.78097552,-81.39927945,OHSEC1P-2273316-407891-2273320-407937,407.6555,B
40.78098674,-81.39964443,OHSECSRV-2273215-407894-2273250-407859,410.1083,ABC
40.78098746,-81.40299305,OHSECSRV-2272288-407883-2272313-407870,410.117,ABC
40.78101195,-81.40373156,OHSEC1P-2272083-407889-2272083-407914,407.6647,B
40.78101195,-81.40373156,OHSEC1P-2272083-407889-2272085-407808,407.6646,B
40.78101195,-81.40373156,OHSECSRV-2272083-407889-2272123-407870,410.1225,ABC
40.78101195,-81.40373156,OHSECSRV-2272083-407889-2272125-407924,410.1226,ABC
40.78101484,-81.40050067,OHSEC1P-2272978-407901-2272981-407947,407.6537,C
40.78101709,-81.40498123,OHSEC1P-2271737-407887-2271799-407888,407.6699,A
40.78101709,-81.40498123,OHSECSRV-2271737-407887-2271706-407847,410.1311,ABC
40.78101762,-81.40174461,OH1P-2272633-407898-2272630-407752,404.3537,A
40.78101817,-81.40475659,OHSEC1P-2271799-407888-2271801-407807,407.67,A
40.78101817,-81.40475659,OHSEC1P-2271799-407888-2271803-407913,407.6701,A
40.78101817,-81.40475659,OHSECSRV-2271799-407888-2271833-407861,410.1292,ABC
40.78101817,-81.40475659,OHSECSRV-2271799-407888-2271834-407897,410.1293,ABC
40.78101817,-81.40475659,OHSECSRV-2271799-407888-2271835-407933,410.1309,ABC
40.78101909,-81.40189798,OHSEC1P-2272591-407898-2272589-407941,407.6569,A
40.78102217,-81.40403936,OHSECSRV-2271998-407892-2272017-407896,410.1221,ABC
40.78103311,-81.40397038,OHSEC1P-2272017-407896-2272083-407889,407.6645,B
40.78105687,-81.40508566,OHSECSRV-2271708-407901-2271737-407887,410.1289,ABC
40.78105905,-81.4026631,OHSEC1P-2272379-407910-2272382-407956,407.6615,C
40.78108093,-81.40085382,OHSECSRV-2272880-407924-2272912-407944,410.1078,ABC
40.7810889,-81.40298766,OHSECSRV-2272289-407920-2272313-407953,410.1217,ABC
40.78110124,-81.39926439,OHSECSRV-2273320-407937-2273366-407893,410.1105,ABC
40.78110124,-81.39926439,OHSECSRV-2273320-407937-2273367-407920,410.1091,ABC
40.78110124,-81.39926439,OHSECSRV-2273320-407937-2273368-407955,410.1092,ABC
40.78111911,-81.40373132,OHSEC1P-2272083-407928-2272086-407974,407.6648,B
40.78112086,-81.40403411,OHSECSRV-2271999-407928-2272017-407896,410.1222,ABC
40.78112519,-81.40474181,OHSEC1P-2271803-407927-2271806-407973,407.6702,A
40.78113285,-81.40158679,OHSEC1P-2272676-407941-2272684-408177,407.6541,A
40.78113456,-81.40073725,OHSEC1P-2272912-407944-2272915-407976,407.6548,C
40.78113654,-81.40190185,OHSEC1P-2272589-407941-2272676-407941,407.6571,A
40.78114055,-81.40048562,OHSECSRV-2272981-407947-2273030-407920,410.1067,ABC
40.78114055,-81.40048562,OHSECSRV-2272981-407947-2273032-407962,410.1068,ABC
40.78115125,-81.39963568,OHSECSRV-2273217-407954-2273253-407974,410.1088,ABC
40.78115556,-81.40508042,OHSECSRV-2271709-407937-2271737-407970,410.129,ABC
40.78117876,-81.40289969,OHSEC1P-2272313-407953-2272316-407985,407.6623,C
40.78117987,-81.40147926,OHSECSRV-2272706-407958-2272676-407941,410.1109,ABC
40.78118476,-81.40264806,OHSECSRV-2272382-407956-2272416-407951,410.1178,ABC
40.78118476,-81.40264806,OHSECSRV-2272382-407956-2272417-407987,410.1179,ABC
40.78118759,-81.40298241,OHSECSRV-2272290-407956-2272313-407953,410.119,ABC
40.78119189,-81.40170663,OHSECSRV-2272643-407962-2272676-407941,410.1108,ABC
40.7811949,-81.40193386,OHSECSRV-2272580-407962-2272589-407941,410.1107,ABC
40.78119607,-81.4008477,OHSECSRV-2272881-407966-2272915-407976,410.1064,ABC
40.78120428,-81.39934991,OH1P-2273295-407974-2273294-407788,404.3535,B
40.78120575,-81.39950328,OHSEC1P-2273253-407974-2273251-408017,407.6556,B
40.7812215,-81.40057151,OH1P-2272957-407976-2272956-407822,404.3532,C
40.78122297,-81.40072488,OHSEC1P-2272915-407976-2272913-408027,407.6538,C
40.78124483,-81.40371627,OHSECSRV-2272086-407974-2272126-407960,410.123,ABC
40.78124483,-81.40371627,OHSECSRV-2272086-407974-2272127-407996,410.1231,ABC
40.7812449,-81.4049784,OHSEC1P-2271737-407970-2271740-408008,407.671,A
40.7812509,-81.40472676,OHSECSRV-2271806-407973-2271836-407969,410.1297,ABC
40.7812509,-81.40472676,OHSECSRV-2271806-407973-2271837-408005,410.1298,ABC
40.78125425,-81.40507517,OHSECSRV-2271710-407973-2271737-407970,410.1306,ABC
40.78126571,-81.40273395,OH1P-2272358-407985-2272357-407831,404.3546,C
40.78126717,-81.40288732,OHSEC1P-2272316-407985-2272314-408036,407.6616,C
40.7812689,-81.40402624,OHSECSRV-2272000-407982-2272020-408011,410.1227,ABC
40.7812811,-81.3996287,OHSECSRV-2273218-408001-2273251-408017,410.1089,ABC
40.78128354,-81.40297731,OHSECSRV-2272291-407991-2272316-407985,410.1175,ABC
40.78131121,-81.40084157,OHSECSRV-2272882-408008-2272913-408027,410.1065,ABC
40.78132321,-81.39950715,OHSEC1P-2273251-408017-2273318-408018,407.6557,B
40.78132414,-81.39926796,OHSEC1P-2273318-408018-2273317-408043,407.6559,B
40.78132414,-81.39926796,OHSEC1P-2273318-408018-2273320-407937,407.6558,B
40.78132414,-81.39926796,OHSECSRV-2273318-408018-2273369-407995,410.1093,ABC
40.78132414,-81.39926796,OHSECSRV-2273318-408018-2273370-408035,410.1094,ABC
40.78134787,-81.4038018,OH1P-2272062-408011-2272061-407825,404.3552,B
40.78134842,-81.40481238,OH1P-2271782-408008-2271777-407832,404.3561,A
40.78134933,-81.40395517,OHSEC1P-2272020-408011-2272018-408054,407.6649,B
40.78134988,-81.40496575,OHSEC1P-2271740-408008-2271738-408053,407.6703,A
40.78135294,-81.40506993,OHSECSRV-2271711-408009-2271740-408008,410.1294,ABC
40.78136253,-81.40072838,OHSEC1P-2272913-408027-2272979-408028,407.6539,C
40.78136346,-81.40048919,OHSEC1P-2272979-408028-2272979-408055,407.6574,C
40.78136346,-81.40048919,OHSEC1P-2272979-408028-2272981-407947,407.654,C
40.78136346,-81.40048919,OHSECSRV-2272979-408028-2273033-408003,410.1069,ABC
40.78136346,-81.40048919,OHSECSRV-2272979-408028-2273034-408045,410.107,ABC
40.78138223,-81.40297206,OHSECSRV-2272292-408027-2272314-408036,410.1176,ABC
40.78138427,-81.39962329,OHSECSRV-2273219-408039-2273251-408017,410.109,ABC
40.78140673,-81.40289082,OHSEC1P-2272314-408036-2272380-408037,407.6617,C
40.78140767,-81.40265164,OHSEC1P-2272380-408037-2272380-408064,407.6626,C
40.78140767,-81.40265164,OHSEC1P-2272380-408037-2272382-407956,407.6618,C
40.78140767,-81.40265164,OHSECSRV-2272380-408037-2272418-408023,410.118,ABC
40.78140767,-81.40265164,OHSECSRV-2272380-408037-2272419-408059,410.1181,ABC
40.78141694,-81.40401837,OHSECSRV-2272002-408036-2272018-408054,410.1228,ABC
40.78142635,-81.40083544,OHSECSRV-2272883-408050-2272913-408027,410.1066,ABC
40.7814313,-81.39926771,OHSEC1P-2273317-408057-2273320-408100,407.656,B
40.78145163,-81.40506468,OHSECSRV-2271712-408045-2271738-408053,410.1295,ABC
40.78146679,-81.40395904,OHSEC1P-2272018-408054-2272084-408055,407.665,B
40.78146773,-81.40371985,OHSEC1P-2272084-408055-2272084-408080,407.6652,B
40.78146773,-81.40371985,OHSEC1P-2272084-408055-2272086-407974,407.6651,B
40.78146773,-81.40371985,OHSECSRV-2272084-408055-2272128-408032,410.1232,ABC
40.78147287,-81.40496954,OHSEC1P-2271738-408053-2271804-408054,407.6704,A
40.78147381,-81.40473035,OHSEC1P-2271804-408054-2271804-408080,407.6712,A
40.78147381,-81.40473035,OHSEC1P-2271804-408054-2271806-407973,407.6705,A
40.78147381,-81.40473035,OHSECSRV-2271804-408054-2271838-408041,410.131,ABC
40.78147381,-81.40473035,OHSECSRV-2271804-408054-2271839-408077,410.1299,ABC
40.78147486,-81.40048722,OHSEC1P-2272979-408069-2272980-408110,407.6575,C
40.78148092,-81.40296681,OHSECSRV-2272293-408063-2272314-408036,410.1177,ABC
40.78150289,-81.39961695,OHSECSRV-2273220-408082-2273257-408137,410.1095,ABC
40.78151563,-81.40401312,OHSECSRV-2272003-408072-2272018-408054,410.1229,ABC
40.78151907,-81.40264967,OHSEC1P-2272380-408078-2272381-408119,407.6627,C
40.78154149,-81.40082932,OHSECSRV-2272884-408092-2272921-408152,410.1071,ABC
40.78154872,-81.39925437,OHSECSRV-2273320-408100-2273371-408078,410.1098,ABC
40.78154872,-81.39925437,OHSECSRV-2273320-408100-2273372-408122,410.1099,ABC
40.78155033,-81.40505944,OHSECSRV-2271713-408081-2271738-408053,410.1296,ABC
40.78157489,-81.40371961,OHSEC1P-2272084-408094-2272087-408137,407.6653,B
40.78157961,-81.40296156,OHSECSRV-2272294-408099-2272322-408160,410.1182,ABC
40.78158521,-81.40472839,OHSEC1P-2271804-408094-2271805-408136,407.6713,A
40.7815881,-81.40048183,OHSECSRV-2272980-408110-2273035-408087,410.1074,ABC
40.7815881,-81.40048183,OHSECSRV-2272980-408110-2273036-408129,410.1075,ABC
40.78162351,-81.39961053,OHSECSRV-2273221-408126-2273257-408137,410.1096,ABC
40.78163231,-81.40264428,OHSECSRV-2272381-408119-2272420-408095,410.1185,ABC
40.78163231,-81.40264428,OHSECSRV-2272381-408119-2272421-408131,410.1186,ABC
40.78164902,-81.40505419,OHSECSRV-2271714-408117-2271742-408177,410.13,ABC
40.78165164,-81.39932639,OH1P-2273300-408137-2273295-407974,404.3536,B
40.78165311,-81.39947976,OHSEC1P-2273257-408137-2273246-408180,407.6561,B
40.78166366,-81.40400525,OHSECSRV-2272004-408126-2272024-408174,410.1233,ABC
40.78169231,-81.40370627,OHSECSRV-2272087-408137-2272130-408104,410.1235,ABC
40.78169517,-81.40171075,OH1P-2272639-408145-2272633-407898,404.3538,A
40.78169845,-81.404723,OHSECSRV-2271805-408136-2271840-408131,410.1303,ABC
40.78170194,-81.40054121,OH1P-2272963-408152-2272957-407976,404.3533,C
40.78170341,-81.40069458,OHSEC1P-2272921-408152-2272908-408190,407.6543,C
40.7817142,-81.40082013,OHSECSRV-2272886-408155-2272921-408152,410.1072,ABC
40.78173865,-81.3996044,OHSECSRV-2273222-408168-2273246-408180,410.1106,ABC
40.78174615,-81.40270367,OH1P-2272364-408160-2272358-407985,404.3547,C
40.78174762,-81.40285704,OHSEC1P-2272322-408160-2272325-408199,407.6619,C
40.78174762,-81.40285704,OHSECSRV-2272322-408160-2272295-408134,410.1216,ABC
40.7817709,-81.39951789,OHSEC1P-2273246-408180-2273322-408181,407.6562,B
40.78177149,-81.3992434,OHSEC1P-2273322-408181-2273320-408100,407.6563,B
40.78177149,-81.3992434,OHSEC1P-2273322-408181-2273323-408223,407.6564,B
40.78177149,-81.3992434,OHSECSRV-2273322-408181-2273373-408163,410.11,ABC
40.78177149,-81.3992434,OHSECSRV-2273322-408181-2273375-408205,410.1101,ABC
40.78177699,-81.40295107,OHSECSRV-2272296-408170-2272322-408160,410.1183,ABC
40.78179523,-81.4037783,OH1P-2272066-408174-2272062-408011,404.3553,B
40.78179669,-81.40393167,OHSEC1P-2272024-408174-2272025-408217,407.6654,B
40.78179705,-81.40504633,OHSECSRV-2271715-408170-2271742-408177,410.1301,ABC
40.78181021,-81.40073913,OHSEC1P-2272908-408190-2272985-408191,407.6544,C
40.78181076,-81.40046048,OHSEC1P-2272985-408191-2272980-408110,407.6545,C
40.78181076,-81.40046048,OHSEC1P-2272985-408191-2272987-408233,407.6546,C
40.78181076,-81.40046048,OHSECSRV-2272985-408191-2273037-408171,410.1076,ABC
40.78181076,-81.40046048,OHSECSRV-2272985-408191-2273039-408213,410.1077,ABC
40.7818117,-81.40399738,OHSECSRV-2272006-408179-2272024-408174,410.1234,ABC
40.78181174,-81.40170882,OHSEC1P-2272639-408187-2272617-408209,407.657,A
40.78181243,-81.40479693,OH1P-2271784-408177-2271782-408008,404.3562,A
40.78181389,-81.4049503,OHSEC1P-2271742-408177-2271741-408208,407.6706,A
40.78182049,-81.40154602,OHSEC1P-2272684-408191-2272696-408213,407.6542,A
40.78182685,-81.40144484,OHSECSRV-2272712-408194-2272696-408213,410.1112,ABC
40.78185379,-81.39959827,OHSECSRV-2273224-408210-2273248-408222,410.1097,ABC
40.78185386,-81.40284344,OHSEC1P-2272325-408199-2272386-408200,407.662,C
40.78185497,-81.40262294,OHSEC1P-2272386-408200-2272381-408119,407.6621,C
40.78185497,-81.40262294,OHSEC1P-2272386-408200-2272388-408242,407.6622,C
40.78185497,-81.40262294,OHSECSRV-2272386-408200-2272422-408167,410.1187,ABC
40.78185497,-81.40262294,OHSECSRV-2272386-408200-2272423-408203,410.1188,ABC
40.78187164,-81.40179034,OHSEC1P-2272617-408209-2272696-408213,407.6572,A
40.78187164,-81.40179034,OHSECSRV-2272617-408209-2272587-408198,410.1113,ABC
40.78187569,-81.40294582,OHSECSRV-2272297-408206-2272311-408241,410.1184,ABC
40.78187927,-81.40150417,OHSEC1P-2272696-408213-2272697-408249,407.6573,A
40.78188535,-81.39950887,OHSEC1P-2273248-408222-2273246-408180,407.6567,B
40.78188553,-81.39923961,OHSEC1P-2273323-408223-2273322-408255,407.6568,B
40.78188553,-81.39923961,OHSECSRV-2273323-408223-2273376-408246,410.1104,ABC
40.78188691,-81.40081094,OHSECSRV-2272888-408218-2272910-408232,410.1073,ABC
40.78189817,-81.40495161,OHSEC1P-2271741-408208-2271808-408209,407.6707,A
40.78189908,-81.40470839,OHSEC1P-2271808-408209-2271805-408136,407.6708,A
40.78189908,-81.40470839,OHSEC1P-2271808-408209-2271810-408258,407.6709,A
40.78189908,-81.40470839,OHSECSRV-2271808-408209-2271842-408185,410.1304,ABC
40.78189908,-81.40470839,OHSECSRV-2271808-408209-2271842-408210,410.1305,ABC
40.78191039,-81.40399214,OHSECSRV-2272007-408215-2272025-408217,410.1241,ABC
40.78191406,-81.4039262,OHSEC1P-2272025-408217-2272089-408218,407.6655,B
40.78191508,-81.40369532,OHSEC1P-2272089-408218-2272087-408137,407.6656,B
40.78191508,-81.40369532,OHSEC1P-2272089-408218-2272089-408260,407.6659,B
40.78191508,-81.40369532,OHSECSRV-2272089-408218-2272132-408194,410.1236,ABC
40.78192466,-81.40073011,OHSEC1P-2272910-408232-2272908-408190,407.6549,C
40.78192476,-81.40045255,OHSEC1P-2272987-408233-2272986-408265,407.655,C
40.78192476,-81.40045255,OHSECSRV-2272987-408233-2273040-408255,410.108,ABC
40.78192554,-81.40143959,OHSECSRV-2272713-408230-2272696-408213,410.1111,ABC
40.7819367,-81.4016667,OHSECSRV-2272651-408233-2272617-408209,410.111,ABC
40.78194509,-81.40503846,OHSECSRV-2271717-408224-2271743-408245,410.1302,ABC
40.78195929,-81.40248596,OHSECSRV-2272424-408239-2272388-408242,410.1189,ABC
40.78196552,-81.39959232,OHSECSRV-2273225-408251-2273248-408222,410.1103,ABC
40.78196887,-81.40289258,OHSEC1P-2272311-408241-2272325-408199,407.6624,C
40.78196897,-81.40261501,OHSEC1P-2272388-408242-2272387-408273,407.6625,C
40.78196897,-81.40261501,OHSECSRV-2272388-408242-2272425-408276,410.1192,ABC
40.78197864,-81.4014977,OHSEC1P-2272697-408249-2272695-408279,407.6577,A
40.78198903,-81.40175428,OHSECSRV-2272626-408252-2272617-408209,410.1116,ABC
40.78199357,-81.40189138,OHSECSRV-2272588-408253-2272617-408209,410.1115,ABC
40.78199811,-81.40202849,OHSECSRV-2272550-408254-2272617-408209,410.1114,ABC
40.78200158,-81.40494278,OHSEC1P-2271743-408245-2271741-408208,407.6711,A
40.78200221,-81.40080483,OHSECSRV-2272889-408260-2272910-408232,410.1079,ABC
40.78201124,-81.39924094,OHSEC1P-2273322-408269-2273332-408331,407.6565,B
40.78202491,-81.40143312,OHSECSRV-2272715-408266-2272697-408249,410.1117,ABC
40.78202783,-81.40293773,OHSECSRV-2272298-408262-2272311-408241,410.1191,ABC
40.78202837,-81.40390265,OHSEC1P-2272031-408259-2272025-408217,407.6662,B
40.78202912,-81.40369154,OHSEC1P-2272089-408260-2272088-408291,407.6663,B
40.78202912,-81.40369154,OHSECSRV-2272089-408260-2272134-408267,410.1239,ABC
40.78203518,-81.4047001,OHSEC1P-2271810-408258-2271810-408305,407.6658,A
40.78203518,-81.4047001,OHSECSRV-2271810-408258-2271844-408265,410.1308,ABC
40.78205048,-81.40045388,OHSEC1P-2272986-408279-2272995-408367,407.6547,C
40.78206254,-81.40398405,OHSECSRV-2272008-408271-2272031-408259,410.1238,ABC
40.78209469,-81.40261635,OHSEC1P-2272387-408287-2272391-408384,407.6516,C
40.78209724,-81.40503037,OHSECSRV-2271718-408280-2271743-408245,410.1307,ABC
40.78209912,-81.40150411,OHSEC1P-2272695-408293-2272688-408382,407.6576,A
40.78215484,-81.40369288,OHSEC1P-2272088-408306-2272098-408367,407.666,B
40.7821809,-81.39920312,OHSECSRV-2273332-408331-2273378-408339,410.1121,ABC
40.7822015,-81.40469862,OHSEC1P-2271810-408319-2271815-408408,407.6657,A
40.78222352,-81.39964907,OHSECSRV-2273208-408345-2273265-408394,410.1118,ABC
40.78226699,-81.39944931,OHSEC1P-2273263-408361-2273265-408394,407.6592,B
40.78227437,-81.39940239,OHSECSRV-2273276-408364-2273263-408361,410.1138,ABC
40.78228782,-81.40187573,OHSECSRV-2272591-408360-2272622-408407,410.1005,ABC
40.78229269,-81.40041653,OHSECSRV-2272995-408367-2273065-408346,410.1148,ABC
40.78229269,-81.40041653,OHSECSRV-2272995-408367-2273066-408391,410.1149,ABC
40.78232037,-81.40078787,OHSECSRV-2272892-408376-2272928-408392,410.1145,ABC
40.78232433,-81.40297618,OHSECSRV-2272286-408370-2272324-408409,410.1044,ABC
40.78232449,-81.40365507,OHSECSRV-2272098-408367-2272138-408393,410.1244,ABC
40.78234474,-81.40152391,OHSECSRV-2272688-408382-2272717-408375,410.1008,ABC
40.78234688,-81.39964251,OHSECSRV-2273209-408390-2273263-408419,410.1119,ABC
40.78235611,-81.39944018,OHSEC1P-2273265-408394-2273263-408419,407.6578,B
40.78235984,-81.4025969,OHSECSRV-2272391-408384-2272427-408365,410.1033,ABC
40.78235984,-81.4025969,OHSECSRV-2272391-408384-2272428-408404,410.1034,ABC
40.78236405,-81.40065597,OHSEC1P-2272928-408392-2272927-408447,407.6595,C
40.78238162,-81.40470352,OHSECSRV-2271808-408385-2271815-408408,410.1269,ABC
40.78238734,-81.4048758,OHSECSRV-2271760-408386-2271753-408434,410.1279,ABC
40.78239416,-81.40508146,OHSECSRV-2271703-408388-2271753-408434,410.1248,ABC
40.7824038,-81.39920669,OHSEC1P-2273330-408412-2273329-408437,407.6581,B
40.7824038,-81.39920669,OHSEC1P-2273330-408412-2273332-408331,407.658,B
40.7824038,-81.39920669,OHSECSRV-2273330-408412-2273379-408384,410.1122,ABC
40.7824038,-81.39920669,OHSECSRV-2273330-408412-2273381-408427,410.1123,ABC
40.78240796,-81.40396569,OHSECSRV-2272012-408397-2272030-408398,410.126,ABC
40.78241057,-81.40390126,OHSEC1P-2272030-408398-2272032-408430,407.6678,B
40.7824161,-81.40176335,OHSEC1P-2272622-408407-2272620-408462,407.65,A
40.7824161,-81.40176335,OHSECSRV-2272622-408407-2272592-408399,410.1009,ABC
40.78242497,-81.39944551,OHSEC1P-2273263-408419-2273330-408412,407.6579,B
40.78242988,-81.40297056,OHSECSRV-2272287-408408-2272324-408409,410.103,ABC
40.7824312,-81.40283634,OHSEC1P-2272324-408409-2272323-408464,407.6517,C
40.7824467,-81.40467482,OHSECSRV-2271815-408408-2271865-408383,410.1267,ABC
40.78246243,-81.39956588,OHSECSRV-2273230-408432-2273263-408419,410.112,ABC
40.78249969,-81.40389214,OHSEC1P-2272032-408430-2272030-408456,407.6664,B
40.78250267,-81.40077817,OHSECSRV-2272894-408442-2272927-408447,410.1146,ABC
40.78251097,-81.39920644,OHSEC1P-2273329-408451-2273333-408497,407.6582,B
40.78251466,-81.40065929,OHSEC1P-2272927-408447-2272993-408448,407.6596,C
40.78251559,-81.4004201,OHSEC1P-2272993-408448-2272993-408473,407.6598,C
40.78251559,-81.4004201,OHSEC1P-2272993-408448-2272995-408367,407.6597,C
40.78251559,-81.4004201,OHSECSRV-2272993-408448-2273045-408430,410.115,ABC
40.78251559,-81.4004201,OHSECSRV-2272993-408448-2273045-408459,410.1151,ABC
40.78251559,-81.4004201,OHSECSRV-2272993-408448-2273046-408488,410.1,ABC
40.78251792,-81.40489974,OHSEC1P-2271753-408434-2271751-408488,407.668,A
40.78251792,-81.40489974,OHSECSRV-2271753-408434-2271722-408426,410.1287,ABC
40.78253131,-81.40296517,OHSECSRV-2272288-408445-2272323-408464,410.1031,ABC
40.78256671,-81.40176668,OHSEC1P-2272620-408462-2272686-408463,407.6501,A
40.78256671,-81.40176668,OHSECSRV-2272620-408462-2272593-408436,410.1004,ABC
40.78256764,-81.40152748,OHSEC1P-2272686-408463-2272686-408488,407.6503,A
40.78256764,-81.40152748,OHSEC1P-2272686-408463-2272688-408382,407.6502,A
40.78256764,-81.40152748,OHSECSRV-2272686-408463-2272719-408432,410.101,ABC
40.78256764,-81.40152748,OHSECSRV-2272686-408463-2272720-408469,410.1011,ABC
40.78256764,-81.40152748,OHSECSRV-2272686-408463-2272721-408506,410.1028,ABC
40.78256856,-81.40389748,OHSEC1P-2272030-408456-2272096-408457,407.6665,B
40.7825695,-81.40365829,OHSEC1P-2272096-408457-2272096-408474,407.6667,B
40.7825695,-81.40365829,OHSEC1P-2272096-408457-2272098-408367,407.6666,B
40.7825695,-81.40365829,OHSECSRV-2272096-408457-2272139-408450,410.1245,ABC
40.7825695,-81.40365829,OHSECSRV-2272096-408457-2272140-408487,410.1246,ABC
40.78257519,-81.4039568,OHSECSRV-2272013-408458-2272030-408456,410.1243,ABC
40.78258031,-81.3995596,OHSECSRV-2273231-408475-2273266-408534,410.1141,ABC
40.78258181,-81.40283967,OHSEC1P-2272323-408464-2272389-408465,407.6518,C
40.78258275,-81.40260048,OHSEC1P-2272389-408465-2272389-408490,407.652,C
40.78258275,-81.40260048,OHSEC1P-2272389-408465-2272391-408384,407.6519,C
40.78258275,-81.40260048,OHSECSRV-2272389-408465-2272429-408441,410.1035,ABC
40.78258275,-81.40260048,OHSECSRV-2272389-408465-2272430-408478,410.1036,ABC
40.78259623,-81.40185932,OHSECSRV-2272594-408473-2272620-408462,410.1006,ABC
40.78262055,-81.4007719,OHSECSRV-2272895-408485-2272927-408447,410.1147,ABC
40.78262276,-81.40041985,OHSEC1P-2272993-408487-2272996-408533,407.6599,C
40.78263095,-81.40290565,OHSECSRV-2272304-408482-2272323-408464,410.1032,ABC
40.78263668,-81.39919138,OHSECSRV-2273333-408497-2273382-408492,410.1127,ABC
40.78265456,-81.40365841,OHSEC1P-2272096-408488-2272099-408534,407.6668,B
40.78266852,-81.40490306,OHSEC1P-2271751-408488-2271817-408490,407.6681,A
40.78266852,-81.40490306,OHSECSRV-2271751-408488-2271723-408463,410.1286,ABC
40.78266946,-81.40466387,OHSEC1P-2271817-408490-2271815-408408,407.6682,A
40.78266946,-81.40466387,OHSEC1P-2271817-408490-2271817-408515,407.6683,A
40.78266946,-81.40466387,OHSECSRV-2271817-408490-2271849-408440,410.1268,ABC
40.78266946,-81.40466387,OHSECSRV-2271817-408490-2271851-408514,410.1284,ABC
40.78267481,-81.40152724,OHSEC1P-2272686-408502-2272689-408548,407.6504,A
40.78268991,-81.40260023,OHSEC1P-2272389-408504-2272392-408550,407.6521,C
40.78269766,-81.40185393,OHSECSRV-2272595-408510-2272620-408545,410.1007,ABC
40.78269819,-81.39955333,OHSECSRV-2273232-408518-2273266-408534,410.1124,ABC
40.78270035,-81.40499832,OHSECSRV-2271724-408500-2271751-408488,410.1265,ABC
40.78272733,-81.40394871,OHSECSRV-2272015-408513-2272030-408456,410.1242,ABC
40.78273238,-81.40290026,OHSECSRV-2272305-408519-2272323-408547,410.1051,ABC
40.78273843,-81.40076563,OHSECSRV-2272896-408528-2272927-408530,410.1165,ABC
40.78273972,-81.3992769,OH1P-2273309-408534-2273308-408394,404.3541,B
40.7827412,-81.39943028,OHSEC1P-2273266-408534-2273264-408577,407.6583,B
40.78274247,-81.40065644,OHSEC1P-2272927-408530-2272930-408568,407.6607,C
40.78274847,-81.4004048,OHSECSRV-2272996-408533-2273047-408513,410.1155,ABC
40.78274847,-81.4004048,OHSECSRV-2272996-408533-2273048-408567,410.1003,ABC
40.78274847,-81.4004048,OHSECSRV-2272996-408533-2273049-408535,410.1156,ABC
40.78277663,-81.40466363,OHSEC1P-2271817-408529-2271820-408595,407.6684,A
40.78278027,-81.40364336,OHSECSRV-2272099-408534-2272142-408542,410.125,ABC
40.78279452,-81.40176383,OHSEC1P-2272620-408545-2272623-408584,407.6512,A
40.78279909,-81.40184853,OHSECSRV-2272596-408547-2272620-408545,410.1025,ABC
40.78280052,-81.40151219,OHSECSRV-2272689-408548-2272722-408543,410.1015,ABC
40.78280052,-81.40151219,OHSECSRV-2272689-408548-2272723-408580,410.1016,ABC
40.78280178,-81.40499293,OHSECSRV-2271726-408537-2271751-408571,410.1266,ABC
40.78280962,-81.40283682,OHSEC1P-2272323-408547-2272326-408585,407.6529,C
40.78281562,-81.40258518,OHSECSRV-2272392-408550-2272431-408515,410.104,ABC
40.78281562,-81.40258518,OHSECSRV-2272392-408550-2272432-408552,410.1041,ABC
40.78281562,-81.40258518,OHSECSRV-2272392-408550-2272433-408589,410.1054,ABC
40.78281607,-81.39954705,OHSECSRV-2273233-408561-2273264-408577,410.1125,ABC
40.78283381,-81.40289487,OHSECSRV-2272306-408556-2272323-408547,410.105,ABC
40.78284599,-81.40049041,OH1P-2272972-408568-2272971-408392,404.3543,C
40.78284746,-81.40064379,OHSEC1P-2272930-408568-2272928-408613,407.66,C
40.78285631,-81.40075936,OHSECSRV-2272898-408571-2272930-408568,410.1152,ABC
40.78285865,-81.39943414,OHSEC1P-2273264-408577-2273331-408578,407.6584,B
40.78285958,-81.39919495,OHSEC1P-2273331-408578-2273333-408497,407.6585,B
40.78285958,-81.39919495,OHSEC1P-2273331-408578-2273333-408660,407.659,B
40.78285958,-81.39919495,OHSECSRV-2273331-408578-2273384-408556,410.1128,ABC
40.78285958,-81.39919495,OHSECSRV-2273331-408578-2273385-408599,410.1129,ABC
40.78288331,-81.40372889,OH1P-2272075-408571-2272074-408430,404.3556,B
40.78288478,-81.40388226,OHSEC1P-2272033-408571-2272031-408614,407.6669,B
40.78289633,-81.40490023,OHSEC1P-2271751-408571-2271762-408610,407.6693,A
40.78289804,-81.4015978,OH1P-2272665-408584-2272664-408407,404.3501,A
40.78289951,-81.40175118,OHSEC1P-2272623-408584-2272621-408628,407.6505,A
40.78290052,-81.40184314,OHSECSRV-2272597-408584-2272623-408584,410.1012,ABC
40.78291314,-81.4026708,OH1P-2272368-408585-2272367-408409,404.3504,C
40.78291461,-81.40282417,OHSEC1P-2272326-408585-2272324-408630,407.6522,C
40.78291923,-81.40393851,OHSECSRV-2272017-408583-2272033-408571,410.1247,ABC
40.78293395,-81.39954078,OHSECSRV-2273235-408604-2273264-408577,410.1126,ABC
40.78293524,-81.40288947,OHSECSRV-2272307-408593-2272326-408585,410.1037,ABC
40.78295393,-81.40498484,OHSECSRV-2271727-408592-2271762-408610,410.127,ABC
40.78295759,-81.40464767,OHSECSRV-2271820-408595-2271852-408570,410.1273,ABC
40.78295759,-81.40464767,OHSECSRV-2271820-408595-2271854-408616,410.1274,ABC
40.78297044,-81.40064756,OHSEC1P-2272928-408613-2272994-408614,407.6601,C
40.78297137,-81.40040837,OHSEC1P-2272994-408614-2272994-408641,407.6609,C
40.78297137,-81.40040837,OHSEC1P-2272994-408614-2272996-408533,407.6602,C
40.78297137,-81.40040837,OHSECSRV-2272994-408614-2273050-408610,410.1157,ABC
40.7829742,-81.40075308,OHSECSRV-2272899-408614-2272928-408613,410.1153,ABC
40.78299958,-81.40470513,OH1P-2271804-408610-2271795-408434,404.3558,A
40.78300104,-81.40485851,OHSEC1P-2271762-408610-2271752-408655,407.6685,A
40.78300196,-81.40183774,OHSECSRV-2272598-408621-2272621-408628,410.1013,ABC
40.78300224,-81.40388614,OHSEC1P-2272031-408614-2272097-408615,407.667,B
40.78300318,-81.40364695,OHSEC1P-2272097-408615-2272099-408534,407.6671,B
40.78300318,-81.40364695,OHSEC1P-2272097-408615-2272100-408697,407.6676,B
40.78300318,-81.40364695,OHSECSRV-2272097-408615-2272143-408598,410.1251,ABC
40.78300318,-81.40364695,OHSECSRV-2272097-408615-2272144-408635,410.1252,ABC
40.78302249,-81.40175496,OHSEC1P-2272621-408628-2272687-408630,407.6506,A
40.78302342,-81.40151576,OHSEC1P-2272687-408630-2272687-408656,407.6514,A
40.78302342,-81.40151576,OHSEC1P-2272687-408630-2272689-408548,407.6507,A
40.78302342,-81.40151576,OHSECSRV-2272687-408630-2272724-408617,410.1029,ABC
40.78302342,-81.40151576,OHSECSRV-2272687-408630-2272725-408654,410.1017,ABC
40.78303264,-81.39953552,OHSECSRV-2273236-408640-2273271-408697,410.113,ABC
40.78303667,-81.40288408,OHSECSRV-2272308-408630-2272324-408630,410.1038,ABC
40.78303759,-81.40282795,OHSEC1P-2272324-408630-2272390-408631,407.6523,C
40.78303853,-81.40258876,OHSEC1P-2272390-408631-2272390-408658,407.6531,C
40.78303853,-81.40258876,OHSEC1P-2272390-408631-2272392-408550,407.6524,C
40.78303853,-81.40258876,OHSECSRV-2272390-408631-2272434-408626,410.1042,ABC
40.78308277,-81.4004064,OHSEC1P-2272994-408655-2272995-408696,407.661,C
40.78308416,-81.39918135,OHSEC1P-2273333-408660-2273337-408696,407.6586,B
40.78308416,-81.39918135,OHSECSRV-2273333-408660-2273387-408642,410.1133,ABC
40.78308416,-81.39918135,OHSECSRV-2273333-408660-2273388-408685,410.1134,ABC
40.78309208,-81.40074681,OHSECSRV-2272900-408657-2272928-408613,410.1154,ABC
40.78310339,-81.40183235,OHSECSRV-2272599-408658-2272621-408628,410.1014,ABC
40.78310608,-81.40497676,OHSECSRV-2271729-408648-2271752-408655,410.1271,ABC
40.78311077,-81.39953136,OHSECSRV-2273236-408668-2273271-408697,410.1144,ABC
40.7831221,-81.40392772,OHSECSRV-2272019-408657-2272031-408614,410.1249,ABC
40.7831243,-81.40489137,OHSEC1P-2271752-408655-2271822-408656,407.6686,A
40.7831251,-81.40463763,OHSEC1P-2271822-408656-2271820-408595,407.6687,A
40.7831251,-81.40463763,OHSEC1P-2271822-408656-2271822-408682,407.6695,A
40.7831251,-81.40463763,OHSECSRV-2271822-408656-2271855-408671,410.1275,ABC
40.78313482,-81.4015138,OHSEC1P-2272687-408670-2272688-408711,407.6515,A
40.78313811,-81.40287868,OHSECSRV-2272309-408667-2272324-408630,410.1039,ABC
40.78314992,-81.4025868,OHSEC1P-2272390-408672-2272391-408713,407.6532,C
40.78318708,-81.39925338,OH1P-2273313-408697-2273309-408534,404.3542,B
40.78318855,-81.39940675,OHSEC1P-2273271-408697-2273272-408740,407.6588,B
40.7831889,-81.39952721,OHSECSRV-2273237-408697-2273271-408697,410.1131,ABC
40.78319601,-81.40040101,OHSECSRV-2272995-408696-2273051-408653,410.1161,ABC
40.78319601,-81.40040101,OHSECSRV-2272995-408696-2273052-408696,410.1162,ABC
40.78320751,-81.40497137,OHSECSRV-2271730-408685-2271752-408655,410.1272,ABC
40.78320996,-81.40074054,OHSECSRV-2272901-408700-2272932-408738,410.1158,ABC
40.78322232,-81.39916719,OHSEC1P-2273337-408710-2273344-408741,407.6587,B
40.78322776,-81.40363336,OHSEC1P-2272100-408697-2272103-408733,407.6672,B
40.78322776,-81.40363336,OHSECSRV-2272100-408697-2272145-408672,410.1256,ABC
40.78322776,-81.40363336,OHSECSRV-2272100-408697-2272146-408709,410.1257,ABC
40.7832365,-81.40463567,OHSEC1P-2271822-408696-2271823-408738,407.6696,A
40.78324806,-81.40150841,OHSECSRV-2272688-408711-2272726-408691,410.1021,ABC
40.78324806,-81.40150841,OHSECSRV-2272688-408711-2272727-408728,410.1022,ABC
40.78325554,-81.40182425,OHSECSRV-2272601-408713-2272633-408753,410.1018,ABC
40.78325793,-81.39662713,TMS-2274040-408732-2265401-437454,413.1007,ABC
40.78326196,-81.39567683,TMS-2274303-408737-2287586-416812,413.1008,ABC
40.78326317,-81.40258141,OHSECSRV-2272391-408713-2272435-408663,410.1046,ABC
40.78326317,-81.40258141,OHSECSRV-2272391-408713-2272436-408700,410.1047,ABC
40.78326964,-81.39757025,TMS-2273779-408733-2253909-409836,413.1011,ABC
40.78327425,-81.40391963,OHSECSRV-2272021-408713-2272037-408734,410.1253,ABC
40.78328759,-81.39952195,OHSECSRV-2273238-408733-2273272-408740,410.1142,ABC
40.78330592,-81.39940127,OHSEC1P-2273272-408740-2273344-408741,407.6589,B
40.78330665,-81.39914131,OHSEC1P-2273344-408741-2273344-408783,407.6591,B
40.78330665,-81.39914131,OHSECSRV-2273344-408741-2273389-408728,410.1135,ABC
40.78330665,-81.39914131,OHSECSRV-2273344-408741-2273390-408758,410.1136,ABC
40.78330894,-81.40496598,OHSEC1P-2271731-408722-2271762-408725,407.673,A
40.78331,-81.40047493,OH1P-2272974-408738-2272972-408568,404.3544,C
40.78331147,-81.4006283,OHSEC1P-2272932-408738-2272923-408776,407.6603,C
40.78332784,-81.40073427,OHSECSRV-2272902-408743-2272932-408738,410.1159,ABC
40.78333067,-81.4037054,OH1P-2272080-408734-2272075-408571,404.3557,B
40.78333214,-81.40385877,OHSEC1P-2272037-408734-2272038-408777,407.6674,B
40.78334097,-81.4028679,OHSECSRV-2272311-408740-2272328-408754,410.1043,ABC
40.78334975,-81.40463029,OHSECSRV-2271823-408738-2271857-408736,410.128,ABC
40.78336177,-81.40155325,OH1P-2272675-408753-2272665-408584,404.3502,A
40.78336324,-81.40170662,OHSEC1P-2272633-408753-2272624-408791,407.6508,A
40.7833643,-81.39472173,OH3P-2274567-408777-2274362-408782,406.12001,ABC
40.78336592,-81.40361921,OHSEC1P-2272103-408747-2272110-408778,407.6673,B
40.78337558,-81.40391439,OHSECSRV-2272022-408749-2272037-408734,410.1254,ABC
40.78337715,-81.40265533,OH1P-2272370-408754-2272368-408585,404.3505,C
40.78337862,-81.40280871,OHSEC1P-2272328-408754-2272319-408793,407.6525,C
40.78337862,-81.40280871,OHSECSRV-2272328-408754-2272310-408704,410.1053,ABC
40.78338249,-81.39546298,OH3P-2274362-408782-2274237-408991,406.12002,ABC
40.78340768,-81.40181616,OHSECSRV-2272602-408768-2272633-408753,410.1019,ABC
40.78341038,-81.40496058,OHSECSRV-2271732-408759-2271764-408779,410.1276,ABC
40.78341812,-81.40065831,OHSEC1P-2272923-408776-2273006-408777,407.6604,C
40.78341846,-81.40035694,OHSEC1P-2273006-408777-2272995-408696,407.6605,C
40.78341846,-81.40035694,OHSEC1P-2273006-408777-2273008-408819,407.6606,C
40.78341846,-81.40035694,OHSECSRV-2273006-408777-2273053-408738,410.1163,ABC
40.78341846,-81.40035694,OHSECSRV-2273006-408777-2273054-408781,410.1164,ABC
40.78342048,-81.39940316,OHSEC1P-2273270-408782-2273272-408740,407.6593,B
40.78342069,-81.39913753,OHSECSRV-2273344-408783-2273390-408779,410.1137,ABC
40.78342069,-81.39913753,OHSECSRV-2273344-408783-2273391-408816,410.114,ABC
40.78342514,-81.39960613,OHSEC1P-2273214-408783-2273270-408782,407.6594,B
40.78344322,-81.39461863,OH3P-2274595-408807-2274390-408811,406.11901,ABC
40.78344951,-81.4038533,OHSEC1P-2272038-408777-2272110-408778,407.6675,B
40.78345025,-81.40359333,OHSEC1P-2272110-408778-2272111-408819,407.6677,B
40.78345025,-81.40359333,OHSECSRV-2272110-408778-2272148-408746,410.1258,ABC
40.78345025,-81.40359333,OHSECSRV-2272110-408778-2272149-408783,410.1259,ABC
40.78346011,-81.39920893,OH1P-2273324-408797-2273313-408697,404.3539,B
40.78346141,-81.39535989,OH3P-2274390-408811-2274265-409020,406.11902,ABC
40.78346359,-81.40468968,OH1P-2271806-408779-2271804-408610,404.3559,A
40.7834645,-81.39934988,OHSECSRV-2273285-408798-2273270-408782,410.1139,ABC
40.78346505,-81.40484305,OHSEC1P-2271764-408779-2271762-408725,407.6691,A
40.78346505,-81.40484305,OHSEC1P-2271764-408779-2271763-408818,407.6688,A
40.78346989,-81.40173664,OHSEC1P-2272624-408791-2272700-408793,407.6509,A
40.7834699,-81.39951225,OHSECSRV-2273240-408799-2273270-408782,410.1132,ABC
40.78347051,-81.40146434,OHSEC1P-2272700-408793-2272688-408711,407.651,A
40.78347051,-81.40146434,OHSEC1P-2272700-408793-2272701-408834,407.6511,A
40.78347051,-81.40146434,OHSECSRV-2272700-408793-2272728-408765,410.1023,ABC
40.78347051,-81.40146434,OHSECSRV-2272700-408793-2272729-408802,410.1024,ABC
40.78347529,-81.39967461,OHSECSRV-2273195-408801-2273214-408783,410.1143,ABC
40.783477,-81.40390871,OHSECSRV-2272023-408786-2272038-408777,410.1263,ABC
40.78348527,-81.40283872,OHSEC1P-2272319-408793-2272402-408794,407.6526,C
40.78348562,-81.40253735,OHSEC1P-2272402-408794-2272391-408713,407.6527,C
40.78348562,-81.40253735,OHSEC1P-2272402-408794-2272404-408836,407.6528,C
40.78348562,-81.40253735,OHSECSRV-2272402-408794-2272437-408737,410.1048,ABC
40.78348562,-81.40253735,OHSECSRV-2272402-408794-2272438-408774,410.1049,ABC
40.7835061,-81.40060279,OHSECSRV-2272938-408809-2272925-408818,410.1166,ABC
40.78350675,-81.40044136,OH1P-2272983-408809-2272974-408738,404.354,C
40.78350912,-81.40181076,OHSECSRV-2272603-408805-2272618-408821,410.102,ABC
40.78351056,-81.40157095,OH1P-2272670-408807-2272675-408753,404.35,A
40.78351181,-81.40495519,OHSECSRV-2271733-408795-2271764-408779,410.1277,ABC
40.78351419,-81.40084634,OHSECSRV-2272870-408811-2272925-408818,410.116,ABC
40.78352461,-81.39448641,OH3P-2274631-408837-2274426-408841,406.11801,ABC
40.78352875,-81.40240249,OHSECSRV-2272439-408811-2272402-408794,410.1001,ABC
40.78353246,-81.40034901,OHSECSRV-2273008-408819-2273056-408826,410.1167,ABC
40.78353258,-81.4006493,OHSEC1P-2272925-408818-2272923-408776,407.6608,C
40.78353693,-81.39920831,OH1P-2273324-408825-2273328-408857,404.3521,B
40.78354085,-81.40259003,OH1P-2272387-408814-2272370-408754,404.3503,C
40.7835428,-81.39522767,OH3P-2274426-408841-2274301-409050,406.11802,ABC
40.78355148,-81.40175725,OHSEC1P-2272618-408821-2272624-408791,407.6513,A
40.78356406,-81.40385519,OHSEC1P-2272037-408818-2272038-408777,407.6679,B
40.78356429,-81.40358956,OHSECSRV-2272111-408819-2272150-408820,410.1264,ABC
40.78356429,-81.40358956,OHSECSRV-2272111-408819-2272151-408858,410.1262,ABC
40.78357143,-81.40484399,OHSEC1P-2271763-408818-2271831-408819,407.6689,A
40.78357233,-81.40460077,OHSEC1P-2271831-408819-2271823-408738,407.669,A
40.78357233,-81.40460077,OHSEC1P-2271831-408819-2271832-408860,407.6692,A
40.78357233,-81.40460077,OHSECSRV-2271831-408819-2271859-408810,410.1281,ABC
40.78358357,-81.40044074,OH1P-2272982-408837-2272982-408870,404.3522,C
40.78358451,-81.40145641,OHSECSRV-2272701-408834-2272730-408840,410.1027,ABC
40.78358736,-81.40157315,OH1P-2272669-408835-2272670-408866,404.3525,A
40.78359137,-81.40366523,OH1P-2272090-408829-2272080-408734,404.3555,B
40.78359962,-81.40252942,OHSECSRV-2272404-408836-2272441-408849,410.1052,ABC
40.78359972,-81.40282971,OHSEC1P-2272321-408835-2272319-408793,407.653,C
40.78359972,-81.40282971,OHSECSRV-2272321-408835-2272295-408815,410.1002,ABC
40.78361169,-81.39864246,OH3P-2273480-408854-2273328-408857,406.11015,ABC
40.78361233,-81.40494439,OHSECSRV-2271735-408832-2271749-408847,410.1278,ABC
40.78361466,-81.40180515,OHSECSRV-2272604-408844-2272618-408821,410.1026,ABC
40.78361767,-81.40258942,OH1P-2272387-408842-2272388-408886,404.3526,C
40.78362527,-81.39919308,OH3P-2273328-408857-2272982-408870,406.11016,ABC
40.78362853,-81.40375441,OHSECSRV-2272065-408842-2272037-408818,410.1261,ABC
40.78363215,-81.40527538,OH3P-2271643-408838-2271641-407847,406.11025,ABC
40.78363535,-81.40396007,OHSECSRV-2272008-408844-2272037-408818,410.1255,ABC
40.78363569,-81.40468959,OH1P-2271806-408842-2271806-408779,404.3554,A
40.78364428,-81.39855364,OH3P-2273505-408866-2273490-407797,406.10901,ABC
40.7836516,-81.40291825,OHSECSRV-2272296-408853-2272321-408835,410.1045,ABC
40.78365329,-81.40489368,OHSEC1P-2271749-408847-2271763-408818,407.6694,A
40.78366818,-81.40366744,OH1P-2272089-408857-2272094-408896,404.3529,B
40.783672,-81.40156693,OH3P-2272670-408866-2272524-408886,406.11022,ABC
40.78367205,-81.40044005,OH3P-2272982-408870-2272670-408866,406.11017,ABC
40.78368633,-81.40459285,OHSECSRV-2271832-408860-2271861-408867,410.1283,ABC
40.78371249,-81.4046918,OH1P-2271805-408869-2271806-408908,404.3531,A
40.78371355,-81.40490203,OHSECSRV-2271747-408869-2271749-408847,410.1282,ABC
40.78373494,-81.4022829,OH3P-2272472-408886-2272388-408886,406.11018,ABC
40.78373698,-81.40258368,OH3P-2272388-408886-2272094-408896,406.11019,ABC
40.78377309,-81.40039233,OH1P-2272995-408907-2272982-408870,404.3523,A
40.78377477,-81.40364632,OH3P-2272094-408896-2271806-408908,406.1102,ABC
40.78378171,-81.401561,OH1P-2272671-408906-2272670-408866,404.3524,B
40.78381923,-81.40468522,OH3P-2271806-408908-2271696-408907,406.11021,ABC
40.78382025,-81.40508143,OH3P-2271696-408907-2271643-408838,406.11024,ABC
40.78387514,-81.40258813,OH1P-2272386-408936-2272388-408886,404.3527,A
40.78388449,-81.40364039,OH1P-2272095-408936-2272094-408896,404.3528,C
40.78392839,-81.40462114,OH1P-2271823-408948-2271806-408908,404.353,C
40.78396141,-81.39590409,OH3P-2274237-408991-2274205-410262,406.12003,ABC
40.78404033,-81.39580099,OH3P-2274265-409020-2274245-410239,406.11903,ABC
40.7841075,-81.39848986,OH3P-2273520-409035-2273505-408866,406.10904,ABC
40.78412172,-81.39566877,OH3P-2274301-409050-2274281-410209,406.11803,ABC
40.78562583,-81.4045974,OH3P-2271822-409567-2271867-409582,406.10907,ABC
40.78571539,-81.40418937,OH3P-2271935-409601-2271867-409582,406.10909,ABC
40.78575174,-81.40400626,OH3P-2271985-409615-2273446-410066,406.10903,ABC
40.78583366,-81.40443609,OH3P-2271866-409643-2271867-409582,406.10908,ABC
40.78698284,-81.47021936,TMS-2253646-409840-2236966-399226,413.1012,ABC
40.78702943,-81.3983686,OH3P-2273540-410100-2273495-410085,406.10906,ABC
40.78702943,-81.3983686,OH3P-2273540-410100-2273520-409035,406.10902,ABC
40.78706422,-81.47187022,OH3P-2253189-409864-2253148-409671,406.124,ABC
40.78707002,-81.47251695,OH3P-2253010-409864-2252995-409667,406.123,ABC
40.78707555,-81.4731353,OH3P-2252838-409864-2252850-409667,406.122,ABC
40.78708115,-81.47376153,OH3P-2252665-409864-2252693-409671,406.121,ABC
40.78718594,-81.39835897,OH3P-2273542-410157-2273540-410100,406.10905,ABC
40.7872229,-81.46613506,OH3P-2254776-409941-2254992-409945,406.125,ABC
40.78730216,-81.39568849,OH3P-2274281-410209-2277437-411273,406.11804,ABC
40.78738651,-81.39581796,OH3P-2274245-410239-2277401-411294,406.11904,ABC
40.78745228,-81.39595959,OH3P-2274205-410262-2274165-410336,406.1201,ABC
40.7875452,-81.39567641,OH3P-2274283-410297-2274205-410262,406.12009,ABC
40.78759116,-81.39549708,OH3P-2274333-410315-2277365-411309,406.12004,ABC
40.78763007,-81.46612871,OH3P-2254776-410089-2255000-410090,406.126,ABC
40.78778585,-81.40404166,OH3P-2271966-410356-2271865-409696,406.10915,ABC
40.78803212,-81.46612244,OH3P-2254776-410235-2254980-410239,406.127,ABC
40.78845262,-81.46611588,OH3P-2254776-410389-2254980-410392,406.128,ABC
40.78950874,-81.46780514,OH3P-2254304-410768-2254283-410926,406.129,ABC
40.78951396,-81.46838585,OH3P-2254143-410768-2254126-410930,406.13,ABC
40.78951911,-81.46895925,OH3P-2253984-410768-2253981-410930,406.131,ABC
40.78965427,-81.47451479,T341SS_Secondary,409.95,
40.78965427,-81.47451479,T342SS_Secondary,409.9501,
40.78965427,-81.47451479,T343SS_Secondary,409.9502,
40.78980294,-81.3835128,OH3P-2277641-411163-2277506-411582,406.8307,ABC
40.79011407,-81.38424269,OH3P-2277437-411273-2278875-411741,406.11805,ABC
40.79017081,-81.38437261,OH3P-2277401-411294-2278344-411596,406.11905,ABC
40.79021555,-81.38450248,OH3P-2277365-411309-2277478-411392,406.12005,ABC
40.79025804,-81.3960346,OH3P-2274172-411284-2274166-410388,406.12019,ABC
40.79032082,-81.39825729,OH3P-2273556-411299-2273542-410209,406.10916,ABC
40.79037056,-81.4039044,OH3P-2271992-411298-2271966-410356,406.10914,ABC
40.79042977,-81.39595747,OH3P-2274192-411347-2274172-411284,406.12022,ABC
40.79043928,-81.38408999,OH3P-2277478-411392-2277387-411887,406.12006,ABC
40.79049256,-81.39818016,OH3P-2273577-411362-2273556-411299,406.10917,ABC
40.79079551,-81.37910458,OH3P-2278857-411540-2277641-411163,406.8306,ABC
40.79079551,-81.37910458,OH3P-2278857-411540-2279730-411761,406.8304,ABC
40.79091223,-81.37907958,OH3P-2278863-411582-2278358-411417,406.8206,ABC
40.79091223,-81.37907958,OH3P-2278863-411582-2279737-411804,406.8204,ABC
40.79096001,-81.3839815,OH3P-2277506-411582-2277188-412608,406.8309,ABC
40.79102548,-81.37903716,OH3P-2278874-411624-2279748-411845,406.8104,ABC
40.79134589,-81.37902862,OH3P-2278875-411741-2279311-413455,406.11806,ABC
40.79137237,-81.37593919,OH3P-2279730-411761-2282504-413380,406.8303,ABC
40.79148909,-81.37591419,OH3P-2279737-411804-2282511-413422,406.8203,ABC
40.79160235,-81.37587175,OH3P-2279748-411845-2282522-413464,406.8103,ABC
40.79180156,-81.38439425,OH3P-2277387-411887-2277170-412580,406.12007,ABC
40.79208415,-81.44632775,OHSEC3P-2260239-411777-2260278-411777,409.54,ABC
40.79240753,-81.39591206,OH3P-2274196-412068-2274192-411347,406.1202,ABC
40.79247032,-81.39813482,OH3P-2273580-412083-2273577-411362,406.10918,ABC
40.79257857,-81.39576223,OH3P-2274236-412130-2274196-412068,406.12023,ABC
40.79264136,-81.397985,OH3P-2273621-412146-2273580-412083,406.1092,ABC
40.79277924,-81.4037862,OH3P-2272014-412176-2271992-411298,406.10913,ABC
40.79277924,-81.4037862,OH3P-2272014-412176-2272019-412517,406.10936,ABC
40.79287139,-81.44458471,OHSEC3P-2260718-412070-2260570-412100,409.55,ABC
40.79291657,-81.44598709,OHSEC3P-2260330-412082-2260432-414882,409.5201,ABC
40.7929319,-81.44455466,OHSEC3P-2260726-412092-2260563-412127,409.56,ABC
40.79295709,-81.44560935,OHSEC3P-2260434-412098-2260284-412040,409.53,ABC
40.79300649,-81.44592467,OHSEC3P-2260346-412115-2260395-413479,409.5102,ABC
40.79301983,-81.44454272,OHSEC3P-2260729-412124-2260556-412153,409.57,ABC
40.79302935,-81.44563132,OHSEC3P-2260428-412124-2260330-412082,409.52,ABC
40.79309335,-81.44439311,OHSEC3P-2260770-412151-2260702-412161,409.5801,ABC
40.79310486,-81.44565407,OHSEC3P-2260421-412151-2260346-412115,409.51,ABC
40.79312295,-81.44463935,OHSEC3P-2260702-412161-2260549-412182,409.58,ABC
40.79352033,-81.44201422,OHSEC3P-2261427-412315-2260729-412124,409.5701,ABC
40.79364556,-81.40457935,T11217_Secondary,407.6415,
40.79369698,-81.40464534,OH1P-2271772-412507-2271900-412530,404.3413,A
40.79370972,-81.38514743,OH3P-2277170-412580-2276893-413457,406.12008,ABC
40.79371514,-81.40375288,OH3P-2272019-412517-2272018-412580,406.10935,ABC
40.79371682,-81.40365181,OH1P-2272047-412518-2272149-412532,404.3414,A
40.79375408,-81.40328264,OH1P-2272149-412532-2272296-412528,404.3415,A
40.79375559,-81.40418256,OH1P-2271900-412530-2271990-412579,404.3412,A
40.79378648,-81.38508104,OH3P-2277188-412608-2276951-413342,406.8308,ABC
40.79380914,-81.40275381,T11220_Secondary,407.6416,
40.7938259,-81.4032841,T11219_Secondary,407.6417,
40.79382741,-81.40418402,T11218_Secondary,407.6414,
40.79388779,-81.40375326,OH3P-2272018-412580-2272021-412824,406.10933,ABC
40.79454898,-81.40436649,OH1P-2271845-412818-2271840-412944,404.3416,C
40.79454898,-81.40436649,OH1P-2271845-412818-2271911-412824,404.3407,C
40.79455794,-81.40373039,OH3P-2272021-412824-2272026-412867,406.10934,ABC
40.79456055,-81.40284172,T11216_Secondary,407.6411,
40.794561,-81.40462056,OH1P-2271775-412822-2271845-412818,404.3408,C
40.79456283,-81.40413007,OH1P-2271911-412824-2271993-412823,404.3406,C
40.79461824,-81.40338187,OH1P-2272117-412847-2272191-412854,404.3411,B
40.79463282,-81.40462201,T11211_Secondary,407.641,
40.79463464,-81.40311732,OH1P-2272191-412854-2272203-412903,404.3417,B
40.79463464,-81.40311732,OH1P-2272191-412854-2272268-412802,404.341,B
40.79463465,-81.40413152,T11213_Secondary,407.6409,
40.79467883,-81.40361166,OH1P-2272054-412868-2272117-412847,404.3409,B
40.79468738,-81.40335627,T11214_Secondary,407.6413,
40.79473375,-81.4029905,T11215_Secondary,407.6412,
40.7948065,-81.39576366,OH3P-2274226-412942-2274236-412130,406.12021,ABC
40.79487669,-81.3980092,OH3P-2273604-412960-2273621-412146,406.10919,ABC
40.79489302,-81.40428625,T11212_Secondary,407.6418,
40.7949452,-81.3957135,OH3P-2274239-412993-2274240-413033,406.12026,ABC
40.7950008,-81.39791352,OH3P-2273630-413005-2273624-413048,406.12016,ABC
40.79505649,-81.40366579,OH3P-2272037-413006-2272026-412867,406.1094,ABC
40.795061,-81.39557686,OH3P-2274276-413035-2274240-413033,406.12025,ABC
40.79506619,-81.39710923,OH3P-2273852-413032-2273993-413036,406.12033,ABC
40.79506663,-81.3958641,OH3P-2274197-413037-2274240-413033,406.12024,ABC
40.79507234,-81.39660013,OH3P-2273993-413036-2274144-413036,406.12034,ABC
40.79509863,-81.39761042,OH3P-2273713-413042-2273852-413032,406.12028,ABC
40.79512941,-81.39808695,OH3P-2273581-413052-2273624-413048,406.12014,ABC
40.79512984,-81.3976835,OH3P-2273693-413053-2273713-413042,406.12032,ABC
40.79513076,-81.39787277,OH3P-2273640-413053-2273624-413048,406.12015,ABC
40.79514299,-81.39711143,OH1P-2273851-413060-2273861-413217,404.3709,B
40.79514915,-81.39660233,OH1P-2273992-413064-2274023-413201,404.3711,A
40.79517543,-81.39761262,OH1P-2273712-413070-2273722-413178,404.3707,C
40.79518746,-81.39568998,OH3P-2274244-413081-2274240-413033,406.12027,ABC
40.7951997,-81.40364811,OH3P-2272041-413058-2272047-413097,406.10912,ABC
40.79523939,-81.40076389,OH3P-2272839-413082-2273529-413051,406.12031,ABC
40.79525025,-81.39791283,OH3P-2273629-413096-2273624-413048,406.12011,ABC
40.79526189,-81.40138159,OH3P-2272668-413088-2272839-413082,406.1203,ABC
40.7952957,-81.40202819,OH3P-2272489-413098-2272668-413088,406.12029,ABC
40.79531333,-81.40349524,OH3P-2272083-413100-2272047-413097,406.10911,ABC
40.7953162,-81.40076609,OH1P-2272838-413110-2272846-413219,404.3705,A
40.79531894,-81.40378248,OH3P-2272003-413101-2272047-413097,406.1091,ABC
40.79532497,-81.40330658,OH3P-2272135-413105-2272489-413098,406.12012,ABC
40.79533869,-81.4013838,OH1P-2272667-413116-2272665-413206,404.3703,B
40.79537251,-81.40203039,OH1P-2272488-413126-2272495-413247,404.3701,C
40.79540796,-81.40542767,OH3P-2271547-413127-2271702-413129,406.10928,ABC
40.79540813,-81.40486818,OH3P-2271702-413129-2271704-413685,406.10932,ABC
40.79540813,-81.40486818,OH3P-2271702-413129-2271951-413100,406.10922,ABC
40.79543209,-81.40634571,OH3P-2271293-413133-2271547-413127,406.10923,ABC
40.79545573,-81.40721305,OH3P-2271053-413139-2271293-413133,406.10924,ABC
40.79547245,-81.39757248,OH1P-2273722-413178-2273727-413445,404.3706,C
40.79549016,-81.39748088,T11490_Secondary,407.7107,
40.79551356,-81.40331202,OH3P-2272133-413173-2272135-413105,406.12013,ABC
40.79551981,-81.40396635,OH3P-2271952-413173-2271951-413100,406.10921,ABC
40.79552369,-81.39648332,OH1P-2274023-413201-2274022-413467,404.371,A
40.7955414,-81.39639173,T11495_Secondary,407.7111,
40.79557148,-81.39697537,T11492_Secondary,407.7109,
40.79557239,-81.39706988,OH1P-2273861-413217-2273861-413455,404.3708,B
40.795583,-81.40148105,T11482_Secondary,407.7103,
40.7955841,-81.40138655,OH1P-2272665-413206-2272667-413375,404.3702,B
40.79561278,-81.40063871,T11485_Secondary,407.7105,
40.79561368,-81.40073322,OH1P-2272846-413219-2272840-413391,404.3704,A
40.79565739,-81.40331083,OH3P-2272132-413226-2272044-413226,406.12018,ABC
40.79566035,-81.40362942,OH3P-2272044-413226-2271951-413226,406.12017,ABC
40.79570244,-81.40209311,T11480_Secondary,407.7101,
40.79570354,-81.4019986,OH1P-2272495-413247-2272493-413376,404.37,C
40.79571052,-81.40531558,T11202_Secondary,407.64,
40.79571143,-81.40541009,OH1P-2271551-413238-2271547-413155,404.34,C
40.79571573,-81.36584536,OH3P-2282504-413380-2286776-415884,406.8302,ABC
40.79577085,-81.40362759,T11201_Secondary,409.34,
40.79578884,-81.40625846,T11205_Secondary,407.6403,
40.79578975,-81.40635298,OH1P-2271290-413263-2271293-413161,404.3403,B
40.79581438,-81.40719849,T11208_Secondary,407.6406,
40.79581528,-81.407293,OH3P-2271029-413269-2271053-413167,406.10925,ABC
40.79583244,-81.36582033,OH3P-2282511-413422-2286783-415926,406.8202,ABC
40.79594569,-81.36577788,OH3P-2282522-413464-2286794-415968,406.8102,ABC
40.79604839,-81.40146845,T11483_Secondary,407.7102,
40.79605549,-81.40209534,T11481_Secondary,407.71,
40.79608648,-81.40084251,T11486_Secondary,407.7104,
40.79610285,-81.37726428,OH3P-2279341-413480-2278874-411624,406.8105,ABC
40.79612974,-81.40530754,T11203_Secondary,407.6401,
40.79613064,-81.40540205,OH1P-2271551-413391-2271551-413238,404.3401,C
40.7961361,-81.40623708,T11206_Secondary,407.6404,
40.796137,-81.40633159,OH1P-2271294-413390-2271290-413263,404.3404,B
40.79620225,-81.39744561,T11491_Secondary,407.7106,
40.79621674,-81.40716166,T11209_Secondary,407.6407,
40.79621764,-81.40725617,OH3P-2271038-413416-2271029-413269,406.10926,ABC
40.79622525,-81.39696449,T11494_Secondary,407.7108,
40.79629951,-81.42749603,OHSEC3P-2265434-413376-2264459-413156,409.79,ABC
40.79632705,-81.39647277,T11496_Secondary,407.711,
40.7964092,-81.42713308,OHSEC3P-2265534-413418-2265434-413376,409.7901,ABC
40.79645131,-81.37956036,OH3P-2278704-413598-2279311-413455,406.11807,ABC
40.79647161,-81.42714613,OHSEC3P-2265530-413440-2265427-413441,409.7801,ABC
40.7964746,-81.60721092,T93014_Secondary,407.751,
40.79647608,-81.42751867,OHSEC3P-2265427-413441-2265284-413401,409.78,ABC
40.79652867,-81.42715841,OHSEC3P-2265526-413461-2265426-413465,409.7701,ABC
40.79653483,-81.42605686,OHSEC3P-2265831-413467-2265731-413466,409.8001,ABC
40.79653564,-81.42641802,OHSEC3P-2265731-413466-2265630-413435,409.8,ABC
40.79654287,-81.42752118,OHSEC3P-2265426-413465-2265255-413416,409.77,ABC
40.79654629,-81.60720501,OH1P-2215680-412906-2215613-413767,404.4108,C
40.7965517,-81.40525563,T11204_Secondary,407.6402,
40.7965526,-81.40535014,OH1P-2271564-413545-2271551-413391,404.3402,C
40.79657685,-81.60571503,T93021_Secondary,409.48,
40.79658043,-81.40621389,T11207_Secondary,407.6405,
40.79658134,-81.4063084,OH1P-2271298-413552-2271294-413390,404.3405,B
40.79658749,-81.37979963,OH3P-2278637-413647-2279341-413480,406.8106,ABC
40.79658828,-81.4271711,OHSEC3P-2265523-413483-2265419-413493,409.7601,ABC
40.79658939,-81.4071542,T11210_NoCustomers_Secondary,407.6408,
40.79659029,-81.40724871,OH3P-2271038-413552-2271038-413416,406.10927,ABC
40.79659032,-81.42608142,OHSEC3P-2265824-413487-2265724-413486,409.8101,ABC
40.79659113,-81.42644258,OHSEC3P-2265724-413486-2265626-413456,409.81,ABC
40.79659966,-81.60320883,T93024_Secondary,407.7502,
40.79662045,-81.42754426,OHSEC3P-2265419-413493-2265277-413453,409.76,ABC
40.79664854,-81.42610229,OHSEC3P-2265818-413508-2265718-413507,409.8201,ABC
40.79664854,-81.60570912,OH3P-2216094-412947-2216416-413006,406.15406,ABC
40.79664934,-81.42646345,OHSEC3P-2265718-413507-2265623-413477,409.82,ABC
40.79667135,-81.60320292,OH3P-2216788-412963-2216816-413328,406.15404,ABC
40.79671191,-81.4261224,OHSEC3P-2265812-413531-2265712-413530,409.8301,ABC
40.79671272,-81.42648356,OHSEC3P-2265712-413530-2265619-413499,409.83,ABC
40.79672889,-81.60454898,T93022_Secondary,407.7506,
40.79680058,-81.60454307,OH3P-2216416-413006-2216781-412950,406.15405,ABC
40.79680952,-81.60035326,T93029_Secondary,407.7503,
40.79688121,-81.60034734,OH1P-2217578-413047-2217591-413465,404.4101,A
40.79693291,-81.40483571,OH3P-2271704-413685-2271706-413784,406.10931,ABC
40.79709405,-81.60183312,T93025_Secondary,407.7505,
40.79716573,-81.6018272,OH1P-2217167-413147-2217149-413391,404.4103,C
40.79716987,-81.40524734,T11228_Secondary,407.6424,
40.79720522,-81.40482694,OH3P-2271706-413784-2271719-413838,406.10929,ABC
40.79723948,-81.40527066,OH1P-2271583-413795-2271678-413785,404.3423,A
40.7972625,-81.40591332,OH1P-2271405-413801-2271583-413795,404.3424,A
40.79730839,-81.40635955,OH1P-2271281-413817-2271405-413801,404.3425,A
40.79732846,-81.40413993,T11229_Secondary,409.33,
40.79732985,-81.40428533,OH3P-2271855-413832-2271747-413837,406.1093,ABC
40.79733429,-81.40591049,T11227_Secondary,407.6425,
40.79735142,-81.40477745,OH3P-2271719-413838-2271715-414024,406.10938,ABC
40.79737014,-81.40631127,T11226_Secondary,407.6426,
40.79760268,-81.60309572,T93809_Secondary,407.7511,
40.79766513,-81.60409256,T93810_Secondary,407.7512,
40.79767437,-81.6030898,OH3P-2216816-413328-2216862-413876,406.1542,ABC
40.79773446,-81.40615315,T11224_Secondary,407.6423,
40.79773681,-81.60408664,OH3P-2216539-413348-2216816-413328,406.15418,ABC
40.79776587,-81.60188812,T93026_Secondary,407.7501,
40.79779746,-81.4035868,T11230_Secondary,409.3301,
40.79779885,-81.4037322,OH3P-2272006-414004-2271855-413832,406.10939,ABC
40.79780628,-81.40615197,OH1P-2271336-413999-2271585-414023,404.3422,B
40.79783756,-81.6018822,OH1P-2217149-413391-2217173-413877,404.4104,C
40.7978638,-81.40478068,OH3P-2271715-414024-2271725-414278,406.10937,ABC
40.79786453,-81.4052514,OH1P-2271585-414023-2271687-414025,404.3421,B
40.79790435,-81.6051502,T93811_Secondary,407.7513,
40.79793633,-81.40524857,T11225_Secondary,407.6422,
40.79795681,-81.60029077,T93030_Secondary,407.75,
40.79797604,-81.60514429,OH3P-2216246-413432-2216539-413348,406.15419,ABC
40.7980285,-81.60028486,OH1P-2217591-413465-2217614-413873,404.41,A
40.79803053,-81.60123936,T93027_Secondary,407.7504,
40.79810222,-81.60123345,OH1P-2217328-413489-2217337-413880,404.4102,B
40.7983016,-81.40621106,T11221_Secondary,407.6421,
40.7983244,-81.40558885,T11222_Secondary,407.642,
40.79836425,-81.40625729,OH1P-2271304-414202-2271471-414208,404.342,C
40.79837582,-81.40565485,OH1P-2271471-414208-2271606-414217,404.3419,C
40.79839736,-81.40516741,OH1P-2271606-414217-2271697-414279,404.3418,C
40.79846915,-81.40516458,T11223_Secondary,407.6419,
40.79867112,-81.60675106,T93018_Secondary,407.7508,
40.79874281,-81.60674515,OH1P-2215800-413707-2215816-413947,404.4106,B
40.79882899,-81.59728286,T93007_Secondary,408.1301,
40.79884045,-81.60742196,T93015_Secondary,407.7509,
40.79889586,-81.59540971,T93003_Secondary,408.1307,
40.79890081,-81.59728188,OH2P-2218419-413792-2218428-413960,405.1301,BC
40.79891214,-81.60741605,OH1P-2215613-413767-2215653-413955,404.4107,C
40.79893241,-81.59549107,OH3P-2218914-413808-2218704-413949,406.15423,ABC
40.79896399,-81.44553046,OHSEC3P-2260429-414286-2260395-413518,409.5101,ABC
40.79912212,-81.6056651,T93020_Secondary,407.7507,
40.79919381,-81.60565919,OH1P-2216099-413875-2216094-413952,404.4105,A
40.79921781,-81.60118277,OH3P-2217338-413896-2217615-413901,406.15401,ABC
40.79924592,-81.6017724,OH3P-2217174-413905-2217338-413896,406.15402,ABC
40.7992533,-81.60289499,OH3P-2216864-413904-2217174-413905,406.15403,ABC
40.79930966,-81.60372888,OH3P-2216633-413922-2216864-413904,406.15407,ABC
40.79937662,-81.60017776,OH3P-2217615-413957-2217615-413901,406.15408,ABC
40.79939398,-81.59589799,OH3P-2218800-413975-2218704-413977,406.15422,ABC
40.79940119,-81.59624547,OH3P-2218704-413977-2218590-413979,406.15412,ABC
40.7994103,-81.59665753,OH3P-2218590-413979-2218428-413988,406.15413,ABC
40.79944025,-81.59724077,OH3P-2218428-413988-2218231-414001,406.15414,ABC
40.79945925,-81.59870592,T93100_Secondary,409.4801,
40.79947656,-81.60667013,OH3P-2215818-413975-2216095-413980,406.1541,ABC
40.79947983,-81.5979522,OH3P-2218231-414001-2218024-414017,406.15415,ABC
40.79948263,-81.60566785,OH3P-2216095-413980-2216580-413925,406.15411,ABC
40.79950464,-81.60725977,OH3P-2215654-413983-2215818-413975,406.15409,ABC
40.79950464,-81.60725977,OH3P-2215654-413983-2216262-416364,406.154,ABC
40.79953099,-81.59870132,OH3P-2218024-414017-2217619-414035,406.15421,ABC
40.79974883,-81.59792933,OH2P-2218236-414099-2218234-414029,405.13,AB
40.79982024,-81.59791914,T93009_Secondary,408.13,
40.80002973,-81.59574482,OH3P-2218840-414207-2218803-414003,406.15416,ABC
40.80010114,-81.59573463,T93004_Secondary,408.1303,
40.80013145,-81.59660392,OH2P-2218602-414242-2218592-414007,405.1302,AC
40.80020286,-81.59659373,T93006_Secondary,408.1302,
40.80046324,-81.59568063,OH3P-2218856-414365-2218840-414207,406.15417,ABC
40.8004814,-81.59786808,OH2P-2218251-414366-2218236-414099,405.1303,AB
40.80053465,-81.59567044,T93803_Secondary,408.1306,
40.8005457,-81.44544088,OHSEC3P-2260447-414863-2260429-414325,409.5203,ABC
40.80055281,-81.59785789,T93008_Secondary,408.1304,
40.80059495,-81.44544043,OHSEC3P-2260447-414881-2260432-414882,409.5202,ABC
40.80060996,-81.59647831,OH2P-2218635-414417-2218602-414242,405.1304,AC
40.80068137,-81.59646811,T93005_Secondary,408.1305,
40.80127155,-81.5971272,T92800_Secondary,409.4704,
40.80134327,-81.59712194,OH3P-2218454-414682-2218455-414771,406.15332,ABC
40.80151498,-81.5971185,T92000_Secondary,409.4702,
40.8015867,-81.59711324,OH3P-2218455-414771-2218432-414953,406.15325,ABC
40.80197628,-81.59572581,T92004_Secondary,408.1205,
40.80201652,-81.59719785,T92801_Secondary,408.1212,
40.802048,-81.59572054,OH2P-2218839-414943-2218841-415647,405.1204,BC
40.80208824,-81.59719259,OH3P-2218432-414953-2218434-415046,406.15331,ABC
40.80227239,-81.59718408,T92001_Secondary,408.1208,
40.80227902,-81.35017039,OH3P-2286812-415827-2288180-416622,406.8305,ABC
40.8023441,-81.59717882,OH3P-2218434-415046-2218443-415327,406.15324,ABC
40.80239573,-81.35014533,OH3P-2286819-415870-2288031-416572,406.8205,ABC
40.80243502,-81.35029858,OH3P-2286776-415884-2286812-415827,406.8301,ABC
40.80250897,-81.35010285,OH3P-2286830-415911-2287899-416527,406.8107,ABC
40.80255173,-81.35027353,OH3P-2286783-415926-2286819-415870,406.8201,ABC
40.80266498,-81.35023104,OH3P-2286794-415968-2286830-415911,406.8101,ABC
40.80284015,-81.59633517,T92005_Secondary,408.1206,
40.80291187,-81.59632991,OH2P-2218667-415256-2218676-415713,405.1205,AC
40.80304306,-81.59714267,T92002_Secondary,408.1207,
40.80311478,-81.59713741,OH3P-2218443-415327-2218446-415468,406.15323,ABC
40.80342805,-81.59712812,T92802_Secondary,408.1214,
40.80343594,-81.60026604,T92931_Secondary,408.1217,
40.80343668,-81.60036056,OH2P-2217549-415435-2217530-415654,405.1208,AC
40.80344144,-81.60096793,T92921_Secondary,408.1216,
40.80344218,-81.60106246,OH2P-2217355-415435-2217345-415654,405.1207,BC
40.80344694,-81.60166982,T92911_Secondary,408.1215,
40.80344768,-81.60176435,OH2P-2217161-415435-2217160-415654,405.1206,AB
40.80349977,-81.59712286,OH3P-2218446-415468-2218429-415577,406.15334,ABC
40.8037278,-81.59718464,T92803_Secondary,408.1213,
40.80379664,-81.59499882,T92008_Secondary,408.1204,
40.80379951,-81.59717938,OH3P-2218429-415577-2218437-415735,406.15333,ABC
40.80385816,-81.35047019,OH3P-2286722-416402-2286636-416352,406.8,ABC
40.80386836,-81.59499356,OH2P-2219034-415608-2219034-415875,405.1203,AB
40.80391069,-81.5956919,T92007_Secondary,408.1201,
40.80398241,-81.59568664,OH2P-2218841-415647-2218837-415941,405.1201,BC
40.80409585,-81.59628542,T92006_Secondary,408.1202,
40.80416327,-81.5971504,T92003_Secondary,408.1203,
40.80416757,-81.59628016,OH2P-2218676-415713-2218674-415948,405.1202,AC
40.80417929,-81.35070683,OH3P-2286655-416518-2286569-416469,406.79,ABC
40.80423498,-81.59714514,OH3P-2218437-415735-2218463-415941,406.15322,ABC
40.80425216,-81.60041898,OH1P-2217530-415732-2217344-415902,404.4014,C
40.8042574,-81.60108796,OH1P-2217345-415732-2217344-415902,404.4013,B
40.80426264,-81.60175694,OH1P-2217160-415732-2217344-415902,404.4012,A
40.80448632,-81.35093308,OH3P-2286591-416629-2286505-416580,406.78,ABC
40.80448825,-81.59465616,OH3P-2219125-415835-2219126-415734,406.15345,ABC
40.80450741,-81.34638391,OH3P-2287850-416653-2287899-416527,406.81,ABC
40.80453064,-81.59498809,T92009_Secondary,408.12,
40.80460236,-81.59498282,OH2P-2219034-415875-2219033-415946,405.12,AB
40.8046815,-81.34597465,OH3P-2287962-416718-2288031-416572,406.82,ABC
40.80472336,-81.60108406,OH3P-2217344-415902-2217345-416026,406.15346,ABC
40.80477901,-81.59386714,T92101_Secondary,408.121,
40.80477903,-81.59320937,T92103_Secondary,408.1209,
40.80479727,-81.35116223,OH3P-2286526-416741-2286440-416692,406.77,ABC
40.80484345,-81.59432082,OH3P-2219216-415965-2219242-415968,406.15327,ABC
40.80485057,-81.59422682,OH3P-2219242-415968-2219342-415969,406.15326,ABC
40.80485084,-81.59386748,OH3P-2219342-415969-2219443-415969,406.15329,ABC
40.80485085,-81.59320971,OH3P-2219524-415971-2219443-415969,406.1533,ABC
40.80485085,-81.59320971,OH3P-2219524-415971-2219647-415972,406.15328,ABC
40.80485339,-81.34557054,OH3P-2288073-416782-2288180-416622,406.83,ABC
40.80485793,-81.59468472,OH3P-2219115-415969-2219124-415883,406.15344,ABC
40.80485793,-81.59468472,OH3P-2219115-415969-2219188-415965,406.15343,ABC
40.80486485,-81.59568636,OH3P-2218838-415969-2219034-415974,406.1532,ABC
40.8048719,-81.5949785,OH3P-2219034-415974-2219115-415969,406.15321,ABC
40.80487596,-81.59703598,OH3P-2218464-415969-2218675-415976,406.15318,ABC
40.80488987,-81.59627628,OH3P-2218675-415976-2218838-415969,406.15319,ABC
40.80491983,-81.59350121,T92102_Secondary,408.1211,
40.8049224,-81.59422716,T92100_Secondary,409.4703,
40.80503318,-81.34514788,OH3P-2288189-416849-2288239-416764,406.84,ABC
40.80504829,-81.35180181,T271SS_Secondary,409.86,
40.80504829,-81.35180181,T272SS_Secondary,409.8601,
40.80504829,-81.35180181,T273SS_Secondary,409.8602,
40.80506337,-81.59276289,OH3P-2219647-416050-2219618-416123,406.15309,ABC
40.80514079,-81.60107758,OH3P-2217345-416054-2217345-416086,406.15347,ABC
40.80518699,-81.59557506,OH3P-2218868-416087-2218399-416117,406.15313,ABC
40.80522743,-81.60107321,OH3P-2217345-416086-2216259-417025,406.153,ABC
40.80522816,-81.59398367,OH3P-2219308-416106-2219144-416106,406.15311,ABC
40.80523282,-81.59457449,OH3P-2219144-416106-2218868-416087,406.15312,ABC
40.80526535,-81.59286201,OH3P-2219618-416123-2219308-416106,406.1531,ABC
40.80526867,-81.59948182,OH3P-2217786-416105-2217622-416105,406.15302,ABC
40.80527331,-81.60007263,OH3P-2217622-416105-2217345-416086,406.15301,ABC
40.80528661,-81.59749727,OH3P-2218335-416117-2218096-416122,406.15308,ABC
40.80530591,-81.59836016,OH3P-2218096-416122-2217786-416105,406.15303,ABC
40.80547508,-81.59560356,OH1P-2218859-416192-2218867-416115,404.4006,A
40.8055469,-81.59560259,T92020_Secondary,407.7409,
40.8059106,-81.59615129,OH3P-2218705-416349-2218689-416625,406.15341,ABC
40.80598242,-81.59615032,T92812_Secondary,409.4706,
40.80660959,-81.59553572,OH1P-2218873-416605-2218859-416192,404.4009,A
40.80667075,-81.59620153,OH3P-2218689-416625-2218441-416697,406.1534,ABC
40.80668142,-81.59553474,T92019_Secondary,407.7413,
40.80674258,-81.59620055,T92811_Secondary,407.7423,
40.80675101,-81.59274704,OH3P-2219645-416665-2219618-416151,406.15314,ABC
40.80678713,-81.59325302,OH3P-2219504-416676-2219645-416665,406.15335,ABC
40.80680492,-81.59457598,OH1P-2219138-416679-2219144-416134,404.4007,B
40.80682283,-81.59274606,T92016_Secondary,407.7412,
40.80682909,-81.59911347,OH1P-2217882-416675-2217786-416133,404.4005,C
40.80683497,-81.34708236,OH3P-2287645-417498-2287596-417584,406.88,ABC
40.80685896,-81.59325204,T92805_Secondary,407.7418,
40.80687346,-81.59709268,OH3P-2218441-416697-2218114-416699,406.15339,ABC
40.80687674,-81.594575,T92018_Secondary,407.741,
40.80689043,-81.59827424,OH3P-2218114-416699-2218096-416150,406.15342,ABC
40.80690092,-81.59911249,T92026_Secondary,407.7402,
40.80694529,-81.5970917,T92810_Secondary,407.7422,
40.80696225,-81.59827326,T92809_Secondary,407.7421,
40.80697732,-81.6010819,OH1P-2217337-416723-2217345-416114,404.4,A
40.806991,-81.600187,OH1P-2217584-416731-2217622-416133,404.4002,B
40.80701476,-81.34665969,OH3P-2287761-417565-2287712-417651,406.87,ABC
40.80704914,-81.60108093,T92030_Secondary,407.74,
40.80706282,-81.60018603,T92028_Secondary,407.7401,
40.80711718,-81.63074724,OH3P-2209124-416691-2209124-416744,406.15555,ABC
40.80712416,-81.63195591,OH3P-2208790-416690-2208789-416743,406.15527,ABC
40.80713301,-81.63312639,OH3P-2208466-416690-2208465-416743,406.15526,ABC
40.80714271,-81.63441114,OH3P-2208110-416690-2208109-416743,406.155,ABC
40.80715515,-81.63606273,OH3P-2207653-416690-2207652-416743,406.15565,ABC
40.80716433,-81.63728348,OH3P-2207315-416690-2207314-416743,406.15502,ABC
40.80717344,-81.63849643,OH3P-2206979-416690-2206978-416743,406.15501,ABC
40.80718279,-81.63974255,OH3P-2206634-416690-2206633-416743,406.15514,ABC
40.80718666,-81.34625557,OH3P-2287872-417629-2287823-417715,406.86,ABC
40.8071981,-81.34822925,OH3P-2287326-417626-2287596-417584,406.8808,ABC
40.80731661,-81.59274257,OH3P-2219644-416871-2219645-416665,406.15315,ABC
40.80735274,-81.59324855,OH3P-2219503-416882-2219504-416676,406.15336,ABC
40.80736075,-81.34584629,OH3P-2287985-417694-2287936-417780,406.85,ABC
40.80736561,-81.59902537,OH1P-2217904-416870-2217882-416675,404.4004,C
40.80738844,-81.59274159,T92012_Secondary,407.7416,
40.80739248,-81.63074663,OH3P-2209124-416791-2209124-417032,406.15557,ABC
40.80739947,-81.63195531,OH3P-2208789-416790-2208789-417031,406.15533,ABC
40.80740831,-81.6331258,OH3P-2208465-416790-2208465-417031,406.15532,ABC
40.80741274,-81.59457239,OH1P-2219137-416900-2219138-416679,404.401,B
40.80741801,-81.63441055,OH3P-2208109-416790-2208109-417031,406.15531,ABC
40.80742456,-81.59324757,T92806_Secondary,407.7419,
40.80743045,-81.63606215,OH3P-2207652-416790-2207652-417031,406.15567,ABC
40.80743743,-81.59902439,T92025_Secondary,407.7406,
40.80743963,-81.6372829,OH3P-2207314-416790-2207314-417031,406.15508,ABC
40.80744874,-81.63849585,OH3P-2206978-416790-2206978-417031,406.15507,ABC
40.80745809,-81.63974198,OH3P-2206633-416790-2206633-417031,406.15506,ABC
40.80748457,-81.59457141,T92017_Secondary,407.7414,
40.80749346,-81.60015997,OH1P-2217590-416914-2217584-416731,404.4003,B
40.80756528,-81.600159,T92027_Secondary,407.7405,
40.80757348,-81.60106796,OH1P-2217338-416940-2217337-416723,404.4001,A
40.80762018,-81.59396745,OH1P-2219303-416978-2219308-416134,404.4008,C
40.8076453,-81.60106699,T92029_Secondary,407.7404,
40.807692,-81.59396647,T92015_Secondary,407.7411,
40.80779852,-81.59275112,OH3P-2219639-417046-2219644-416871,406.15316,ABC
40.80782074,-81.59688284,OH3P-2218496-417042-2218299-417063,406.15306,ABC
40.80783465,-81.59325711,OH3P-2219499-417058-2219503-416882,406.15337,ABC
40.80786293,-81.34730131,OH3P-2287580-417872-2287712-417651,406.8726,ABC
40.80787035,-81.59275014,T92011_Secondary,407.7417,
40.80788389,-81.59759409,OH3P-2218299-417063-2218122-417066,406.15305,ABC
40.80789256,-81.59688187,T92022_Secondary,407.7408,
40.80789657,-81.59823028,OH3P-2218122-417066-2218114-416699,406.15304,ABC
40.80790114,-81.34670427,OH3P-2287745-417888-2287823-417715,406.8603,ABC
40.80790647,-81.59325613,T92807_Secondary,407.742,
40.80795572,-81.59759312,T92023_Secondary,407.7407,
40.80796839,-81.5982293,T92024_Secondary,407.7403,
40.80801886,-81.59572864,OH3P-2218814-417118-2218496-417042,406.15307,ABC
40.8080567,-81.63131296,OH3P-2208964-417032-2209124-417032,406.15559,ABC
40.80805933,-81.63194666,OH3P-2208789-417031-2208927-417032,406.1556,ABC
40.80806339,-81.63243459,OH3P-2208654-417031-2208789-417031,406.15539,ABC
40.80806818,-81.63311717,OH3P-2208465-417031-2208616-417031,406.1554,ABC
40.80807319,-81.63373176,OH3P-2208295-417031-2208465-417031,406.15537,ABC
40.80807788,-81.63440193,OH3P-2208109-417031-2208257-417031,406.15538,ABC
40.80808418,-81.6352386,OH3P-2207878-417031-2208109-417031,406.15551,ABC
40.80809032,-81.63605354,OH3P-2207652-417031-2207840-417031,406.15552,ABC
40.80809068,-81.59572766,T92021_Secondary,409.47,
40.80809454,-81.63661512,OH3P-2207497-417031-2207652-417031,406.15569,ABC
40.8080995,-81.63727431,OH3P-2207314-417031-2207459-417031,406.1557,ABC
40.80810349,-81.6378047,OH3P-2207167-417031-2207314-417031,406.15575,ABC
40.80810861,-81.63848727,OH3P-2206978-417031-2207130-417031,406.15515,ABC
40.80811271,-81.6390339,OH3P-2206827-417031-2206978-417031,406.15512,ABC
40.80811796,-81.63973341,OH3P-2206633-417031-2206789-417031,406.15513,ABC
40.80816189,-81.34845978,OH3P-2287258-417977-2287326-417626,406.8801,ABC
40.80818031,-81.59424156,OH1P-2219225-417181-2219303-416978,404.4011,C
40.80825057,-81.59927092,T91028_Secondary,409.4602,
40.80825213,-81.59424058,T92014_Secondary,407.7415,
40.80829518,-81.59275298,OH3P-2219637-417227-2219639-417046,406.15317,ABC
40.8083106,-81.5803225,OH3P-2223078-417269-2223082-417097,406.139,ABC
40.80832228,-81.59926566,OH3P-2217834-417218-2217864-417494,406.15225,ABC
40.8083284,-81.58080069,OH3P-2222945-417274-2222949-417102,406.138,ABC
40.8083313,-81.59325897,OH3P-2219497-417239-2219499-417058,406.15338,ABC
40.80834541,-81.5812579,OH3P-2222819-417279-2222823-417107,406.137,ABC
40.80836264,-81.58172094,OH3P-2222690-417284-2222694-417112,406.136,ABC
40.808367,-81.592752,T92010_Secondary,409.4701,
40.80840313,-81.59325799,T92808_Secondary,409.4705,
40.80846034,-81.63073263,OH3P-2209124-417180-2209124-417032,406.15563,ABC
40.80846733,-81.63194132,OH3P-2208789-417179-2208789-417031,406.15549,ABC
40.80847617,-81.63311183,OH3P-2208465-417179-2208465-417031,406.15547,ABC
40.80849093,-81.63439654,OH3P-2208109-417181-2208109-417031,406.15545,ABC
40.80849831,-81.63604822,OH3P-2207652-417179-2207652-417031,406.15573,ABC
40.8085075,-81.637269,OH3P-2207314-417179-2207314-417031,406.15524,ABC
40.80851661,-81.63848197,OH3P-2206978-417179-2206978-417031,406.15522,ABC
40.80853102,-81.63972805,OH3P-2206633-417181-2206633-417031,406.1552,ABC
40.8086383,-81.34332405,OH3P-2288677-418169-2287745-417888,406.8602,ABC
40.80874039,-81.34334409,OH3P-2288671-418206-2287580-417872,406.8713,ABC
40.80884859,-81.59769442,T91025_Secondary,407.7305,
40.80890851,-81.44523679,OHSEC3P-2260467-417910-2260442-417961,409.6401,ABC
40.80892031,-81.59768916,OH1P-2218268-417441-2218321-418095,404.3904,B
40.80894086,-81.445149,OHSEC3P-2260491-417922-2260466-417973,409.6501,ABC
40.80897102,-81.63072593,OH3P-2209124-417366-2209124-417217,406.15564,ABC
40.80897102,-81.63072593,OH3P-2209124-417366-2209124-417595,406.15558,ABC
40.80897533,-81.63129528,OH3P-2208966-417366-2209124-417366,406.15561,ABC
40.80897603,-81.44506844,OHSEC3P-2260513-417935-2260488-417986,409.6601,ABC
40.808978,-81.63193463,OH3P-2208789-417365-2208789-417216,406.1555,ABC
40.808978,-81.63193463,OH3P-2208789-417365-2208789-417594,406.15535,ABC
40.808978,-81.63193463,OH3P-2208789-417365-2208928-417366,406.15562,ABC
40.80898202,-81.63241693,OH3P-2208655-417366-2208789-417365,406.15541,ABC
40.80898685,-81.63310515,OH3P-2208465-417365-2208465-417216,406.15548,ABC
40.80898685,-81.63310515,OH3P-2208465-417365-2208465-417594,406.15536,ABC
40.80898685,-81.63310515,OH3P-2208465-417365-2208618-417366,406.15542,ABC
40.80899182,-81.63371412,OH3P-2208296-417366-2208465-417365,406.15543,ABC
40.80899655,-81.63438993,OH3P-2208109-417365-2208109-417218,406.15546,ABC
40.80899655,-81.63438993,OH3P-2208109-417365-2208109-417594,406.15534,ABC
40.80899655,-81.63438993,OH3P-2208109-417365-2208259-417366,406.15544,ABC
40.80900287,-81.63522808,OH3P-2207877-417365-2208109-417365,406.15553,ABC
40.80900655,-81.59915473,T91029_Secondary,407.7308,
40.80900838,-81.44498065,OHSEC3P-2260537-417947-2260512-417998,409.6701,ABC
40.80900899,-81.63604157,OH3P-2207652-417365-2207652-417216,406.15574,ABC
40.80900899,-81.63604157,OH3P-2207652-417365-2207652-417594,406.15568,ABC
40.80900899,-81.63604157,OH3P-2207652-417365-2207840-417365,406.15554,ABC
40.80901317,-81.63659751,OH3P-2207498-417365-2207652-417365,406.15571,ABC
40.80901817,-81.63726235,OH3P-2207314-417365-2207314-417216,406.15525,ABC
40.80901817,-81.63726235,OH3P-2207314-417365-2207314-417594,406.1551,ABC
40.80901817,-81.63726235,OH3P-2207314-417365-2207460-417365,406.15572,ABC
40.80902212,-81.63778711,OH3P-2207169-417365-2207314-417365,406.15516,ABC
40.80902728,-81.63847533,OH3P-2206978-417365-2206978-417216,406.15523,ABC
40.80902728,-81.63847533,OH3P-2206978-417365-2206978-417594,406.15511,ABC
40.80902728,-81.63847533,OH3P-2206978-417365-2207131-417365,406.15517,ABC
40.80903134,-81.63901633,OH3P-2206829-417365-2206978-417365,406.15518,ABC
40.80903663,-81.63972149,OH3P-2206633-417365-2206633-417218,406.15521,ABC
40.80903663,-81.63972149,OH3P-2206633-417365-2206633-417594,406.15509,ABC
40.80903663,-81.63972149,OH3P-2206633-417365-2206791-417365,406.15519,ABC
40.80904874,-81.44532446,OHSEC3P-2260442-417961-2260365-418024,409.64,ABC
40.80907826,-81.59914947,OH3P-2217864-417494-2217872-417775,406.15224,ABC
40.80908108,-81.44523667,OHSEC3P-2260466-417973-2260388-418039,409.65,ABC
40.80911626,-81.4451561,OHSEC3P-2260488-417986-2260410-418054,409.66,ABC
40.80914861,-81.44506831,OHSEC3P-2260512-417998-2260435-418070,409.67,ABC
40.80918939,-81.34953288,OH3P-2286956-418347-2287258-417977,406.8802,ABC
40.80928254,-81.59632721,T91023_Secondary,407.7304,
40.80932395,-81.34929337,OH3P-2287021-418397-2286956-418347,406.8809,ABC
40.80935425,-81.59632195,OH1P-2218645-417603-2218549-418122,404.3903,A
40.8094718,-81.445796,OHSEC3P-2260310-418113-2260266-418208,409.6101,ABC
40.80947805,-81.34940694,T11500_Secondary,409.32,
40.80951482,-81.44570551,OHSEC3P-2260334-418129-2260290-418221,409.6301,ABC
40.80955448,-81.44562296,OHSEC3P-2260357-418144-2260315-418233,409.6201,ABC
40.80957433,-81.59830575,T91027_Secondary,407.7306,
40.80964604,-81.59830049,OH1P-2218096-417703-2218105-418161,404.3905,C
40.80969063,-81.34855561,OH3P-2287224-418533-2287021-418397,406.8826,ABC
40.80971609,-81.34815618,OH3P-2287334-418544-2287308-418578,406.8805,ABC
40.80973414,-81.44594993,OHSEC3P-2260266-418208-2260230-418236,409.61,ABC
40.80973661,-81.33936286,OH3P-2289768-418584-2288677-418169,406.8601,ABC
40.80976168,-81.34839101,OH3P-2287269-418560-2287308-418578,406.8803,ABC
40.80976925,-81.4458621,OHSEC3P-2260290-418221-2260254-418249,409.63,ABC
40.80977722,-81.59911334,T91030_Secondary,407.7307,
40.80980156,-81.44577067,OHSEC3P-2260315-418233-2260280-418261,409.62,ABC
40.80982723,-81.60257118,T91042_Secondary,408.1127,
40.80984894,-81.59910808,OH3P-2217872-417775-2217866-418183,406.15223,ABC
40.80986467,-81.60183219,T91043_Secondary,408.1128,
40.80986584,-81.34813842,OH3P-2287338-418599-2287308-418578,406.8804,ABC
40.80988499,-81.63071093,OH3P-2209124-417699-2209124-417642,406.15556,ABC
40.80989197,-81.63191965,OH3P-2208790-417698-2208789-417641,406.1553,ABC
40.80990082,-81.63309019,OH3P-2208466-417698-2208465-417641,406.15529,ABC
40.8099022,-81.3391054,OH3P-2289838-418645-2289768-418584,406.8608,ABC
40.80991052,-81.63437499,OH3P-2208110-417698-2208109-417641,406.15528,ABC
40.80992296,-81.63602664,OH3P-2207653-417698-2207652-417641,406.15566,ABC
40.8099291,-81.34824939,OH3P-2287307-418621-2287308-418578,406.8806,ABC
40.8099309,-81.60249052,OH3P-2216936-417795-2216817-417861,406.1525,ABC
40.80993214,-81.63724745,OH3P-2207315-417698-2207314-417641,406.15505,ABC
40.80994125,-81.63846044,OH3P-2206979-417698-2206978-417641,406.15504,ABC
40.80994753,-81.34798259,OH3P-2287381-418629-2288077-418999,406.8807,ABC
40.8099506,-81.63970662,OH3P-2206634-417698-2206633-417641,406.15503,ABC
40.80998131,-81.60187164,OH3P-2217107-417815-2216936-417795,406.15251,ABC
40.8100129,-81.60299776,T91041_Secondary,408.1126,
40.81011658,-81.6029171,OH3P-2216817-417861-2216706-417922,406.15249,ABC
40.81039896,-81.6035676,OH3P-2216636-417963-2216485-418042,406.15248,ABC
40.81054867,-81.42883411,OHSEC3P-2265000-418563-2264872-418590,409.7101,ABC
40.81062235,-81.6041076,OH3P-2216485-418042-2216259-417661,406.152,ABC
40.81062541,-81.42765296,OHSEC3P-2265326-418595-2265226-418594,409.7201,ABC
40.81062586,-81.42883238,OHSEC3P-2265000-418591-2264874-418616,409.7001,ABC
40.81062622,-81.42801419,OHSEC3P-2265226-418594-2265113-418563,409.72,ABC
40.81062711,-81.42929425,OHSEC3P-2264872-418590-2264778-418559,409.71,ABC
40.81064345,-81.59748065,T91024_Secondary,407.7301,
40.81069649,-81.42883124,OHSEC3P-2265000-418616-2264876-418638,409.6901,ABC
40.81069887,-81.42928581,OHSEC3P-2264874-418616-2264780-418585,409.7,ABC
40.81070276,-81.4276517,OHSEC3P-2265326-418623-2265226-418622,409.7301,ABC
40.81070356,-81.42801294,OHSEC3P-2265226-418622-2265112-418589,409.73,ABC
40.8107099,-81.59665553,T91022_Secondary,407.73,
40.81071517,-81.59747539,OH1P-2218321-418095-2218367-418187,404.3901,B
40.81075957,-81.42927756,OHSEC3P-2264876-418638-2264782-418607,409.69,ABC
40.81077025,-81.42882986,OHSEC3P-2265000-418643-2264876-418660,409.6801,ABC
40.81078162,-81.59665026,OH1P-2218549-418122-2218644-418194,404.39,A
40.81080241,-81.42767191,OHSEC3P-2265320-418659-2265220-418658,409.7401,ABC
40.81080322,-81.42803315,OHSEC3P-2265220-418658-2265112-418615,409.74,ABC
40.81082035,-81.42927658,OHSEC3P-2264876-418660-2264782-418629,409.68,ABC
40.81083003,-81.59825604,T91026_Secondary,407.7302,
40.81086668,-81.60005311,T92814_Secondary,407.7313,
40.81086793,-81.60128086,T92816_Secondary,409.4604,
40.81086878,-81.42767811,OHSEC3P-2265318-418683-2265218-418682,409.7501,ABC
40.81086958,-81.42803935,OHSEC3P-2265218-418682-2265112-418643,409.75,ABC
40.81087761,-81.59953048,T92813_Secondary,407.7312,
40.81088873,-81.6006292,T92815_Secondary,407.7314,
40.81089742,-81.59912111,T91031_Secondary,407.7303,
40.81090174,-81.59825077,OH1P-2218105-418161-2218203-418195,404.3902,C
40.81091261,-81.58172038,TMS-2222681-418213-2239766-436100,413.1014,ABC
40.8109384,-81.60004785,OH3P-2217608-418169-2217752-418175,406.15231,ABC
40.81093965,-81.6012756,OH3P-2217268-418166-2217448-418175,406.15233,ABC
40.81094933,-81.59952522,OH3P-2217752-418175-2217866-418183,406.15234,ABC
40.81096045,-81.60062394,OH3P-2217448-418175-2217608-418169,406.15232,ABC
40.81096914,-81.59911585,OH3P-2217866-418183-2217993-418187,406.15222,ABC
40.81103537,-81.6037653,OH2P-2216579-418194-2216348-418294,405.1114,AB
40.81103537,-81.6037653,OH3P-2216579-418194-2216485-418042,406.15252,ABC
40.81104368,-81.59730085,OH3P-2218368-418215-2218645-418222,406.1522,ABC
40.81105477,-81.59865059,OH3P-2217994-418215-2218204-418223,406.15218,ABC
40.811055,-81.59629848,OH3P-2218645-418222-2218844-418236,406.15221,ABC
40.81106869,-81.59789083,OH3P-2218204-418223-2218368-418215,406.15219,ABC
40.81111181,-81.60244917,T91112_Secondary,408.1125,
40.81111542,-81.60273387,T91111_Secondary,408.1124,
40.81116302,-81.5955753,OH3P-2218845-418264-2218849-418308,406.15226,ABC
40.81118724,-81.60273291,OH2P-2216864-418252-2216901-418265,405.1112,AB
40.81118839,-81.60244813,OH2P-2216943-418253-2216901-418265,405.1113,BC
40.81119626,-81.34480226,OH3P-2288255-419095-2288077-418999,406.8827,ABC
40.81122165,-81.60259883,OH3P-2216901-418265-2216905-418320,406.15246,ABC
40.81128373,-81.59555828,OH3P-2218849-418308-2218849-418354,406.15229,ABC
40.81128448,-81.59565282,T91103_Secondary,409.4603,
40.81135036,-81.34491582,T11501_Secondary,409.3201,
40.81141026,-81.5954645,T91105_Secondary,407.731,
40.811411,-81.59555903,OH3P-2218849-418354-2218849-418394,406.1523,ABC
40.81142619,-81.60483827,OH1P-2216280-418333-2216093-418412,404.3906,A
40.81144902,-81.3433199,OH3P-2288664-419193-2288671-418206,406.8706,ABC
40.8115197,-81.59555658,OH3P-2218849-418394-2218847-418449,406.15228,ABC
40.81152045,-81.59565111,T91101_Secondary,407.7311,
40.811541,-81.3481974,OH3P-2287314-419209-2287307-418674,406.8821,ABC
40.81157939,-81.60257729,OH3P-2216905-418395-2216907-418441,406.15244,ABC
40.81158769,-81.34326963,OH3P-2288678-419244-2288677-419279,406.8703,ABC
40.81163196,-81.60333115,OH2P-2216696-418412-2216505-418535,405.1115,BC
40.81163196,-81.60333115,OH3P-2216696-418412-2216579-418194,406.15253,ABC
40.81166508,-81.34342849,OH3P-2288633-419271-2288677-419279,406.8701,ABC
40.81166609,-81.34361781,OH3P-2288581-419271-2288255-419095,406.8824,ABC
40.81167065,-81.59546471,T91104_Secondary,407.7309,
40.8116714,-81.59555925,OH3P-2218847-418449-2218852-418536,406.15227,ABC
40.81168333,-81.34806401,OH3P-2287350-419261-2287314-419209,406.882,ABC
40.81171792,-81.60548605,T91113_Secondary,407.7315,
40.81182811,-81.34323661,OH3P-2288686-419331-2288677-419279,406.8704,ABC
40.81183766,-81.60256758,OH3P-2216907-418489-2216907-418544,406.15245,ABC
40.81185106,-81.34310233,OH3P-2288723-419340-2288677-419279,406.8702,ABC
40.81191163,-81.59895315,OH3P-2217907-418527-2217725-418547,406.15213,ABC
40.81193274,-81.34294649,OH3P-2288765-419371-2289491-419783,406.8705,ABC
40.81195285,-81.5973616,OH3P-2218348-418546-2218184-418546,406.15211,ABC
40.81195749,-81.59795247,OH3P-2218184-418546-2217907-418527,406.15212,ABC
40.81196152,-81.60304434,OH3P-2216775-418533-2216696-418412,406.15247,ABC
40.81197515,-81.59984439,OH3P-2217660-418547-2217425-418570,406.15208,ABC
40.81198697,-81.60256449,OH3P-2216907-418544-2216775-418533,406.15201,ABC
40.81199293,-81.59660344,OH3P-2218557-418563-2218348-418546,406.1521,ABC
40.81200279,-81.60145279,OH3P-2217215-418553-2217051-418553,406.15202,ABC
40.81200742,-81.60204367,OH3P-2217051-418553-2216907-418544,406.15243,ABC
40.8120429,-81.60069463,OH3P-2217425-418570-2217215-418553,406.15203,ABC
40.81208291,-81.60425982,OH2P-2216438-418574-2216247-418693,405.1116,BC
40.81212519,-81.59553505,OH3P-2218852-418614-2218557-418563,406.15209,ABC
40.81213202,-81.59701198,OH2P-2218444-418613-2218347-418574,405.1108,AC
40.81214448,-81.60023496,OH3P-2217552-418608-2217424-418598,406.15204,ABC
40.81218198,-81.60110319,OH2P-2217311-418619-2217215-418581,405.1105,AC
40.81219686,-81.59861805,OH2P-2217999-418632-2217907-418555,405.1106,AB
40.81220385,-81.59701101,T91017_Secondary,408.1111,
40.8122163,-81.60023399,T91009_Secondary,408.1103,
40.81224676,-81.60270926,OH2P-2216866-418638-2216774-418561,405.11,AB
40.8122538,-81.60110222,T91005_Secondary,408.1102,
40.81226868,-81.59861707,T91013_Secondary,408.1109,
40.81229169,-81.59779773,OH2P-2218226-418668-2218184-418574,405.1107,BC
40.81231858,-81.60270829,T91003_Secondary,408.11,
40.81234162,-81.60188895,OH2P-2217093-418675-2217051-418581,405.1102,BC
40.81235261,-81.6049924,T91106_Secondary,408.1129,
40.81236351,-81.59779675,T91015_Secondary,408.111,
40.81237044,-81.59571211,OH3P-2218803-418703-2218634-418702,406.15235,ABC
40.81237217,-81.5963218,OH3P-2218634-418702-2218557-418591,406.15214,ABC
40.81241344,-81.60188798,T91004_Secondary,408.1101,
40.81244227,-81.59571114,T92821_Secondary,408.1118,
40.81244399,-81.59632083,T92820_Secondary,408.1112,
40.81262051,-81.57950254,T351SS_Secondary,409.97,
40.81262051,-81.57950254,T352SS_Secondary,409.9701,
40.8127034,-81.34302944,T11507_Secondary,409.3102,
40.81270575,-81.34326188,OH3P-2288674-419651-2288685-419384,406.8728,ABC
40.81288321,-81.34019159,T11508_Secondary,409.3103,
40.81288727,-81.58232975,OH3P-2222505-418930-2222742-418824,406.135,ABC
40.81301235,-81.58008576,OH3P-2223125-418982-2223129-418811,406.132,ABC
40.81302836,-81.58054891,OH3P-2222997-418987-2223001-418815,406.133,ABC
40.81303732,-81.34030514,OH3P-2289491-419783-2289698-419895,406.8729,ABC
40.813051,-81.58184895,OH3P-2222637-418991-2222874-418820,406.13405,ABC
40.81306274,-81.59952366,OH3P-2217745-418944-2217526-419008,406.15242,ABC
40.81309832,-81.34808223,OH3P-2287338-419776-2287350-419261,406.8819,ABC
40.81310065,-81.34831467,T11502_Secondary,409.3202,
40.81313457,-81.59952269,T92832_Secondary,408.1121,
40.81321155,-81.59560866,OH3P-2218828-419010-2218803-418703,406.15236,ABC
40.81321327,-81.59621836,OH3P-2218659-419009-2218634-418702,406.15215,ABC
40.8132293,-81.33154086,OH3P-2291916-419885-2289838-418645,406.8609,ABC
40.81324251,-81.60031097,OH3P-2217526-419008-2217552-418608,406.15205,ABC
40.81328337,-81.59560768,T92819_Secondary,408.1119,
40.8132851,-81.59621738,T91021_Secondary,408.1116,
40.81329862,-81.33925661,OH3P-2289780-419882-2289783-419927,406.1802,ABC
40.81331433,-81.60031,T91010_Secondary,408.1107,
40.81332397,-81.34325195,OH3P-2288674-419876-2288674-419651,406.8718,ABC
40.8134095,-81.33938847,OH3P-2289743-419922-2289783-419927,406.18,ABC
40.81346664,-81.34315248,OH3P-2288701-419929-2288674-419876,406.8717,ABC
40.81348419,-81.33898901,OH3P-2289853-419950-2289783-419927,406.1801,ABC
40.81350429,-81.33915406,OH3P-2289807-419957-2289783-419927,406.1803,ABC
40.81356586,-81.33883316,OH3P-2289896-419981-2290970-420557,406.1804,ABC
40.81361143,-81.59903132,OH2P-2217879-419146-2217999-418632,405.1109,AB
40.81364056,-81.60312396,OH2P-2216746-419145-2216866-418638,405.1101,AB
40.81368326,-81.59903035,T91014_Secondary,408.1113,
40.8136889,-81.33003609,T11517_Secondary,409.3,
40.81368956,-81.34315829,OH3P-2288698-420010-2288701-419929,406.8716,ABC
40.81371239,-81.60312299,T91006_Secondary,408.1104,
40.81378289,-81.34804205,OH3P-2287346-420026-2287338-419776,406.8828,ABC
40.81384302,-81.33014962,OH3P-2292298-420114-2291916-419885,406.861,ABC
40.81398286,-81.59561328,OH3P-2218824-419291-2218828-419010,406.15237,ABC
40.81398458,-81.59622299,OH3P-2218655-419290-2218659-419009,406.15216,ABC
40.81401382,-81.60031565,OH3P-2217522-419289-2217526-419008,406.15206,ABC
40.81405468,-81.59561231,T92818_Secondary,408.112,
40.81405641,-81.59622201,T91020_Secondary,408.1117,
40.81408564,-81.60031468,T91011_Secondary,408.1108,
40.81409206,-81.59769134,OH2P-2218248-419325-2218226-418668,405.111,BC
40.81412124,-81.60178401,OH2P-2217115-419324-2217093-418675,405.1103,BC
40.81415934,-81.59941784,OH3P-2217770-419344-2217745-418944,406.15239,ABC
40.81416389,-81.59769037,T91016_Secondary,408.1114,
40.81419307,-81.60178304,T91007_Secondary,408.1105,
40.81423117,-81.59941687,T92831_Secondary,408.1122,
40.81434963,-81.59726355,OH2P-2218366-419420-2218444-418613,405.1111,AC
40.81437882,-81.60135624,OH2P-2217233-419419-2217311-418619,405.1104,AC
40.81442145,-81.59726258,T91018_Secondary,408.1115,
40.81445065,-81.60135527,T91008_Secondary,408.1106,
40.81450289,-81.32855076,OH3P-2292737-420360-2292298-420114,406.8623,ABC
40.81450772,-81.59833725,OH3P-2218068-419474-2217770-419344,406.1524,ABC
40.81457954,-81.59833628,T92829_Secondary,408.1123,
40.81471014,-81.59772838,OH3P-2218236-419550-2218068-419474,406.15241,ABC
40.81474206,-81.59554231,OH3P-2218841-419568-2218824-419291,406.15238,ABC
40.81474379,-81.59615202,OH3P-2218672-419567-2218655-419290,406.15217,ABC
40.81477302,-81.60024473,OH3P-2217539-419565-2217522-419289,406.15207,ABC
40.81478197,-81.59772741,T92828_Secondary,409.4606,
40.81481388,-81.59554133,T92817_Secondary,409.4605,
40.81481561,-81.59615104,T91019_Secondary,409.4601,
40.81484485,-81.60024376,T92830_Secondary,409.46,
40.81486081,-81.34313784,OH3P-2288698-420436-2288698-420010,406.8715,ABC
40.81500895,-81.34303342,OH3P-2288727-420491-2288698-420436,406.8719,ABC
40.81529668,-81.32836215,OH3P-2292786-420650-2292737-420360,406.8611,ABC
40.81550751,-81.33908235,OH3P-2289818-420687-2289807-420009,406.1814,ABC
40.81560009,-81.34796681,OH3P-2287358-420688-2287346-420026,406.8818,ABC
40.81574824,-81.34786241,OH3P-2287386-420742-2287358-420688,406.8822,ABC
40.81609454,-81.58171949,OH3P-2222661-420100-2222637-418991,406.13407,ABC
40.81622718,-81.60132341,OH3P-2217235-420092-2217238-420142,406.13421,ABC
40.81636381,-81.60131079,OH3P-2217238-420142-2217142-420163,406.13422,ABC
40.81636476,-81.60106866,OH3P-2217305-420143-2217238-420142,406.1342,ABC
40.81639545,-81.59892254,T11321_Secondary,409.35,
40.81640779,-81.59003132,T11318_Secondary,407.7218,
40.81642204,-81.33127894,T11516_Secondary,409.1202,
40.81642628,-81.58540506,T11317_Secondary,407.7217,
40.81645984,-81.58888048,OH3P-2220678-420213-2220360-420216,406.13417,ABC
40.81646285,-81.60184026,OH3P-2217091-420177-2216815-420261,406.1341,ABC
40.81646727,-81.59892157,OH3P-2217899-420186-2217357-420143,406.13409,ABC
40.8164721,-81.5829852,OH3P-2222309-420234-2222661-420100,406.13404,ABC
40.81647961,-81.59003034,OH3P-2220360-420216-2219903-420221,406.13418,ABC
40.81649456,-81.60131109,OH3P-2217237-420190-2217238-420142,406.13419,ABC
40.8164981,-81.58540408,OH3P-2221640-420237-2222309-420234,406.13403,ABC
40.81650552,-81.59168018,OH3P-2219903-420221-2218608-420221,406.13408,ABC
40.81651252,-81.58565695,OH3P-2221570-420241-2220678-420213,406.13406,ABC
40.81651252,-81.58565695,OH3P-2221570-420241-2221640-420237,406.13416,ABC
40.81653667,-81.58888008,OH1P-2220678-420241-2220677-420522,404.3802,C
40.81653984,-81.59690579,OH3P-2218456-420219-2217899-420186,406.13435,ABC
40.81654145,-81.59635818,OH3P-2218608-420221-2218456-420219,406.13434,ABC
40.81657615,-81.33139247,OH3P-2291941-421105-2290970-420557,406.1839,ABC
40.81657734,-81.5916792,T11319_Secondary,407.7219,
40.81661166,-81.59690482,T11320_Secondary,407.7206,
40.81663138,-81.60285195,T11333_Secondary,407.7205,
40.81663833,-81.60131693,OH3P-2217235-420242-2217252-420575,406.13436,ABC
40.81691676,-81.33063206,OH3P-2292149-421232-2291941-421105,406.1842,ABC
40.81701441,-81.34299597,OH3P-2288727-421222-2288727-420491,406.8714,ABC
40.81709628,-81.34783896,OH3P-2287386-421234-2287386-420742,406.8817,ABC
40.81720059,-81.34777168,OH3P-2287405-421272-2287386-421234,406.8816,ABC
40.81728137,-81.33903106,OH3P-2289823-421333-2289818-420687,406.1811,ABC
40.81730999,-81.58887294,OH1P-2220677-420522-2220092-421474,404.3801,C
40.81736902,-81.33765095,T11511_Secondary,409.12,
40.81737182,-81.58882482,T11316_Secondary,407.7204,
40.81742951,-81.33892663,OH3P-2289851-421388-2289823-421333,406.1815,ABC
40.81748573,-81.58294115,T11301_Secondary,407.7201,
40.81750505,-81.58303222,OH1P-2222292-420610-2222308-420262,404.3803,A
40.81755226,-81.60124379,OH3P-2217252-420575-2217276-420772,406.13437,ABC
40.81755539,-81.60133825,T11322_Secondary,409.3501,
40.81771764,-81.58559231,OH1P-2221583-420680-2221570-420269,404.3808,B
40.81772698,-81.33895033,OH3P-2289843-421496-2289851-421388,406.1816,ABC
40.81772979,-81.32823247,OH3P-2292810-421537-2292786-420650,406.8612,ABC
40.8177446,-81.58659733,OH1P-2221305-420687-2220909-421263,404.3809,B
40.8177446,-81.58659733,OH1P-2221305-420687-2221583-420680,404.3804,B
40.81776789,-81.58552476,T11307_Secondary,407.72,
40.81781642,-81.58659899,T11308_Secondary,407.7211,
40.81787081,-81.338949,OH3P-2289843-421548-2289849-421592,406.1807,ABC
40.81787362,-81.32823112,OH3P-2292809-421589-2292802-421650,406.8606,ABC
40.81790145,-81.34299532,OH3P-2288723-421545-2288727-421222,406.872,ABC
40.81795683,-81.32856361,OH3P-2292717-421618-2292149-421232,406.184,ABC
40.81796226,-81.3379349,OH3P-2290123-421585-2290149-421403,406.181,ABC
40.81796819,-81.34391623,T11506_Secondary,409.3101,
40.81797306,-81.34777666,OH3P-2287399-421553-2287405-421272,406.8823,ABC
40.81798653,-81.33860763,OH3P-2289937-421592-2290123-421585,406.1809,ABC
40.81798754,-81.33879696,OH3P-2289885-421591-2289849-421592,406.1806,ABC
40.8179903,-81.33907248,OH3P-2289808-421591-2289849-421592,406.1805,ABC
40.81802551,-81.3428995,OH3P-2288749-421590-2288750-421625,406.8709,ABC
40.81802785,-81.32839897,OH3P-2292762-421645-2292802-421650,406.8604,ABC
40.81803781,-81.3414914,OH3P-2289139-421600-2289756-421591,406.873,ABC
40.81806945,-81.34256436,OH3P-2288842-421607-2289139-421600,406.8711,ABC
40.81807643,-81.34508467,OH3P-2288144-421601-2288146-421644,406.8723,ABC
40.81809038,-81.60105463,T11323_Secondary,407.722,
40.81809112,-81.60114917,OH3P-2217276-420772-2217296-421295,406.13438,ABC
40.81810659,-81.33892499,OH3P-2289849-421634-2289849-421592,406.1808,ABC
40.81810765,-81.3427469,OH3P-2288791-421621-2288750-421625,406.8708,ABC
40.81811689,-81.34777535,OH3P-2287399-421606-2287401-421649,406.8812,ABC
40.81812121,-81.3430418,OH3P-2288709-421625-2288750-421625,406.8707,ABC
40.81812221,-81.34323114,OH3P-2288657-421624-2288468-421630,406.8712,ABC
40.81814479,-81.34391315,OH3P-2288468-421630-2288234-421644,406.8725,ABC
40.81817758,-81.32801268,OH3P-2292868-421701-2292802-421650,406.8605,ABC
40.81817815,-81.32818779,OH3P-2292820-421700-2292802-421650,406.8607,ABC
40.81819332,-81.34494719,OH3P-2288181-421644-2288146-421644,406.8722,ABC
40.81819606,-81.3452227,OH3P-2288105-421644-2288146-421644,406.8721,ABC
40.81819706,-81.34541204,OH3P-2288053-421643-2287732-421643,406.8825,ABC
40.81821441,-81.34148832,T11510_Secondary,409.3104,
40.81823278,-81.34744853,OH3P-2287489-421649-2287732-421643,406.8814,ABC
40.81823378,-81.34763787,OH3P-2287437-421649-2287401-421649,406.8811,ABC
40.81823651,-81.34791338,OH3P-2287360-421649-2287401-421649,406.881,ABC
40.81823751,-81.34810272,OH3P-2287308-421648-2287159-421657,406.8815,ABC
40.81825726,-81.60884568,OH3P-2215145-420810-2214338-421444,406.13412,ABC
40.81825726,-81.60884568,OH3P-2215145-420810-2216815-420261,406.13425,ABC
40.81826674,-81.34863915,OH3P-2287159-421657-2287036-421646,406.8829,ABC
40.81827048,-81.34289219,OH3P-2288750-421679-2288750-421625,406.871,ABC
40.81831235,-81.34507523,OH3P-2288145-421687-2288146-421644,406.8724,ABC
40.81835281,-81.34776592,OH3P-2287401-421692-2287401-421649,406.8813,ABC
40.81838464,-81.3465692,T11504_Secondary,409.3204,
40.81844333,-81.34863609,T11503_Secondary,409.3203,
40.81901535,-81.34506663,OH3P-2288144-421943-2288145-421739,406.8727,ABC
40.81901769,-81.34529909,T11505_Secondary,409.31,
40.81933674,-81.58800442,OH1P-2220909-421263-2220922-421814,404.381,B
40.81935461,-81.58791283,T11309_Secondary,407.7212,
40.81945229,-81.58274734,OH1P-2222364-421321-2221338-421340,404.3805,A
40.81945229,-81.58274734,OH1P-2222364-421321-2222292-420610,404.38,A
40.81952411,-81.58274899,T11302_Secondary,407.7207,
40.81952585,-81.60105699,OH3P-2217296-421295-2217305-421365,406.13441,ABC
40.81952897,-81.60115146,T11324_Secondary,407.7221,
40.81953607,-81.58645196,OH1P-2221338-421340-2221362-422187,404.3806,A
40.81955393,-81.58636037,T11303_Secondary,407.7208,
40.81956229,-81.32509335,OH3P-2293669-422216-2292911-421731,406.8615,ABC
40.81971943,-81.60092965,T11325_Secondary,407.7224,
40.81972018,-81.6010242,OH3P-2217305-421365-2217339-422096,406.13439,ABC
40.81993722,-81.59085352,T11315_Secondary,407.7203,
40.81993797,-81.59094807,OH1P-2220092-421474-2220128-422267,404.3813,C
40.8199493,-81.61175711,T11335_Secondary,407.7227,
40.82034099,-81.61230628,OH3P-2214180-421560-2213881-421775,406.13447,ABC
40.82034099,-81.61230628,OH3P-2214180-421560-2214338-421444,406.13446,ABC
40.82041781,-81.61230591,OH3P-2214180-421588-2214200-422228,406.13448,ABC
40.82084875,-81.58784332,T11310_Secondary,407.7213,
40.8208495,-81.58793787,OH1P-2220922-421814-2220536-421858,404.3811,B
40.82086848,-81.61339444,T11341_Secondary,407.7228,
40.8209304,-81.5893972,T11311_Secondary,407.7214,
40.82093909,-81.61337708,OH3P-2213881-421775-2212601-422728,406.13411,ABC
40.82098066,-81.58932965,OH1P-2220536-421858-2220754-422449,404.3812,B
40.82098957,-81.32811224,OH3P-2292827-422725-2292819-421753,406.8617,ABC
40.82110618,-81.32801208,OH3P-2292854-422767-2292827-422725,406.8616,ABC
40.82122102,-81.3377946,OH3P-2290146-422773-2290123-421585,406.1812,ABC
40.82146382,-81.32084774,OH3P-2294835-422924-2293669-422216,406.8613,ABC
40.82172438,-81.60077928,T11326_Secondary,407.7222,
40.82172512,-81.60087383,OH3P-2217339-422096-2217351-422448,406.1344,ABC
40.82185888,-81.58623969,T11305_Secondary,407.7209,
40.82185963,-81.58633424,OH1P-2221362-422187-2221383-422846,404.3807,A
40.82211357,-81.59069584,T11314_Secondary,407.7202,
40.82211432,-81.59079039,OH1P-2220128-422267-2220615-422882,404.3814,C
40.82215075,-81.61229971,T11336_Secondary,407.7229,
40.82217463,-81.61221053,OH3P-2214200-422228-2214220-422836,406.13449,ABC
40.8222192,-81.31872516,T11518_Secondary,409.3001,
40.82237333,-81.31883868,OH3P-2295386-423263-2294835-422924,406.8614,ABC
40.82246956,-81.3186212,OH3P-2295446-423299-2295386-423263,406.8624,ABC
40.82254057,-81.31845653,OH3P-2295491-423326-2295556-423366,406.1928,ABC
40.82255988,-81.58844041,T11312_Secondary,407.7215,
40.82264834,-81.31822129,OH3P-2295556-423366-2295611-423390,406.193,ABC
40.8226901,-81.60081765,OH3P-2217351-422448-2217397-422964,406.13442,ABC
40.82269322,-81.60091212,T11327_Secondary,407.7223,
40.82276595,-81.31822163,OH3P-2295555-423409-2295556-423366,406.1929,ABC
40.82295873,-81.31701969,T11519_Secondary,409.1303,
40.82311287,-81.31713321,OH3P-2295855-423539-2295656-423416,406.1938,ABC
40.8232636,-81.33760288,OH3P-2290189-423518-2290146-422773,406.1813,ABC
40.82335437,-81.32793594,OH3P-2292864-423587-2292854-422767,406.8618,ABC
40.82352192,-81.61798698,T11342_Secondary,409.3506,
40.82359253,-81.61796962,OH3P-2212601-422728-2211924-423186,406.13413,ABC
40.82374026,-81.58623324,T11527_Secondary,407.721,
40.82381872,-81.61220461,T11337_Secondary,407.723,
40.8238426,-81.61211543,OH3P-2214220-422836-2214242-423575,406.1345,ABC
40.82384933,-81.58895708,T11313_Secondary,407.7216,
40.82410362,-81.60053553,T11328_Secondary,407.7225,
40.82410436,-81.60063008,OH3P-2217397-422964-2217458-423552,406.13443,ABC
40.82475669,-81.32781656,OH3P-2292890-424098-2292864-423587,406.8619,ABC
40.82486645,-81.62039596,OH3P-2211924-423186-2210654-423226,406.13414,ABC
40.82494142,-81.62500096,T11343_Secondary,409.3507,
40.82495945,-81.62954354,OH3P-2209393-423194-2209396-423244,406.13428,ABC
40.82501203,-81.62498361,OH3P-2210654-423226-2209515-423245,406.13452,ABC
40.82509608,-81.62953097,OH3P-2209396-423244-2209299-423265,406.13429,ABC
40.82509709,-81.62928882,OH3P-2209463-423245-2209396-423244,406.13427,ABC
40.82512762,-81.63059936,T11351_Secondary,407.7231,
40.82516226,-81.63225749,T11352_Secondary,407.7232,
40.82519823,-81.63058201,OH3P-2209104-423278-2209249-423278,406.13453,ABC
40.82522683,-81.62953133,OH3P-2209395-423292-2209396-423244,406.13426,ABC
40.82523287,-81.63224015,OH3P-2208645-423286-2209104-423278,406.13454,ABC
40.82530289,-81.63625144,T11353_Secondary,407.7233,
40.8253735,-81.6362341,OH3P-2207540-423327-2208645-423286,406.13455,ABC
40.82548702,-81.6401191,T11354_Secondary,409.3508,
40.82549224,-81.3181758,OH3P-2295554-424402-2295555-423461,406.1908,ABC
40.82555763,-81.64010176,OH3P-2206469-423383-2207540-423327,406.13456,ABC
40.82557551,-81.64805656,OH3P-2204267-423368-2204270-423438,406.13402,ABC
40.82562536,-81.64532588,T11355_Secondary,407.7234,
40.82569597,-81.64530855,OH3P-2205027-423419-2204390-423439,406.13415,ABC
40.82569597,-81.64530855,OH3P-2205027-423419-2206469-423383,406.13457,ABC
40.82570362,-81.31800574,OH3P-2295600-424480-2295554-424402,406.1931,ABC
40.82571519,-81.60029541,T11329_Secondary,407.7226,
40.82571593,-81.60038996,OH3P-2217458-423552-2217467-424139,406.13444,ABC
40.82576844,-81.64780117,OH3P-2204337-423439-2204270-423438,406.13401,ABC
40.82584576,-81.61209743,T11338_Secondary,409.3504,
40.82586963,-81.61200824,OH3P-2214242-423575-2214290-424490,406.13451,ABC
40.82589815,-81.64804371,OH3P-2204270-423485-2204270-423438,406.134,ABC
40.82602921,-81.62940627,OH3P-2209427-423584-2209393-423344,406.13459,ABC
40.82604485,-81.62949857,T11350_Secondary,407.7236,
40.8262421,-81.32771752,OH3P-2292910-424640-2292890-424098,406.862,ABC
40.82633188,-81.33736198,OH3P-2290241-424636-2290189-423518,406.1817,ABC
40.82732774,-81.60033277,OH3P-2217467-424139-2217477-424479,406.13445,ABC
40.82733087,-81.60042724,T11330_Secondary,409.3502,
40.82739304,-81.31801717,OH3P-2295589-425095-2295600-424480,406.1932,ABC
40.82755014,-81.31794162,OH3P-2295609-425153-2295589-425095,406.1933,ABC
40.8279419,-81.31769649,T11520_Secondary,409.1304,
40.8279443,-81.31792898,OH3P-2295611-425296-2295609-425153,406.1939,ABC
40.82825926,-81.60018915,T11331_Secondary,409.3503,
40.82826,-81.60028371,OH3P-2217477-424479-2217487-424881,406.13424,ABC
40.82835825,-81.61188915,T11340_Secondary,409.3505,
40.82910151,-81.33725101,OH3P-2290258-425646-2290241-424636,406.1818,ABC
40.82911299,-81.31788701,OH3P-2295617-425722-2295611-425296,406.1934,ABC
40.8291631,-81.31670369,T11521_Secondary,409.1305,
40.8291634,-81.32754055,OH3P-2292945-425704-2292910-424640,406.8621,ABC
40.82917962,-81.62931291,OH3P-2209441-424732-2209427-423584,406.13458,ABC
40.82917962,-81.62931291,OH3P-2209441-424732-2209479-425848,406.1343,ABC
40.82919526,-81.6294052,T11349_Secondary,407.7235,
40.82925682,-81.31788563,OH3P-2295616-425774-2295622-425818,406.1906,ABC
40.82926193,-81.35273641,T24011_Secondary,407.1824,
40.82936309,-81.60023389,OH3P-2217487-424881-2217502-425493,406.13423,ABC
40.82937248,-81.31754415,OH3P-2295710-425818-2295944-425809,406.194,ABC
40.82937498,-81.3178612,OH3P-2295622-425818-2295658-425818,406.1909,ABC
40.82937633,-81.31800908,OH3P-2295581-425818-2295622-425818,406.1905,ABC
40.82940485,-81.3189811,OH3P-2295312-425824-2295529-425817,406.1927,ABC
40.82946051,-81.32752784,OH3P-2292947-425813-2292945-425704,406.8622,ABC
40.8294624,-81.32096311,OH3P-2294764-425838-2295312-425824,406.1926,ABC
40.82949259,-81.31786154,OH3P-2295622-425860-2295622-425818,406.1907,ABC
40.82949749,-81.32130547,OH3P-2294669-425849-2294764-425838,406.1925,ABC
40.82952123,-81.32538522,T11515_Secondary,409.1302,
40.82953885,-81.33721315,OH3P-2290267-425805-2290258-425646,406.1822,ABC
40.82957449,-81.32342433,OH3P-2294082-425869-2294669-425849,406.1924,ABC
40.82960434,-81.32752648,OH3P-2292947-425865-2292953-425908,406.1912,ABC
40.82967578,-81.32483602,OH3P-2293691-425901-2294082-425869,406.1922,ABC
40.82969782,-81.3253821,OH3P-2293540-425907-2293691-425901,406.1937,ABC
40.82972002,-81.32718502,OH3P-2293041-425908-2293540-425907,406.1923,ABC
40.8297225,-81.32750207,OH3P-2292953-425908-2292988-425908,406.1914,ABC
40.82972384,-81.32764995,OH3P-2292912-425908-2292953-425908,406.1911,ABC
40.82978755,-81.32805648,OH3P-2292799-425930-2292860-425908,406.192,ABC
40.82980677,-81.32994045,OH3P-2292278-425930-2292799-425930,406.1919,ABC
40.82983595,-81.33720048,OH3P-2290269-425914-2290267-425805,406.1823,ABC
40.82984011,-81.32750243,OH3P-2292952-425951-2292953-425908,406.1913,ABC
40.8298478,-81.35274081,T24010_Secondary,407.1823,
40.82989545,-81.33530568,T11512_Secondary,409.13,
40.82989776,-81.33019348,OH3P-2292207-425962-2292278-425930,406.1918,ABC
40.82991445,-81.33291987,OH3P-2291453-425958-2290974-425976,406.1917,ABC
40.82991445,-81.33291987,OH3P-2291453-425958-2292207-425962,406.1921,ABC
40.82997978,-81.33719915,OH3P-2290269-425966-2290275-426009,406.182,ABC
40.82998176,-81.33465022,OH3P-2290974-425976-2290921-426004,406.1916,ABC
40.83006102,-81.33483798,OH3P-2290921-426004-2290793-426007,406.1935,ABC
40.83007205,-81.33530259,OH3P-2290793-426007-2290362-426009,406.1915,ABC
40.83009794,-81.33717475,OH3P-2290275-426009-2290310-426009,406.1838,ABC
40.83009927,-81.33732264,OH3P-2290234-426009-2290275-426009,406.1819,ABC
40.83021556,-81.33717513,OH3P-2290274-426052-2290275-426009,406.1821,ABC
40.83065842,-81.35297182,OH3P-2285901-426155-2285578-426165,406.1636,ABC
40.83069304,-81.35604361,OH3P-2285051-426157-2284443-426181,406.1638,ABC
40.83069337,-81.35164914,OH3P-2286267-426173-2285901-426155,406.1635,ABC
40.83069613,-81.35413728,OH3P-2285578-426165-2285285-426161,406.1632,ABC
40.83069721,-81.35519742,OH3P-2285285-426161-2285051-426157,406.1637,ABC
40.8307812,-81.35823913,OH3P-2284443-426181-2284206-426186,406.1631,ABC
40.83080231,-81.35909522,OH3P-2284206-426186-2283847-426197,406.1639,ABC
40.83084679,-81.36039152,OH3P-2283847-426197-2283042-426216,406.1605,ABC
40.83086455,-81.35170637,T22537_Secondary,409.11,
40.83086963,-81.35604057,T22539_Secondary,409.1102,
40.83087272,-81.35413423,T22538_Secondary,409.1101,
40.83089922,-81.35013229,OH3P-2286685-426253-2286267-426173,406.1606,ABC
40.83092689,-81.36329825,OH3P-2283042-426216-2282701-426224,406.163,ABC
40.83092689,-81.36329825,OH3P-2283042-426216-2283308-426926,406.1634,ABC
40.83095779,-81.35823609,T22540_Secondary,409.1103,
40.83096367,-81.36480047,OH3P-2282626-426224-2282263-426236,406.7617,ABC
40.83099262,-81.34550745,T24002_Secondary,407.1822,
40.83100999,-81.36611446,OH3P-2282263-426236-2279626-426316,406.7614,ABC
40.83100999,-81.36611446,OH3P-2282263-426236-2282338-428234,406.7616,ABC
40.83101203,-81.34924868,OH3P-2286929-426298-2286685-426253,406.1679,ABC
40.83102338,-81.36038849,T22541_Secondary,409.1104,
40.8310704,-81.35018951,T22716_Secondary,409.1109,
40.83110941,-81.34834411,OH3P-2287179-426337-2287003-426311,406.1626,ABC
40.83110941,-81.34834411,OH3P-2287179-426337-2287240-426145,406.1687,ABC
40.83132469,-81.3756399,OH3P-2279626-426316-2278031-426362,406.7618,ABC
40.83133598,-81.33714371,OH3P-2290277-426460-2290274-426104,406.1837,ABC
40.8314736,-81.31779071,OH3P-2295632-426582-2295621-425913,406.191,ABC
40.831476,-81.31802321,T11514_Secondary,409.1301,
40.83150812,-81.3816702,OH3P-2277956-426362-2276284-426397,406.7613,ABC
40.83157363,-81.34669905,OH3P-2287632-426512-2287179-426337,406.1607,ABC
40.8316633,-81.38771142,OH3P-2276284-426397-2276022-427152,406.7612,ABC
40.83168066,-81.33707703,OH3P-2290294-426586-2290277-426460,406.1824,ABC
40.83171613,-81.35337767,T22543_Secondary,407.1606,
40.83172746,-81.35451245,T22544_Secondary,407.1607,
40.83175098,-81.35576343,T22545_Secondary,407.1608,
40.83175528,-81.34519246,OH1P-2288048-426583-2288029-426304,404.1107,A
40.83178569,-81.35702877,T22546_Secondary,407.1609,
40.83182009,-81.35826501,T22547_Secondary,407.161,
40.83185722,-81.35977768,T22548_Secondary,407.1611,
40.83193955,-81.36139143,T22549_Secondary,407.1612,
40.83199938,-81.34527626,OH1P-2288024-426672-2288035-426741,404.1106,A
40.83210334,-81.31778761,OH3P-2295629-426812-2295632-426582,406.1936,ABC
40.83218883,-81.34523323,OH3P-2288035-426741-2287632-426512,406.1678,ABC
40.83220007,-81.34651585,T22701_Secondary,407.1754,
40.832257,-81.62922985,T11348_Secondary,407.7238,
40.83229968,-81.31769056,OH3P-2295655-426884-2295629-426812,406.1904,ABC
40.83243198,-81.35201215,T22550_Secondary,407.1601,
40.8326123,-81.35347857,T22551_Secondary,407.1613,
40.83268847,-81.35446673,T22552_Secondary,407.1614,
40.83268975,-81.35570356,T22553_Secondary,407.1615,
40.83271211,-81.35683817,T22554_Secondary,407.1616,
40.8327257,-81.34493516,T22711_Secondary,407.1757,
40.8327372,-81.35824921,T22555_Secondary,407.1617,
40.83279354,-81.35947054,T22556_Secondary,407.1618,
40.83284171,-81.36098304,T22557_Secondary,407.1619,
40.83286762,-81.36230457,OH3P-2283308-426926-2283554-427554,406.1633,ABC
40.83289843,-81.34782785,T22703_Secondary,407.1763,
40.83300668,-81.3465018,T22702_Secondary,407.1755,
40.83309849,-81.33703395,OH3P-2290299-427103-2290294-426586,406.1825,ABC
40.83326705,-81.32734825,OH3P-2292978-427200-2292020-427249,406.1828,ABC
40.83331103,-81.34489585,T22712_Secondary,407.1756,
40.83332495,-81.35289886,T22558_Secondary,407.1602,
40.83343587,-81.33080729,OH3P-2292020-427249-2290321-427254,406.1827,ABC
40.83351205,-81.33694787,OH3P-2290321-427254-2290299-427103,406.1826,ABC
40.83351762,-81.35449605,T22559_Secondary,407.162,
40.83356208,-81.35563029,T22560_Secondary,407.1621,
40.83358545,-81.35686675,T22561_Secondary,407.1622,
40.83364253,-81.35816084,T22562_Secondary,407.1623,
40.83365627,-81.35954299,T22563_Secondary,407.1624,
40.83370271,-81.36088092,T22564_Secondary,407.1625,
40.83374425,-81.38862232,OH3P-2276022-427152-2275539-429084,406.7611,ABC
40.83377169,-81.34109484,OH3P-2289172-427333-2288035-426741,406.1686,ABC
40.83392512,-81.62908423,OH3P-2209487-426462-2209479-425848,406.13433,ABC
40.83392512,-81.62908423,OH3P-2209487-426462-2209504-427077,406.13432,ABC
40.83394075,-81.62917654,T11347_Secondary,407.7237,
40.83394805,-81.34341491,T22713_Secondary,407.1768,
40.83394834,-81.34116634,OH1P-2289152-427397-2289172-427333,404.1103,B
40.83412088,-81.3401065,OH3P-2289444-427464-2289172-427333,406.1616,ABC
40.83423188,-81.35297046,T22565_Secondary,407.1603,
40.83435117,-81.34723494,T22705_Secondary,407.1765,
40.83442382,-81.35449493,T22566_Secondary,407.1631,
40.83442585,-81.34476,T22714_Secondary,407.1758,
40.83443717,-81.34919791,T22704_Secondary,407.1764,
40.83444605,-81.35561502,T22567_Secondary,407.163,
40.834503,-81.35689457,T22568_Secondary,407.1629,
40.83452548,-81.35804376,T22569_Secondary,407.1628,
40.83457251,-81.35943991,T22570_Secondary,407.1627,
40.83458118,-81.36031285,T22571_Secondary,407.1626,
40.83458254,-81.36138747,OH3P-2283554-427554-2283968-428682,406.1624,ABC
40.83458607,-81.3413664,OH1P-2289093-427629-2289127-427486,404.1104,B
40.83462951,-81.34114101,T22699_Secondary,407.1752,
40.83468518,-81.34637071,T22706_Secondary,407.176,
40.83476183,-81.32727955,OH3P-2292990-427745-2292978-427200,406.1829,ABC
40.8347642,-81.32751207,T11513_Secondary,409.1201,
40.83502167,-81.35680037,T22575_Secondary,407.164,
40.83507426,-81.35321781,T22572_Secondary,407.1604,
40.8351041,-81.33843038,OH1P-2289903-427828-2289882-427891,404.1101,A
40.8351041,-81.33843038,OH3P-2289903-427828-2289444-427464,406.1615,ABC
40.83526373,-81.35449495,T22573_Secondary,407.1632,
40.83528599,-81.3600532,T22583_Secondary,407.1639,
40.83529438,-81.3272881,OH3P-2292985-427939-2292990-427745,406.1841,ABC
40.83535196,-81.35558481,T22574_Secondary,407.1633,
40.83538704,-81.32716277,OH3P-2293019-427973-2292985-427939,406.183,ABC
40.83552124,-81.3385884,OH1P-2289857-427980-2289839-428113,404.11,A
40.83562439,-81.34635435,T22707_Secondary,407.1761,
40.83566971,-81.35640863,T22578_Secondary,407.1641,
40.83567666,-81.35710728,T22580_Secondary,407.1636,
40.83569012,-81.35846037,T22582_Secondary,407.1638,
40.83571791,-81.3446647,T22715_Secondary,407.1759,
40.83588854,-81.33864754,OH1P-2289839-428113-2289791-428483,404.1102,A
40.83593197,-81.33842214,T22697_Secondary,407.175,
40.83603149,-81.35389973,T22576_Secondary,407.1605,
40.8361483,-81.34176108,OH1P-2288976-428196-2289093-427629,404.1105,B
40.83617653,-81.31147574,OH3P-2297355-428319-2297361-428556,406.24,ABC
40.83619174,-81.34153568,T22700_Secondary,407.1753,
40.83622371,-81.35545333,T22577_Secondary,407.1634,
40.83624825,-81.31199833,OH3P-2297211-428343-2297211-428556,406.23,ABC
40.83634996,-81.33650221,OH3P-2290430-428289-2289903-427828,406.1683,ABC
40.83637891,-81.62893764,OH3P-2209519-427356-2209504-427077,406.1346,ABC
40.83638596,-81.31249063,OH3P-2297074-428392-2297068-428556,406.22,ABC
40.83639454,-81.62902994,T11346_Secondary,407.7239,
40.83649097,-81.31302718,OH3P-2296925-428428-2296923-428556,406.21,ABC
40.83649206,-81.32715048,OH3P-2293017-428376-2293019-427973,406.1831,ABC
40.83654438,-81.31517731,OH3P-2296330-428439-2295675-428445,406.19,ABC
40.83658454,-81.31754131,OH3P-2295675-428445-2295655-426884,406.1903,ABC
40.83664134,-81.31531694,OH3P-2296290-428474-2295193-428484,406.1834,ABC
40.83666773,-81.35898182,T22581_Secondary,407.1637,
40.8367098,-81.31928118,OH3P-2295193-428484-2293333-428555,406.1833,ABC
40.83673876,-81.35723434,T22579_Secondary,407.1635,
40.83686114,-81.33902735,T22698_Secondary,407.1751,
40.83697209,-81.32599963,OH3P-2293333-428555-2293017-428376,406.1832,ABC
40.83699076,-81.33554711,OH3P-2290692-428526-2290430-428289,406.1608,ABC
40.83699375,-81.34736358,T22709_Secondary,407.1766,
40.8370338,-81.3491528,T22708_Secondary,407.1767,
40.83707508,-81.31501037,OH3P-2296373-428633-2296477-428638,406.2,ABC
40.8371173,-81.33570934,T22696_Secondary,407.1749,
40.83731467,-81.34629581,T22710_Secondary,407.1762,
40.8373597,-81.30955552,TMS-2297881-428758-2351322-484516,413.1017,ABC
40.8374935,-81.31462657,OH3P-2296477-428787-2296334-428793,406.1902,ABC
40.83751499,-81.31514435,OH3P-2296334-428793-2296330-428439,406.1901,ABC
40.83759345,-81.33449602,OH3P-2290979-428750-2290692-428526,406.1677,ABC
40.83766154,-81.35983565,OH3P-2283968-428682-2284199-429262,406.1617,ABC
40.83774757,-81.3346096,T22695_Secondary,407.1748,
40.83788564,-81.31461955,OH3P-2296477-428930-2296294-428933,406.1836,ABC
40.83790082,-81.31527986,OH3P-2296294-428933-2296290-428474,406.1835,ABC
40.83799365,-81.33801808,T22458_Secondary,407.1423,
40.83802693,-81.33912348,T22478_Secondary,407.1424,
40.8380826,-81.3402576,T22477_Secondary,407.1425,
40.83814789,-81.34234785,T22476_Secondary,407.1442,
40.8381752,-81.34349078,T22475_Secondary,407.1443,
40.83821148,-81.3475608,T22502_Secondary,407.1467,
40.83822575,-81.34459172,T22468_Secondary,407.1444,
40.83826578,-81.34966968,T22501_Secondary,407.1468,
40.83830442,-81.31526487,OH3P-2296297-429080-2296477-429075,406.17,ABC
40.83830906,-81.36624444,T22773_Secondary,407.1808,
40.83832742,-81.36569814,OH3P-2282343-428903-2282338-428309,406.1629,ABC
40.83832742,-81.36569814,OH3P-2282343-428903-2282354-429559,406.1681,ABC
40.83833928,-81.31063477,TMS-2297577-429110-2287471-416716,413.1009,ABC
40.83834745,-81.6288182,OH3P-2209545-428073-2209519-427356,406.13461,ABC
40.83834745,-81.6288182,OH3P-2209545-428073-2209559-428454,406.13431,ABC
40.83835567,-81.35202562,T22489_Secondary,407.1455,
40.83835927,-81.33700768,T22457_Secondary,407.1422,
40.83836308,-81.62891051,T11345_Secondary,409.3509,
40.83846528,-81.34657901,T22467_Secondary,407.1441,
40.83848669,-81.3386496,T22461_Secondary,407.145,
40.83849753,-81.36743439,T22772_Secondary,407.1809,
40.83851243,-81.34560499,T22469_Secondary,407.1451,
40.83853239,-81.36872896,T22771_Secondary,407.181,
40.83857815,-81.3700088,T22769_Secondary,407.1811,
40.83860703,-81.34292606,T22479_Secondary,407.143,
40.83862332,-81.37123043,T22768_Secondary,407.1812,
40.83863381,-81.33286034,OH3P-2291427-429135-2290979-428750,406.1676,ABC
40.83864041,-81.34404603,T22472_Secondary,407.1433,
40.83865266,-81.3409556,T22484_Secondary,407.1448,
40.83865571,-81.37227766,T22766_Secondary,407.1813,
40.83866585,-81.37331071,T22765_Secondary,407.1814,
40.8387035,-81.3748963,T22764_Secondary,407.1815,
40.83884293,-81.34003847,T22485_Secondary,407.1447,
40.8389643,-81.34878453,T22499_Secondary,407.1465,
40.83906492,-81.39027934,OH3P-2275539-429084-2275399-429789,406.7615,ABC
40.83907223,-81.31053705,TMS-2297601-429378-2318769-433790,413.1002,ABC
40.83910508,-81.33893921,T22462_Secondary,407.1446,
40.83911199,-81.34699213,T22500_Secondary,407.1462,
40.83913982,-81.3409336,T22483_Secondary,407.1431,
40.83915295,-81.34997443,T22498_Secondary,407.1466,
40.8392026,-81.37394175,T22763_Secondary,407.1805,
40.83921156,-81.35141413,T22488_Secondary,407.1454,
40.83923077,-81.33694737,T22456_Secondary,407.1421,
40.83928026,-81.36947277,T22770_Secondary,407.1807,
40.8393383,-81.37200394,T22767_Secondary,407.1806,
40.83938126,-81.33777819,T22460_Secondary,407.142,
40.83938853,-81.33802452,OH1P-2289994-429390-2289983-429363,404.1002,B
40.83942398,-81.35883637,OH3P-2284236-429327-2284441-429799,406.1627,ABC
40.83946779,-81.34657818,T22466_Secondary,407.144,
40.8395057,-81.3421973,T22482_Secondary,407.1432,
40.83952062,-81.34548246,T22470_Secondary,407.1437,
40.83958292,-81.37553608,T22761_Secondary,407.1803,
40.8395868,-81.344451,T22473_Secondary,407.1435,
40.83961503,-81.31375704,OH3P-2296707-429563-2296621-429779,406.1613,ABC
40.83961503,-81.31375704,OH3P-2296707-429563-2296728-429478,406.16,ABC
40.83963692,-81.33964591,T22463_Secondary,407.1426,
40.83971998,-81.3433223,T22480_Secondary,407.1429,
40.83972056,-81.31327491,OH3P-2296840-429604-2296731-429879,406.1335,ABC
40.83972056,-81.31327491,OH3P-2296840-429604-2296868-429529,406.13,ABC
40.83978837,-81.37394634,T22762_Secondary,407.1804,
40.83980677,-81.31039012,TMS-2297638-429646-2294876-455971,413.1004,ABC
40.83985924,-81.31279218,OH3P-2296973-429656-2297002-429578,406.12,ABC
40.83993665,-81.34876762,T22496_Secondary,407.1464,
40.8399442,-81.32983412,OH3P-2292258-429623-2291427-429135,406.1609,ABC
40.83997552,-81.31228074,OH3P-2297114-429700-2297138-429627,406.11,ABC
40.84003985,-81.34694687,T22497_Secondary,407.1461,
40.84009113,-81.34985627,T22495_Secondary,407.1463,
40.84009832,-81.3299477,T22694_Secondary,409.1108,
40.84012811,-81.36562887,OH3P-2282354-429559-2282365-429925,406.1604,ABC
40.84013266,-81.3148049,T201SS_Secondary,409.94,
40.84013266,-81.3148049,T202SS_Secondary,409.9401,
40.84013266,-81.3148049,T203SS_Secondary,409.9402,
40.84013439,-81.34097842,T22464_Secondary,407.1427,
40.84016138,-81.351354,T22487_Secondary,407.1453,
40.84018451,-81.34273837,T22481_Secondary,407.1428,
40.8402094,-81.31405928,OH3P-2296621-429779-2296601-430272,406.1614,ABC
40.84026784,-81.34513766,T22471_Secondary,407.1436,
40.84028972,-81.3440167,T22474_Secondary,407.1434,
40.8402964,-81.34655336,T22465_Secondary,407.1438,
40.84032543,-81.3667628,T22747_Secondary,407.1789,
40.84034552,-81.36767929,T22748_Secondary,407.179,
40.84036661,-81.36869763,T22749_Secondary,407.1791,
40.84041409,-81.37015211,T22753_Secondary,407.1794,
40.8404251,-81.37127249,T22754_Secondary,407.1796,
40.84046766,-81.33850341,T22459_Secondary,407.1419,
40.84048151,-81.3136542,OH3P-2296731-429879-2297293-430083,406.1336,ABC
40.84050298,-81.37244995,T22757_Secondary,407.1799,
40.84054392,-81.37437023,T22760_Secondary,407.1801,
40.84056257,-81.35730999,OH3P-2284653-429748-2284441-429799,406.1688,ABC
40.84064774,-81.33701511,T22455_Secondary,407.1408,
40.84071078,-81.35807318,OH3P-2284441-429799-2284787-429998,406.1618,ABC
40.84075253,-81.39624894,OH3P-2273880-429678-2275399-429789,406.7602,ABC
40.84082115,-81.34770443,T22494_Secondary,407.146,
40.84089904,-81.34009185,T22454_Secondary,407.1414,
40.84092606,-81.36938647,T22752_Secondary,407.1795,
40.84095748,-81.34150248,T22453_Secondary,407.1415,
40.84097822,-81.34246262,T22452_Secondary,407.1416,
40.84099999,-81.34681373,T22493_Secondary,407.1459,
40.84100346,-81.39075102,OH3P-2275399-429789-2275099-431236,406.7601,ABC
40.8410192,-81.3116154,OH3P-2297293-430083-2298087-430376,406.1408,ABC
40.84102237,-81.35125175,T22486_Secondary,407.1452,
40.84107359,-81.34425098,T22451_Secondary,407.1417,
40.84108966,-81.35670084,T22602_Secondary,407.1659,
40.84110769,-81.34983862,T22490_Secondary,407.1456,
40.84110842,-81.34551649,T22450_Secondary,407.1418,
40.84113156,-81.36557033,OH3P-2282365-429925-2282385-430670,406.1684,ABC
40.84113386,-81.36580287,T22746_Secondary,409.111,
40.84114957,-81.37188578,T22756_Secondary,407.1798,
40.8411904,-81.31167253,T22683_Secondary,409.1009,
40.8411917,-81.3971595,OH3P-2273626-429835-2273880-429678,406.7603,ABC
40.8411999,-81.37364599,T22758_Secondary,407.18,
40.84124375,-81.35681448,OH3P-2284787-429998-2285126-430191,406.1646,ABC
40.8412805,-81.32688328,OH3P-2293068-430121-2292258-429623,406.1675,ABC
40.8412805,-81.32688328,OH3P-2293068-430121-2293061-430815,406.167,ABC
40.84138298,-81.36083615,T22777_Secondary,407.1819,
40.84144622,-81.36275607,T22778_Secondary,407.182,
40.84146376,-81.34646026,T22449_Secondary,407.1439,
40.84147167,-81.36755829,T22751_Secondary,407.1793,
40.84150526,-81.37547434,T22759_Secondary,407.1802,
40.84156371,-81.3141078,OH3P-2296601-430272-2295755-430342,406.1612,ABC
40.84157109,-81.39805443,OH3P-2273376-429970-2273560-429872,406.7619,ABC
40.84159208,-81.34854981,T22491_Secondary,407.1457,
40.84161355,-81.33642662,T22441_Secondary,407.1407,
40.8416852,-81.3539617,T22601_Secondary,409.1105,
40.8417411,-81.40427306,OH3P-2271655-430010-2273376-429970,406.7604,ABC
40.84174527,-81.34729557,T22492_Secondary,407.1458,
40.84176348,-81.35558099,OH3P-2285126-430191-2285110-430494,406.1623,ABC
40.84178859,-81.31715997,OH3P-2295755-430342-2295757-430646,406.1665,ABC
40.84179384,-81.30873038,OH3P-2298087-430376-2298402-430503,406.1407,ABC
40.84183292,-81.3383,T22442_Secondary,407.1405,
40.84186179,-81.35395865,OH3P-2285574-430233-2285126-430191,406.1645,ABC
40.84187301,-81.34023488,T22443_Secondary,407.1409,
40.84190447,-81.34527799,OH1P-2287976-430280-2287938-430281,404.1001,B
40.84192388,-81.35245027,OH3P-2285991-430261-2285574-430233,406.1625,ABC
40.84193834,-81.35095731,OH3P-2286404-430272-2286066-430262,406.1342,ABC
40.84195324,-81.36373699,T22779_Secondary,407.1821,
40.84195604,-81.3418925,T22444_Secondary,407.141,
40.84196504,-81.30878751,T22682_Secondary,409.1008,
40.84202654,-81.34340481,T22446_Secondary,407.1411,
40.84206809,-81.34972218,OH3P-2286745-430324-2286404-430272,406.1314,ABC
40.84207951,-81.34521681,T22447_Secondary,407.1412,
40.84220542,-81.36913192,T22750_Secondary,407.1792,
40.84220822,-81.37166415,T22755_Secondary,407.1797,
40.84223927,-81.34977942,T22503_Secondary,407.1469,
40.84224913,-81.34888535,OH3P-2286976-430393-2286745-430324,406.1399,ABC
40.84234511,-81.36089249,T22776_Secondary,407.1818,
40.84239314,-81.34595859,T22448_Secondary,407.1413,
40.84239927,-81.34836109,OH3P-2287120-430449-2286976-430393,406.1397,ABC
40.84254303,-81.33935839,T22439_Secondary,407.1406,
40.84257045,-81.34841832,T22504_Secondary,407.147,
40.84258014,-81.34772987,OH3P-2287294-430517-2287120-430449,406.14,ABC
40.84259597,-81.3556229,OH3P-2285110-430494-2285097-430817,406.1644,ABC
40.84259829,-81.35585545,T22600_Secondary,407.1658,
40.84260045,-81.34395295,T22445_Secondary,407.1445,
40.84261872,-81.31690732,T22684_Secondary,407.174,
40.84262112,-81.31713987,OH3P-2295757-430646-2295757-431250,406.1666,ABC
40.84278159,-81.37489991,T22732_Secondary,407.1777,
40.84283877,-81.33738004,T22440_Secondary,407.1404,
40.84298028,-81.34232048,T22437_Secondary,407.1402,
40.8430659,-81.37307067,T22736_Secondary,407.1784,
40.84307838,-81.34617126,OH3P-2287723-430705-2287294-430517,406.1398,ABC
40.84311558,-81.3429956,T22435_Secondary,407.1401,
40.84311621,-81.36959664,T22739_Secondary,407.1783,
40.8431728,-81.36522976,T22745_Secondary,409.1111,
40.84317509,-81.3654623,OH3P-2282385-430670-2282390-431085,406.1685,ABC
40.84318285,-81.32664088,T22689_Secondary,407.1744,
40.84318522,-81.32687342,OH3P-2293061-430815-2293067-431127,406.1671,ABC
40.84328778,-81.34469762,T22436_Secondary,407.1449,
40.84331695,-81.36193819,T22775_Secondary,407.1817,
40.84335263,-81.36817582,T22740_Secondary,407.1786,
40.84335429,-81.34097509,T22438_Secondary,407.1403,
40.84343418,-81.34594504,OH3P-2287784-430835-2287723-430705,406.1412,ABC
40.84343835,-81.33833936,T22428_Secondary,407.1396,
40.84344188,-81.34481123,OH3P-2288097-430842-2287723-430705,406.1315,ABC
40.84346673,-81.37152628,T22737_Secondary,407.1782,
40.84347885,-81.35542268,T22598_Secondary,407.1656,
40.84348116,-81.35565523,OH3P-2285097-430817-2285089-431136,406.1642,ABC
40.8436545,-81.37488508,T22731_Secondary,407.1776,
40.84372039,-81.366898,T22741_Secondary,407.1785,
40.84379714,-81.3434663,OH3P-2288468-430976-2288097-430842,406.1396,ABC
40.84379956,-81.33690794,T22424_Secondary,407.1395,
40.84385994,-81.32368876,OH3P-2293939-431072-2293068-430121,406.161,ABC
40.84385994,-81.32368876,OH3P-2293939-431072-2294577-431767,406.1673,ABC
40.84396534,-81.33948393,T22429_Secondary,407.1397,
40.84398649,-81.32385098,T22690_Secondary,409.1107,
40.84403895,-81.32660388,T22691_Secondary,407.1745,
40.84404133,-81.32683643,OH3P-2293067-431127-2293067-431479,406.1672,ABC
40.84423199,-81.37712574,T22730_Secondary,407.1772,
40.84424596,-81.38111843,T22727_Secondary,407.1787,
40.84425527,-81.37868898,T22728_Secondary,407.1771,
40.84427623,-81.31687771,T22685_Secondary,407.1741,
40.84427863,-81.31711026,OH3P-2295757-431250-2295765-432180,406.1667,ABC
40.84431458,-81.36542618,OH3P-2282390-431085-2282413-431554,406.168,ABC
40.8443582,-81.3556684,OH3P-2285089-431136-2285065-431460,406.1643,ABC
40.84436052,-81.35590095,T22599_Secondary,407.1657,
40.84439183,-81.34167634,T22434_Secondary,407.14,
40.84441354,-81.3801696,T22726_Secondary,407.177,
40.84446612,-81.33768213,T22425_Secondary,407.1394,
40.84454261,-81.36631224,T22743_Secondary,407.178,
40.84454593,-81.34178995,OH3P-2288928-431255-2288468-430976,406.1316,ABC
40.8445592,-81.37136212,T22735_Secondary,407.1778,
40.84466009,-81.34003997,T22430_Secondary,407.1398,
40.8446628,-81.3387486,T22427_Secondary,407.1393,
40.84466775,-81.36779459,T22742_Secondary,407.1781,
40.84476705,-81.37565196,T22729_Secondary,407.1773,
40.84477538,-81.37311945,T22734_Secondary,407.1775,
40.84479744,-81.36189819,T22774_Secondary,407.1816,
40.84491294,-81.36911493,T22738_Secondary,407.1779,
40.84500568,-81.32658675,T22692_Secondary,407.1746,
40.84500806,-81.3268193,OH3P-2293067-431479-2293071-431733,406.1674,ABC
40.84505977,-81.37393078,T22733_Secondary,407.1774,
40.84511988,-81.37894983,T22725_Secondary,407.1769,
40.84515593,-81.33553975,T22423_Secondary,407.1392,
40.84518008,-81.39186308,OH3P-2275072-431306-2275007-431751,406.6324,ABC
40.84523495,-81.34029026,OH3P-2289339-431512-2288928-431255,406.1395,ABC
40.84524625,-81.35573911,OH3P-2285065-431460-2284411-431479,406.1653,ABC
40.8453235,-81.35810485,OH3P-2284411-431479-2284125-431491,406.1654,ABC
40.84536692,-81.35913756,OH3P-2284125-431491-2283927-431503,406.1619,ABC
40.84540401,-81.34006898,OH3P-2289400-431574-2289339-431512,406.1391,ABC
40.84540729,-81.36012432,OH3P-2283852-431502-2283533-431515,406.1628,ABC
40.84545445,-81.3612755,OH3P-2283533-431515-2283315-431525,406.1656,ABC
40.84548866,-81.36206229,OH3P-2283315-431525-2282776-431548,406.1655,ABC
40.84550009,-81.35810181,T22637_Secondary,407.1695,
40.84554351,-81.35913453,T22638_Secondary,407.1696,
40.84556994,-81.36400967,OH3P-2282776-431548-2282413-431554,406.162,ABC
40.84560181,-81.36531986,OH3P-2282413-431554-2281271-431588,406.166,ABC
40.84560676,-81.34107176,T22415_Secondary,407.1383,
40.84563104,-81.36127247,T22640_Secondary,407.1698,
40.84570175,-81.32655986,T22693_Secondary,407.1747,
40.84571531,-81.35306251,T22596_Secondary,407.1654,
40.84573567,-81.36944786,OH3P-2281271-431588-2280864-431588,406.1659,ABC
40.84574232,-81.32134849,OH3P-2294577-431767-2295374-432647,406.1669,ABC
40.84574653,-81.36400665,T22639_Secondary,407.1697,
40.84575013,-81.37091758,OH3P-2280864-431588-2280490-431600,406.1658,ABC
40.84575402,-81.33938611,T22418_Secondary,407.1386,
40.84577628,-81.37710464,T22744_Secondary,407.1788,
40.84579657,-81.37227031,OH3P-2280490-431600-2280049-431612,406.1602,ABC
40.84584223,-81.34258134,T22406_Secondary,407.1382,
40.84584376,-81.37386103,OH3P-2280049-431612-2279564-431637,406.1664,ABC
40.84584436,-81.33958597,OH3P-2289531-431736-2289400-431574,406.1317,ABC
40.84586888,-81.32151071,T22688_Secondary,407.1743,
40.84592884,-81.3756155,OH3P-2279564-431637-2279152-431640,406.1682,ABC
40.84595287,-81.37710165,OH3P-2279152-431640-2278855-431649,406.1663,ABC
40.84598703,-81.37817603,OH3P-2278855-431649-2278597-431653,406.1662,ABC
40.84600717,-81.37910715,OH3P-2278597-431653-2277617-431659,406.1601,ABC
40.84606073,-81.38292145,OH3P-2277542-431659-2277082-431698,406.6319,ABC
40.84617246,-81.40831126,OH3P-2270518-431610-2271655-430010,406.7605,ABC
40.8461827,-81.33473082,T22422_Secondary,407.1391,
40.84618522,-81.3845837,OH3P-2277082-431698-2275007-431751,406.6318,ABC
40.84624438,-81.34417123,T22405_Secondary,407.1381,
40.84629844,-81.36739105,T22669_Secondary,407.171,
40.84640381,-81.3920796,OH3P-2275007-431751-2274737-433078,406.6316,ABC
40.84644498,-81.34537965,T22404_Secondary,407.1379,
40.84649197,-81.3380728,T22426_Secondary,407.139,
40.84654929,-81.35563655,OH3P-2285088-431935-2285065-431460,406.164,ABC
40.84658832,-81.33930802,OH3P-2289604-432008-2289531-431736,406.139,ABC
40.84659249,-81.34146193,T22412_Secondary,407.1368,
40.84662537,-81.3769447,T22645_Secondary,407.173,
40.84670293,-81.33590029,T22421_Secondary,407.1389,
40.84671034,-81.36209684,T22635_Secondary,407.1681,
40.84672707,-81.35701832,T22608_Secondary,407.1683,
40.84676628,-81.36525319,OH3P-2282426-431979-2282413-431554,406.1603,ABC
40.84676983,-81.36914144,T22666_Secondary,407.1713,
40.84682835,-81.31680301,T22686_Secondary,407.1742,
40.84683075,-81.31703557,OH3P-2295765-432180-2295765-433110,406.1611,ABC
40.84685341,-81.37202176,T22663_Secondary,407.1718,
40.84686088,-81.35751595,T22609_Secondary,407.1685,
40.84691835,-81.36404476,T22636_Secondary,407.1682,
40.84702338,-81.34254597,T22409_Secondary,407.137,
40.84708998,-81.3579447,T22610_Secondary,407.1694,
40.84711579,-81.35609585,T22607_Secondary,407.1688,
40.84713625,-81.37833325,T22644_Secondary,407.1731,
40.84714452,-81.36801697,T22670_Secondary,407.1709,
40.84715111,-81.37083766,T22664_Secondary,407.1733,
40.84718414,-81.37531997,T22647_Secondary,407.1725,
40.84718597,-81.30742121,OH3P-2298422-432345-2298402-430503,406.1334,ABC
40.84719198,-81.3738644,T22656_Secondary,407.1722,
40.84725438,-81.34406517,T22407_Secondary,407.1374,
40.84743019,-81.34022763,T22413_Secondary,407.1367,
40.84747232,-81.33767711,T22419_Secondary,407.1387,
40.84747477,-81.36908439,T22668_Secondary,407.1712,
40.8475091,-81.33895508,OH3P-2289698-432345-2289604-432008,406.1386,ABC
40.8475766,-81.35558969,OH3P-2285096-432309-2285088-431935,406.1649,ABC
40.84759383,-81.34533051,T22403_Secondary,407.138,
40.84760485,-81.35756048,T22825_Secondary,407.1689,
40.84768249,-81.35863194,T22611_Secondary,407.1684,
40.84768615,-81.35140103,T22593_Secondary,407.1647,
40.84769704,-81.35343573,T22594_Secondary,407.1652,
40.84774006,-81.35442469,T22595_Secondary,407.1653,
40.84789716,-81.36372507,T22626_Secondary,407.168,
40.84790456,-81.34176985,T22410_Secondary,407.1371,
40.84792411,-81.33876883,OH3P-2289747-432497-2289698-432345,406.1387,ABC
40.8479457,-81.37674271,T22646_Secondary,407.1729,
40.84797209,-81.33899267,T22417_Secondary,407.1385,
40.8479894,-81.37066312,T22665_Secondary,407.1714,
40.84799496,-81.34306362,T22408_Secondary,407.1373,
40.84801258,-81.3610352,T22624_Secondary,407.1677,
40.8480326,-81.33625548,T22420_Secondary,407.1388,
40.84804231,-81.3783179,T22643_Secondary,407.1732,
40.84812702,-81.31842492,OH3P-2295374-432647-2295765-433110,406.1668,ABC
40.84813832,-81.35667362,T22604_Secondary,407.1687,
40.84814013,-81.35557995,OH3P-2285096-432514-2285096-432309,406.1621,ABC
40.84818179,-81.35795716,T22613_Secondary,407.1691,
40.8481824,-81.36668655,T22672_Secondary,407.1701,
40.84818969,-81.37192623,T22662_Secondary,407.1717,
40.84819387,-81.36778206,T22671_Secondary,407.1708,
40.84825358,-81.31858715,T22687_Secondary,407.1739,
40.84826887,-81.36005708,T22614_Secondary,407.1693,
40.84829759,-81.35603061,T22603_Secondary,407.1686,
40.84842169,-81.37529895,T22648_Secondary,407.1724,
40.8484333,-81.34528676,T22402_Secondary,407.1378,
40.84847316,-81.37378439,T22657_Secondary,407.1721,
40.84864746,-81.33847861,OH3P-2289824-432762-2289747-432497,406.1389,ABC
40.84866209,-81.35749943,T22612_Secondary,407.169,
40.84869498,-81.3526616,T22592_Secondary,407.1649,
40.84869544,-81.33870245,T22416_Secondary,407.1384,
40.84873016,-81.35397092,T22591_Secondary,407.165,
40.84875458,-81.35640112,T22606_Secondary,407.1662,
40.84876556,-81.34004414,T22414_Secondary,407.1366,
40.84882091,-81.36515977,OH3P-2282442-432728-2282426-431979,406.165,ABC
40.8489396,-81.35501509,T22590_Secondary,407.1651,
40.84895046,-81.30867991,T22529_Secondary,407.15,
40.84896133,-81.37060288,T22667_Secondary,407.1711,
40.84898331,-81.36387835,T22627_Secondary,407.1679,
40.84900054,-81.34134702,T22411_Secondary,407.1369,
40.8490159,-81.35176698,T22587_Secondary,407.1646,
40.84905062,-81.3265877,T22524_Secondary,407.149,
40.84915144,-81.37646522,T22649_Secondary,407.1728,
40.84917535,-81.35975193,T22622_Secondary,407.1692,
40.84925934,-81.3439189,T22400_Secondary,407.1375,
40.84926304,-81.36516674,OH3P-2282438-432889-2282442-432728,406.1661,ABC
40.84927054,-81.33828378,OH3P-2289875-432989-2289824-432762,406.1388,ABC
40.84931039,-81.36230067,T22625_Secondary,407.166,
40.8493997,-81.36080857,T22623_Secondary,407.1676,
40.84945473,-81.35552813,OH3P-2285104-432993-2285096-432514,406.1647,ABC
40.84946897,-81.36605325,T22673_Secondary,407.17,
40.84947154,-81.3633409,T22628_Secondary,407.1678,
40.8494799,-81.34236816,T22401_Secondary,407.1372,
40.8494823,-81.37526638,T22651_Secondary,407.1723,
40.84950195,-81.35820758,T22620_Secondary,407.1666,
40.84951448,-81.37178722,T22661_Secondary,407.1716,
40.8495312,-81.37801629,T22642_Secondary,407.1734,
40.84955096,-81.30796107,T22530_Secondary,407.1502,
40.84957768,-81.37372194,T22658_Secondary,407.172,
40.84962517,-81.35284926,T22588_Secondary,407.1644,
40.84965206,-81.35443528,T22589_Secondary,407.1648,
40.84971533,-81.35863645,T22621_Secondary,407.1667,
40.84983555,-81.34516043,T22396_Secondary,407.1377,
40.8499059,-81.34028478,T22399_Secondary,407.1356,
40.8499126,-81.33775878,T22431_Secondary,409.1006,
40.84996058,-81.33798262,OH3P-2289955-433242-2289875-432989,406.1385,ABC
40.84997423,-81.37697523,T22650_Secondary,407.1727,
40.8499744,-81.36725775,T22678_Secondary,407.1738,
40.84998073,-81.35636541,T22605_Secondary,407.1661,
40.85001809,-81.33912349,T22388_Secondary,407.1365,
40.85005486,-81.39299477,OH3P-2274737-433078-2274433-434388,406.6317,ABC
40.85006136,-81.35217626,T22586_Secondary,407.1645,
40.85011693,-81.34675671,T22355_Secondary,407.1321,
40.85012284,-81.32445836,T22522_Secondary,407.1489,
40.85012369,-81.3596087,T22619_Secondary,407.1669,
40.85014174,-81.31013479,T22535_Secondary,407.1499,
40.85016249,-81.3479931,T22352_Secondary,407.132,
40.85031946,-81.3611387,T22631_Secondary,407.1672,
40.85033078,-81.34164658,T22398_Secondary,407.1357,
40.85038069,-81.36318309,T22634_Secondary,407.1674,
40.85039825,-81.33778368,OH3P-2290008-433402-2289955-433242,406.1392,ABC
40.85048007,-81.36884507,T22674_Secondary,407.1704,
40.85048084,-81.3085796,T22531_Secondary,407.1501,
40.85052483,-81.35329944,T22585_Secondary,407.1643,
40.85055508,-81.37085239,T22675_Secondary,407.1705,
40.85058981,-81.35686941,T22615_Secondary,407.1663,
40.85066555,-81.2329245,TMS-2319012-433903-2343899-446126,413.1003,ABC
40.85067189,-81.34332252,T22397_Secondary,407.1358,
40.85082006,-81.32671633,T22523_Secondary,407.1488,
40.85083817,-81.37389234,T22659_Secondary,407.1719,
40.85084017,-81.37624735,T22652_Secondary,407.1726,
40.8508715,-81.33973138,T22390_Secondary,407.1363,
40.85095685,-81.3372019,T22432_Secondary,407.1399,
40.85097394,-81.34516969,T22395_Secondary,407.1376,
40.85098546,-81.23491044,OH3P-2318461-434012-2318545-434025,406.28,ABC
40.85100482,-81.34604274,T22354_Secondary,407.1323,
40.85100483,-81.33742575,OH3P-2290104-433624-2290008-433402,406.1393,ABC
40.85100768,-81.31197933,OH3P-2297143-433720-2298422-432345,406.1333,ABC
40.85101487,-81.35477544,T22584_Secondary,407.1642,
40.85109653,-81.36506255,OH3P-2282459-433557-2282438-432889,406.1651,ABC
40.85113236,-81.37215661,T22660_Secondary,407.1715,
40.851173,-81.34739332,T22351_Secondary,407.1319,
40.85128037,-81.36594945,T22677_Secondary,407.1699,
40.85131539,-81.36725883,T22679_Secondary,407.1702,
40.85134632,-81.34083094,T22391_Secondary,407.1362,
40.85140435,-81.31161963,T22534_Secondary,407.1496,
40.85141058,-81.23490232,OH3P-2318461-434167-2318545-434162,406.27,ABC
40.85146323,-81.36129183,T22630_Secondary,407.1673,
40.85150185,-81.30960091,T22536_Secondary,407.1498,
40.85150755,-81.34878467,T22350_Secondary,407.1318,
40.85151682,-81.3566811,T22616_Secondary,407.1664,
40.85153662,-81.3706307,T22681_Secondary,407.1707,
40.85154001,-81.35837567,T22617_Secondary,407.1665,
40.85154072,-81.3554216,OH3P-2285123-433754-2285104-432993,406.1648,ABC
40.85154304,-81.35565418,T22641_Secondary,409.1106,
40.85157355,-81.36350324,T22633_Secondary,407.1675,
40.85161592,-81.34198556,T22392_Secondary,407.1361,
40.85162295,-81.41161798,OH3P-2269578-433585-2270518-431610,406.7606,ABC
40.8516297,-81.34335353,T22393_Secondary,407.136,
40.85168409,-81.33879167,T22389_Secondary,407.1364,
40.85169084,-81.37621836,T22653_Secondary,407.1735,
40.85174765,-81.23483766,OH3P-2318477-434290-2318545-434294,406.26,ABC
40.85197795,-81.23170948,OH3P-2319341-434386-2319184-434383,406.29,ABC
40.8519892,-81.31311534,OH3P-2296823-434073-2297105-433785,406.1341,ABC
40.8519892,-81.31311534,OH3P-2296823-434073-2297428-434539,406.1406,ABC
40.85202242,-81.35941591,T22618_Secondary,407.1668,
40.85204004,-81.33651333,T22433_Secondary,409.1007,
40.85204596,-81.32663638,T22521_Secondary,407.1487,
40.85208802,-81.33673718,OH3P-2290289-434021-2290104-433624,406.1394,ABC
40.85210984,-81.23484529,OH3P-2318473-434422-2318545-434427,406.25,ABC
40.85214852,-81.34659035,T22353_Secondary,407.1322,
40.85216622,-81.35536482,OH3P-2285136-433982-2285123-433754,406.1657,ABC
40.85218636,-81.34485758,T22394_Secondary,407.1359,
40.85219463,-81.31018108,T22532_Secondary,407.1497,
40.852197,-81.34811783,T22349_Secondary,407.1317,
40.85231156,-81.36853723,T22676_Secondary,407.1703,
40.85234014,-81.2317171,OH3P-2319337-434518-2319184-434516,406.3,ABC
40.85234232,-81.36269994,T22632_Secondary,407.1671,
40.85242137,-81.3607191,T22629_Secondary,407.167,
40.85243829,-81.3112339,T22533_Secondary,407.1495,
40.85250024,-81.33325127,T22510_Secondary,407.1479,
40.85262626,-81.37694481,T22654_Secondary,407.1736,
40.85265144,-81.36504171,OH3P-2282457-434124-2282459-433557,406.1652,ABC
40.85267721,-81.23165242,OH3P-2319353-434641-2319184-434648,406.31,ABC
40.85277752,-81.37547228,T22655_Secondary,407.1737,
40.85280846,-81.37074119,T22680_Secondary,407.1706,
40.85288434,-81.33845546,T22375_Secondary,407.1351,
40.85295767,-81.34024453,T22373_Secondary,407.135,
40.85301543,-81.36369271,T22302_Secondary,407.1292,
40.85301714,-81.34175728,T22372_Secondary,407.1339,
40.85304519,-81.36670522,T22300_Secondary,407.1267,
40.85304912,-81.34602167,T22339_Secondary,407.131,
40.85306541,-81.34315503,T22371_Secondary,407.1338,
40.85307971,-81.34466746,T22340_Secondary,407.1315,
40.85310233,-81.23164428,OH3P-2319353-434796-2319184-434785,406.32,ABC
40.85311506,-81.36147853,T22303_Secondary,407.1293,
40.85319854,-81.33602423,OH3P-2290481-434429-2290289-434021,406.1318,ABC
40.85320537,-81.3483767,T22338_Secondary,407.1309,
40.85320832,-81.36500137,OH3P-2282465-434327-2282456-434199,406.1347,ABC
40.85324417,-81.36002089,T22304_Secondary,407.129,
40.85324517,-81.31090738,OH3P-2297428-434539-2297737-434740,406.1326,ABC
40.85327289,-81.23216194,T231SS_Secondary,409.91,
40.85327289,-81.23216194,T232SS_Secondary,409.9101,
40.85330514,-81.3265704,T22520_Secondary,407.1486,
40.85343999,-81.3149379,OH3P-2296312-434595-2296823-434073,406.1327,ABC
40.85349044,-81.37602783,T22276_Secondary,407.1248,
40.85350041,-81.3383371,T22376_Secondary,407.1353,
40.85352621,-81.3147349,T22253_Secondary,409.1003,
40.85356672,-81.37964062,T22274_Secondary,407.1251,
40.85357359,-81.36974068,T22298_Secondary,407.1265,
40.85359552,-81.37168904,T22296_Secondary,407.1263,
40.8536687,-81.36829568,T22299_Secondary,407.1266,
40.85376477,-81.37357664,T22295_Secondary,407.126,
40.8537845,-81.30977893,OH3P-2297737-434740-2298249-435107,406.1376,ABC
40.85380483,-81.34064671,T22370_Secondary,407.1337,
40.85382182,-81.38201472,T22275_Secondary,407.125,
40.85382746,-81.33554215,T22511_Secondary,407.1478,
40.85391107,-81.30994115,T22254_Secondary,409.1001,
40.8539384,-81.36204676,T22305_Secondary,407.1291,
40.85396611,-81.33396781,T22512_Secondary,407.1477,
40.85401044,-81.33942564,T22374_Secondary,407.1349,
40.85401977,-81.34693606,T22346_Secondary,407.1306,
40.85415832,-81.37089269,T22297_Secondary,407.1262,
40.85416186,-81.38368622,T22271_Secondary,407.1249,
40.85423457,-81.33662664,T22387_Secondary,407.1355,
40.85424005,-81.34466177,T22341_Secondary,407.1314,
40.85426934,-81.34229075,T22368_Secondary,407.1336,
40.8543236,-81.33877544,T22377_Secondary,407.1352,
40.85437589,-81.33295636,T22509_Secondary,407.148,
40.854401,-81.35965148,T22308_Secondary,407.1282,
40.85446489,-81.32650618,T22519_Secondary,407.1485,
40.8544764,-81.37806237,T22273_Secondary,407.1253,
40.85447888,-81.37653522,T22277_Secondary,407.1247,
40.85449685,-81.34822324,T22337_Secondary,407.1308,
40.85449904,-81.3673355,T22301_Secondary,407.1268,
40.85460644,-81.30273366,T22528_Secondary,407.1494,
40.85464057,-81.37498954,T22282_Secondary,407.1254,
40.85465344,-81.35503302,T22597_Secondary,407.1655,
40.85465576,-81.35526561,OH3P-2285151-434889-2285136-433982,406.1622,ABC
40.85470172,-81.3793926,T22272_Secondary,407.1252,
40.85477236,-81.30791049,OH3P-2298249-435107-2298555-435304,406.1377,ABC
40.85477373,-81.36159559,T22307_Secondary,407.1294,
40.85483644,-81.31670335,OH3P-2295817-435097-2296312-434595,406.1375,ABC
40.85487916,-81.36890105,T22293_Secondary,407.1264,
40.85489641,-81.36488097,OH3P-2282491-434942-2282465-434327,406.1383,ABC
40.85500879,-81.3408939,T22369_Secondary,407.1334,
40.85501216,-81.34369817,T22366_Secondary,407.1335,
40.85502798,-81.33840328,T22378_Secondary,407.1354,
40.8550553,-81.37108848,T22292_Secondary,407.1269,
40.85509708,-81.35853338,T22309_Secondary,407.1281,
40.85510347,-81.33588157,OH3P-2290511-435123-2290481-434429,406.1319,ABC
40.85519853,-81.34237639,T22367_Secondary,407.1333,
40.85521152,-81.34455748,T22342_Secondary,407.1313,
40.85524122,-81.37239767,T22291_Secondary,407.1261,
40.855247,-81.37397884,T22294_Secondary,407.1259,
40.85526879,-81.33492014,T22513_Secondary,407.1476,
40.85529157,-81.34592437,T22347_Secondary,407.1307,
40.8552958,-81.36296958,T22306_Secondary,407.1285,
40.85530229,-81.30679468,OH3P-2298555-435304-2299324-435747,406.1404,ABC
40.85535939,-81.34717502,T22345_Secondary,407.1305,
40.85544122,-81.30833326,T22255_Secondary,407.1226,
40.85560934,-81.37686539,T22278_Secondary,407.1244,
40.85565519,-81.37590362,T22281_Secondary,407.1246,
40.85566714,-81.36028471,T22310_Secondary,407.1289,
40.85579404,-81.36792967,T22287_Secondary,407.1255,
40.85581972,-81.3814469,T22270_Secondary,407.1233,
40.85582234,-81.34815651,T22336_Secondary,407.1304,
40.85584518,-81.32639438,T22518_Secondary,407.1484,
40.85588776,-81.36359989,T22312_Secondary,407.1287,
40.85592312,-81.39447286,OH3P-2274301-435211-2274433-434388,406.6315,ABC
40.85597611,-81.36583992,T22286_Secondary,407.1086,
40.85603458,-81.3438892,T22364_Secondary,407.133,
40.85606714,-81.30292547,T22527_Secondary,407.1493,
40.85612111,-81.36959632,T22288_Secondary,407.1256,
40.85614468,-81.33230422,T22508_Secondary,407.1475,
40.8561748,-81.33925642,T22380_Secondary,407.1342,
40.85619629,-81.34037696,T22362_Secondary,407.1348,
40.85627854,-81.33640182,T22386_Secondary,407.1346,
40.85630797,-81.37148211,T22289_Secondary,407.1257,
40.85631885,-81.33383917,T22514_Secondary,407.1474,
40.85632901,-81.37400946,T22290_Secondary,407.1258,
40.85640308,-81.33779692,T22379_Secondary,407.1347,
40.85644656,-81.37999523,T22269_Secondary,407.1232,
40.8564496,-81.35896103,T22311_Secondary,407.1274,
40.85646258,-81.34698086,T22335_Secondary,407.1302,
40.85648882,-81.30399299,OH3P-2299324-435747-2299683-435856,406.1405,ABC
40.85653029,-81.30890945,T22256_Secondary,407.1227,
40.85654777,-81.34446138,T22343_Secondary,407.1312,
40.85661089,-81.34335485,T22365_Secondary,407.1329,
40.85663154,-81.37822964,T22268_Secondary,407.1235,
40.85663868,-81.34140398,T22363_Secondary,407.1331,
40.85664349,-81.35725465,T22322_Secondary,407.1276,
40.85666267,-81.31773331,OH3P-2295523-435759-2295817-435097,406.1337,ABC
40.85674055,-81.3626682,T22313_Secondary,407.1288,
40.85674771,-81.33579649,OH3P-2290526-435722-2290511-435123,406.132,ABC
40.85674889,-81.31753031,T22252_Secondary,409.1002,
40.85678281,-81.34585471,T22348_Secondary,407.1301,
40.856854,-81.37645112,T22279_Secondary,407.1245,
40.85686691,-81.30649222,T22259_Secondary,409.1004,
40.85686932,-81.30672481,OH3P-2298567-435875-2298555-435304,406.1379,ABC
40.85700464,-81.34813594,T22332_Secondary,407.1303,
40.85707056,-81.3551495,OH3P-2285172-435769-2285151-434889,406.1641,ABC
40.857078,-81.34004124,T22361_Secondary,407.1332,
40.85711526,-81.32631365,T22517_Secondary,407.1483,
40.85713968,-81.37063834,T22266_Secondary,407.1243,
40.85728532,-81.30422811,T22525_Secondary,407.1492,
40.85731588,-81.33190013,T22507_Secondary,407.1473,
40.8573221,-81.3424139,T22359_Secondary,407.1326,
40.85737548,-81.33776528,T22382_Secondary,407.1343,
40.85738128,-81.36264264,T22314_Secondary,407.1286,
40.85741626,-81.36139946,T22325_Secondary,407.1279,
40.85744297,-81.37339879,T22283_Secondary,407.1242,
40.85750751,-81.33336685,T22506_Secondary,407.1472,
40.8575333,-81.33917438,T22381_Secondary,407.1341,
40.85754365,-81.30888189,T22258_Secondary,407.1228,
40.85754365,-81.3347491,T22505_Secondary,407.1471,
40.85756855,-81.34706377,T22333_Secondary,407.1296,
40.85763801,-81.34078862,T22360_Secondary,407.1328,
40.85764408,-81.34578147,T22334_Secondary,407.13,
40.85770724,-81.34436836,T22344_Secondary,407.1311,
40.85772074,-81.37571903,T22280_Secondary,407.1236,
40.85777347,-81.35762826,T22323_Secondary,407.1275,
40.85782039,-81.36011678,T22326_Secondary,407.128,
40.85795274,-81.51496969,OH3P-2240963-435551-2241158-435614,406.148,ABC
40.85803453,-81.52065762,OH3P-2239390-435563-2239227-435642,406.143,ABC
40.85811142,-81.3362386,T22385_Secondary,407.1345,
40.85812883,-81.35890298,T22321_Secondary,407.1278,
40.85814893,-81.37682096,T22267_Secondary,407.1231,
40.85819663,-81.30668429,OH3P-2298571-436359-2298567-435875,406.1378,ABC
40.85821495,-81.31861335,OH3P-2295272-436321-2295523-435759,406.1374,ABC
40.85824182,-81.31984804,OH3P-2294930-436326-2295272-436321,406.134,ABC
40.85826863,-81.32237753,OH3P-2294231-436326-2294855-436325,406.1373,ABC
40.85829091,-81.32602147,OH3P-2293223-436321-2294231-436326,406.1328,ABC
40.85832139,-81.5149642,OH3P-2240963-435685-2241154-435703,406.149,ABC
40.85834897,-81.30768816,T22257_Secondary,407.1229,
40.85841525,-81.52065199,OH3P-2239390-435702-2239213-435792,406.142,ABC
40.85843238,-81.33573047,OH3P-2290537-436336-2290526-435722,406.1411,ABC
40.85844522,-81.3223744,T22251_Secondary,407.1225,
40.85853534,-81.36097769,T22324_Secondary,407.1277,
40.85854158,-81.34163153,T22358_Secondary,407.1327,
40.85855346,-81.34281043,T22357_Secondary,407.1325,
40.85856387,-81.34384379,T22356_Secondary,407.1324,
40.85857448,-81.36260759,T22315_Secondary,407.1284,
40.85860117,-81.35479404,T22327_Secondary,407.1295,
40.85860349,-81.35502664,OH3P-2285199-436328-2285172-435844,406.1384,ABC
40.85864773,-81.33471585,OH3P-2290816-436419-2290537-436336,406.141,ABC
40.85865371,-81.37289782,T22285_Secondary,407.1239,
40.8586854,-81.51495879,OH3P-2240963-435818-2241146-435811,406.15,ABC
40.85869036,-81.37438199,T22284_Secondary,407.1238,
40.85873195,-81.34627187,T22329_Secondary,407.1297,
40.85875379,-81.39522002,OH3P-2274081-436239-2271809-436360,406.6306,ABC
40.85875379,-81.39522002,OH3P-2274081-436239-2274275-435281,406.6322,ABC
40.8587746,-81.34721733,T22330_Secondary,407.1298,
40.85877926,-81.5206466,OH3P-2239390-435834-2239205-435900,406.141,ABC
40.85884195,-81.30398304,T22526_Secondary,407.1491,
40.85884593,-81.35545533,T22317_Secondary,407.1273,
40.85885636,-81.35650325,T22318_Secondary,407.1272,
40.85886664,-81.35753662,T22319_Secondary,407.1271,
40.85886723,-81.344319,T22328_Secondary,407.1316,
40.85887374,-81.37053598,T22265_Secondary,407.124,
40.85898218,-81.33929353,T22383_Secondary,407.134,
40.85899071,-81.33686352,T22384_Secondary,407.1344,
40.85899302,-81.32713719,OH3P-2292911-436572-2293223-436321,406.1329,ABC
40.85900371,-81.34801383,T22331_Secondary,407.1299,
40.85906613,-81.51495313,OH3P-2240963-435956-2241133-435961,406.151,ABC
40.85914792,-81.52064115,OH3P-2239390-435968-2239201-435989,406.14,ABC
40.85916398,-81.40342745,OH3P-2271809-436360-2271647-436375,406.6323,ABC
40.85921237,-81.40428546,OH3P-2271572-436375-2269112-436458,406.6305,ABC
40.85928888,-81.35886843,T22320_Secondary,407.127,
40.85929689,-81.42305212,OH3P-2266381-436341-2269578-433585,406.7607,ABC
40.85937724,-81.33129985,T22516_Secondary,407.1482,
40.85938549,-81.33584268,OH3P-2290501-436683-2290537-436336,406.1401,ABC
40.85938549,-81.33584268,OH3P-2290501-436683-2290682-436754,406.1332,ABC
40.85940988,-81.33008491,OH3P-2292093-436713-2292911-436572,406.1372,ABC
40.85941418,-81.33384671,T22515_Secondary,407.1481,
40.85945385,-81.37683191,T22261_Secondary,407.123,
40.85950257,-81.51832567,TMS-2240029-436105-2265280-437612,413.1015,ABC
40.85951368,-81.36259145,T22316_Secondary,407.1283,
40.859525,-81.41317465,OH3P-2269112-436458-2266500-436469,406.6304,ABC
40.85954721,-81.33123665,OH3P-2291774-436759-2292093-436713,406.133,ABC
40.85957222,-81.33518433,OH3P-2290682-436754-2291036-436763,406.1331,ABC
40.85958344,-81.51636784,OH3P-2240570-436140-2240546-436334,406.144,ABC
40.85958537,-81.33390391,OH3P-2291036-436763-2291467-436794,406.1402,ABC
40.8595876,-81.51685344,OH3P-2240435-436140-2240389-436330,406.145,ABC
40.8595917,-81.51733293,OH3P-2240303-436140-2240260-436326,406.146,ABC
40.85959599,-81.51783442,OH3P-2240164-436140-2240151-436330,406.147,ABC
40.85961137,-81.32679276,T22234_Secondary,407.1223,
40.85962225,-81.32402346,T22231_Secondary,407.1221,
40.85963868,-81.34449974,OH3P-2288105-436744-2290501-436683,406.1321,ABC
40.8596455,-81.42261393,OH3P-2266500-436469-2266506-438701,406.6303,ABC
40.8596539,-81.33234424,OH3P-2291467-436794-2291774-436759,406.1403,ABC
40.85969483,-81.34623835,OH3P-2287624-436758-2288105-436744,406.1368,ABC
40.85970094,-81.37392641,T22263_Secondary,407.1237,
40.85970582,-81.36590027,OH3P-2282186-436690-2282529-436847,406.1409,ABC
40.85971756,-81.52073948,T361SS_Secondary,409.89,
40.85971756,-81.52073948,T362SS_Secondary,409.8901,
40.85971756,-81.52073948,T363SS_Secondary,409.8902,
40.85972488,-81.33731644,T22192_Secondary,407.1183,
40.85977049,-81.34952913,OH3P-2286714-436773-2287624-436758,406.1322,ABC
40.85979297,-81.35080343,OH3P-2286361-436777-2286714-436773,406.1367,ABC
40.85981365,-81.35258321,OH3P-2285869-436778-2286297-436777,406.1345,ABC
40.85982574,-81.3753949,T22262_Secondary,407.1234,
40.85982958,-81.37222273,T22264_Secondary,407.1241,
40.85984693,-81.35370353,OH3P-2285559-436786-2285869-436778,406.1366,ABC
40.85988174,-81.35497669,OH3P-2285206-436794-2285003-436818,406.1344,ABC
40.85988174,-81.35497669,OH3P-2285206-436794-2285199-436328,406.1343,ABC
40.85988174,-81.35497669,OH3P-2285206-436794-2285559-436786,406.1365,ABC
40.85988893,-81.32962716,T22197_Secondary,407.1187,
40.85989739,-81.33907483,T22183_Secondary,407.118,
40.85991948,-81.34127246,T22182_Secondary,407.1171,
40.85994709,-81.34952607,T22170_Secondary,409.1,
40.85995472,-81.35570988,OH3P-2285003-436818-2284441-436827,406.1413,ABC
40.85996376,-81.34262886,T22181_Secondary,407.1169,
40.86000097,-81.35801184,OH3P-2284366-436826-2284198-436830,406.1364,ABC
40.86001747,-81.35862092,OH3P-2284198-436830-2283292-436842,406.1363,ABC
40.86008311,-81.36189516,OH3P-2283292-436842-2282529-436847,406.1313,ABC
40.86008862,-81.32205273,T22232_Secondary,407.122,
40.86008877,-81.32592542,T22233_Secondary,407.1222,
40.86012306,-81.36465307,OH3P-2282529-436847-2280872-436866,406.1301,ABC
40.86012306,-81.36465307,OH3P-2282529-436847-2282491-434942,406.1311,ABC
40.86023574,-81.37064144,OH3P-2280872-436866-2279831-436907,406.1382,ABC
40.86025285,-81.34474582,T22174_Secondary,407.1163,
40.86025863,-81.3464198,T22173_Secondary,407.1165,
40.86036695,-81.35392949,T22167_Secondary,407.1157,
40.86038477,-81.37440195,OH3P-2279831-436907-2279161-436927,406.1381,ABC
40.86046214,-81.37682442,OH3P-2279161-436927-2278492-436954,406.1348,ABC
40.86053133,-81.32775572,T22213_Secondary,407.121,
40.86053241,-81.35279115,T22168_Secondary,407.116,
40.86056155,-81.37924142,OH3P-2278492-436954-2278135-436968,406.1361,ABC
40.8606121,-81.3808043,OH3P-2278060-436967-2276641-436998,406.6313,ABC
40.86063597,-81.3620915,T22156_Secondary,407.1144,
40.8606672,-81.3306856,T22198_Secondary,407.1188,
40.86073814,-81.37923844,T22139_Secondary,407.1131,
40.86074584,-81.38593249,OH3P-2276641-436998-2273949-437062,406.6312,ABC
40.86083903,-81.34259565,T22180_Secondary,407.117,
40.86084329,-81.34340147,T22175_Secondary,407.1168,
40.86087642,-81.33536022,T22196_Secondary,407.1186,
40.86087878,-81.33559283,OH3P-2290563-437228-2290501-436683,406.1312,ABC
40.86090796,-81.34616116,T22172_Secondary,407.1164,
40.86092365,-81.32435297,T22230_Secondary,407.1216,
40.86094718,-81.32095439,T22228_Secondary,407.1218,
40.86095243,-81.3539048,T22165_Secondary,407.1158,
40.86097881,-81.35988772,T22155_Secondary,407.1142,
40.86101565,-81.39566059,OH3P-2273949-437062-2274081-436239,406.6307,ABC
40.86117138,-81.36148559,T22159_Secondary,407.1143,
40.86118606,-81.36590673,T22134_Secondary,407.109,
40.86119017,-81.34125022,T22179_Secondary,407.1172,
40.86119509,-81.33627174,T22191_Secondary,407.1182,
40.86119585,-81.37404838,T22117_Secondary,407.1114,
40.86125983,-81.3288847,T22211_Secondary,407.1208,
40.86133898,-81.37286651,T22119_Secondary,407.1126,
40.86135047,-81.42610647,OH3P-2265527-437079-2265449-437019,406.72,ABC
40.86144032,-81.36744955,T22135_Secondary,407.1118,
40.86147016,-81.36823514,T22136_Secondary,407.1117,
40.8614715,-81.37164149,T22138_Secondary,407.1115,
40.86149539,-81.35849456,T22154_Secondary,407.1154,
40.86150158,-81.33817327,T22193_Secondary,407.1181,
40.8615088,-81.36951148,T22137_Secondary,407.1116,
40.86157701,-81.42627596,OH3P-2265479-437161-2265395-437112,406.71,ABC
40.86159985,-81.38114642,T22105_Secondary,407.1099,
40.86160179,-81.35253985,T22169_Secondary,407.1161,
40.86161344,-81.3626676,T22160_Secondary,407.1138,
40.8617641,-81.36586072,T22133_Secondary,407.1119,
40.86179362,-81.42643801,OH3P-2265433-437239-2265367-437204,406.7,ABC
40.86184787,-81.33962281,T22184_Secondary,407.1184,
40.8618658,-81.32570466,T22214_Secondary,407.1209,
40.8618742,-81.33023265,T22201_Secondary,407.1205,
40.86188834,-81.35356847,T22166_Secondary,407.1162,
40.86193351,-81.33171649,T22199_Secondary,407.1189,
40.86193972,-81.34326076,T22177_Secondary,407.1167,
40.86201298,-81.42660213,OH3P-2265387-437318-2265307-437277,406.69,ABC
40.8620245,-81.34217692,T22178_Secondary,407.1173,
40.86204873,-81.35968005,T22157_Secondary,407.1137,
40.86213344,-81.32270102,T22229_Secondary,407.1217,
40.86217574,-81.32091032,T22227_Secondary,407.1219,
40.86221251,-81.30624697,T22260_Secondary,409.1005,
40.86221493,-81.30647958,OH3P-2298608-437824-2298571-436359,406.1338,ABC
40.86225539,-81.36158341,T22158_Secondary,407.1136,
40.86226127,-81.34446344,T22176_Secondary,407.1166,
40.86237772,-81.37398461,T22116_Secondary,407.1113,
40.86238686,-81.32694739,T22212_Secondary,407.1224,
40.86240898,-81.33538918,OH3P-2290612-437786-2290563-437228,406.1371,ABC
40.86247622,-81.37275981,T22129_Secondary,407.1125,
40.8625015,-81.36747507,T22132_Secondary,407.1124,
40.8625088,-81.36933833,T22131_Secondary,407.1123,
40.86258804,-81.32870602,T22210_Secondary,407.1206,
40.86261514,-81.39617463,OH3P-2273799-437643-2273949-437062,406.6308,ABC
40.8626245,-81.33665411,T22189_Secondary,407.1174,
40.86264343,-81.36448088,OH3P-2282565-437766-2282529-436847,406.1308,ABC
40.86266221,-81.33819657,T22190_Secondary,407.1179,
40.86275446,-81.37972837,T22107_Secondary,407.1104,
40.86286062,-81.32549846,T22209_Secondary,407.1202,
40.86287196,-81.36580927,T22125_Secondary,407.1122,
40.86290338,-81.37125323,T22130_Secondary,407.112,
40.8629127,-81.33019974,T22203_Secondary,407.1204,
40.86296466,-81.38207785,T22106_Secondary,407.1098,
40.86300077,-81.35539819,T22150_Secondary,407.1153,
40.86300961,-81.324083,T22215_Secondary,407.1211,
40.8630601,-81.33165293,T22200_Secondary,407.119,
40.86309617,-81.35944351,T22161_Secondary,407.1135,
40.86311066,-81.42484326,OH3P-2265868-437724-2265943-437772,406.73,ABC
40.8631699,-81.36130565,T22162_Secondary,407.1133,
40.8632731,-81.33958327,T22185_Secondary,407.1178,
40.86333067,-81.42500586,OH3P-2265822-437804-2265943-437861,406.74,ABC
40.86336995,-81.36252493,T22163_Secondary,407.1139,
40.86337801,-81.32253788,T22224_Secondary,407.1215,
40.86340237,-81.32689822,T22208_Secondary,407.1203,
40.86344902,-81.33512572,T22195_Secondary,407.1159,
40.86345138,-81.33535833,OH3P-2290615-438166-2290612-437786,406.137,ABC
40.86350241,-81.38278583,T22104_Secondary,407.1097,
40.86353111,-81.36766127,T22126_Secondary,407.1127,
40.86354792,-81.42516641,OH3P-2265777-437882-2265883-437941,406.75,ABC
40.86355185,-81.35968313,T22153_Secondary,407.1141,
40.86355322,-81.36093509,T22152_Secondary,407.114,
40.86363422,-81.37140091,T22128_Secondary,407.1108,
40.86364274,-81.33775543,T22188_Secondary,407.1177,
40.86368005,-81.36931833,T22127_Secondary,407.1121,
40.86373681,-81.3739615,T22115_Secondary,407.1112,
40.86374318,-81.35781627,T22151_Secondary,407.1152,
40.86376662,-81.37583482,T22118_Secondary,407.1106,
40.86377513,-81.42533434,OH3P-2265729-437965-2265826-438030,406.76,ABC
40.86383193,-81.33040202,T22202_Secondary,407.1207,
40.86389436,-81.32455909,T22223_Secondary,407.1212,
40.86395085,-81.42498143,OH3P-2265826-438030-2265938-438092,406.761,ABC
40.86410277,-81.42290116,OH3P-2266401-438092-2266381-436341,406.7608,ABC
40.86411845,-81.42457507,OH3P-2265938-438092-2266401-438092,406.7609,ABC
40.8641725,-81.38121842,T22103_Secondary,407.1105,
40.86433005,-81.33155773,T22204_Secondary,407.1191,
40.86433899,-81.33678401,T22187_Secondary,407.1175,
40.86439175,-81.42727634,OH3P-2265190-438183-2265158-438255,406.68,ABC
40.86451923,-81.42697703,OH3P-2265272-438230-2265230-438320,406.67,ABC
40.86458269,-81.33937449,T22186_Secondary,407.1176,
40.86460294,-81.36203918,T22164_Secondary,407.1134,
40.8646105,-81.36953537,T22122_Secondary,407.111,
40.86461498,-81.35649119,T22149_Secondary,407.1151,
40.86461697,-81.36682744,T22124_Secondary,407.113,
40.86462013,-81.36826865,T22123_Secondary,407.1111,
40.86463086,-81.33506125,T22194_Secondary,407.1185,
40.86463322,-81.33529387,OH3P-2290627-438597-2290615-438166,406.1325,ABC
40.86463372,-81.37077242,T22121_Secondary,407.1109,
40.86464111,-81.42669086,OH3P-2265350-438275-2265323-438368,406.64,ABC
40.86466697,-81.32251958,T22226_Secondary,407.1214,
40.86470569,-81.37247451,T22120_Secondary,407.1107,
40.86471138,-81.37869062,T22111_Secondary,407.1103,
40.86476455,-81.42640103,OH3P-2265430-438321-2265395-438428,406.63,ABC
40.86478077,-81.38687135,T22091_Secondary,407.1083,
40.86485939,-81.38822388,T22090_Secondary,407.1082,
40.86486153,-81.35475051,T22148_Secondary,407.1155,
40.86489458,-81.3895772,T22089_Secondary,407.108,
40.86489603,-81.42678585,OH3P-2265323-438368-2265236-438488,406.6414,ABC
40.86496784,-81.33527549,OH3P-2290631-438719-2290627-438597,406.1369,ABC
40.86496908,-81.32819825,T22207_Secondary,407.1201,
40.86500424,-81.38292767,T22102_Secondary,407.1096,
40.86501976,-81.39143246,T22081_Secondary,407.1071,
40.86505477,-81.4261726,T261SS_Secondary,409.96,
40.86505477,-81.4261726,T262SS_Secondary,409.9601,
40.86505477,-81.4261726,T263SS_Secondary,409.9602,
40.86505932,-81.42652116,OH3P-2265395-438428-2265293-438574,406.6301,ABC
40.86506664,-81.3301036,T22206_Secondary,407.1199,
40.86510121,-81.39267479,T22077_Secondary,407.1066,
40.8651183,-81.4167578,T21247_Secondary,407.616,
40.86513346,-81.36443258,OH3P-2282566-438673-2282565-437766,406.131,ABC
40.86515789,-81.3262922,T22222_Secondary,407.1198,
40.86518871,-81.41327227,T21250_Secondary,407.6157,
40.86520058,-81.32415223,T22225_Secondary,407.1213,
40.86522871,-81.42709332,OH3P-2265236-438488-2265230-438733,406.6413,ABC
40.86532215,-81.41485793,T21248_Secondary,407.6167,
40.8654116,-81.38609185,T22092_Secondary,407.1084,
40.86543487,-81.41750862,T21239_Secondary,407.6159,
40.86544067,-81.37631987,OH1P-2279277-438742-2279204-438744,404.1,B
40.86546373,-81.42688673,OH3P-2265293-438574-2265298-438678,406.6311,ABC
40.8654903,-81.35791716,T22147_Secondary,407.115,
40.86550658,-81.38741329,T22093_Secondary,407.1085,
40.86556015,-81.35938635,T22145_Secondary,407.1148,
40.86556831,-81.36132276,T22141_Secondary,407.1132,
40.86560471,-81.3605357,T22143_Secondary,407.1146,
40.86561583,-81.37625875,T22114_Secondary,407.1101,
40.86568635,-81.38917084,T22095_Secondary,407.1079,
40.86576588,-81.33147416,T22205_Secondary,407.12,
40.86576993,-81.42249347,OH3P-2266506-438701-2265298-438678,406.6302,ABC
40.86581929,-81.39264822,T22076_Secondary,407.1065,
40.86587078,-81.3252082,T22221_Secondary,407.1195,
40.8658872,-81.38367909,T22099_Secondary,407.1129,
40.86590112,-81.42710668,OH3P-2265230-438733-2266508-438773,406.6412,ABC
40.86591945,-81.39141116,T22080_Secondary,407.107,
40.86595756,-81.37842202,T22110_Secondary,407.11,
40.86596836,-81.42248331,OH3P-2266508-438773-2266525-439100,406.6411,ABC
40.86599243,-81.38558709,T22097_Secondary,407.1088,
40.86601173,-81.38855395,T22094_Secondary,407.1089,
40.86604657,-81.31677969,T21636_Secondary,407.5676,
40.86604977,-81.39781476,OH3P-2273330-438888-2273799-437643,406.6309,ABC
40.86611654,-81.32722209,T22219_Secondary,407.1197,
40.86615058,-81.41647391,T21238_Secondary,407.6158,
40.86616197,-81.39036721,T22084_Secondary,407.1074,
40.86618261,-81.30627829,OH3P-2298644-439270-2298608-437824,406.138,ABC
40.86630737,-81.32931007,T22218_Secondary,407.1196,
40.86632967,-81.38258076,T22113_Secondary,407.1095,
40.86647085,-81.35762378,T22146_Secondary,407.1149,
40.86649577,-81.38052268,T22101_Secondary,407.1092,
40.86649923,-81.38932581,T22086_Secondary,407.1076,
40.86650684,-81.41441006,T21241_Secondary,407.6166,
40.86652937,-81.35906407,T22144_Secondary,407.1147,
40.86656361,-81.36028641,T22142_Secondary,407.1145,
40.86663321,-81.39454151,T22073_Secondary,407.1081,
40.86663621,-81.39141164,T22079_Secondary,407.1069,
40.86668431,-81.36130357,T22140_Secondary,407.1156,
40.86674396,-81.33527653,OH3P-2290622-439366-2290381-439377,406.5813,ABC
40.86674396,-81.33527653,OH3P-2290622-439366-2290630-438794,406.5732,ABC
40.866765,-81.33735282,OH3P-2290047-439366-2289017-439374,406.5807,ABC
40.8667753,-81.392574,T22075_Secondary,407.1067,
40.86678317,-81.33614686,OH3P-2290381-439377-2290047-439366,406.5808,ABC
40.86681509,-81.37910645,T22112_Secondary,407.1093,
40.86682628,-81.34107674,OH3P-2289017-439374-2287954-439426,406.5704,ABC
40.86684198,-81.34606487,T22171_Secondary,409.2837,
40.86686199,-81.42217417,T21234_Secondary,409.2955,
40.86686417,-81.4224068,OH3P-2266525-439100-2266533-439690,406.6532,ABC
40.86689323,-81.33157095,T21654_Secondary,407.569,
40.86694159,-81.33734973,T21686_Secondary,407.5722,
40.86695534,-81.37422677,T22109_Secondary,407.1102,
40.86696695,-81.38789954,T22088_Secondary,407.1078,
40.86699054,-81.39033876,T22083_Secondary,407.1073,
40.86700707,-81.34491709,OH3P-2287954-439426-2287638-439426,406.5733,ABC
40.86701314,-81.3836442,T22098_Secondary,407.1128,
40.86701412,-81.32637634,T22220_Secondary,407.1194,
40.86701858,-81.34606181,OH3P-2287638-439426-2286670-439452,406.5811,ABC
40.86712641,-81.3498296,OH3P-2286595-439452-2284562-439507,406.1323,ABC
40.86717268,-81.30620091,OH3P-2298660-439631-2298644-439270,406.1339,ABC
40.86719272,-81.38157779,T22100_Secondary,407.1091,
40.86719273,-81.38514468,T22096_Secondary,407.1087,
40.8671969,-81.39330936,T22071_Secondary,407.1002,
40.86725762,-81.41364679,T21240_Secondary,407.6165,
40.86728074,-81.37812196,T22108_Secondary,407.1094,
40.86730396,-81.33384937,T21652_Secondary,407.5688,
40.86734108,-81.33515683,OH3P-2290652-439584-2290622-439366,406.5708,ABC
40.86735072,-81.35717692,OH3P-2284562-439507-2283368-439540,406.1362,ABC
40.86735214,-81.39235646,T22074_Secondary,407.1064,
40.86736506,-81.39484551,T22072_Secondary,407.1063,
40.86738059,-81.40796687,T21254_Secondary,407.6172,
40.86739024,-81.33045556,T22216_Secondary,407.1192,
40.86740062,-81.38931693,T22085_Secondary,407.1075,
40.86744254,-81.39136902,T22078_Secondary,407.1068,
40.867448,-81.38784986,T22087_Secondary,407.1077,
40.86748352,-81.36149133,OH3P-2283368-439540-2282589-439563,406.1324,ABC
40.8674845,-81.39852683,OH3P-2273126-439408-2273304-438958,406.6321,ABC
40.86757616,-81.36430892,OH3P-2282589-439563-2282160-439567,406.1353,ABC
40.86757616,-81.36430892,OH3P-2282589-439563-2282566-438748,406.1346,ABC
40.86760253,-81.36585912,OH3P-2282160-439567-2281633-439571,406.1352,ABC
40.86760339,-81.32813179,T22217_Secondary,407.1193,
40.86763239,-81.36776582,OH3P-2281633-439571-2280948-439579,406.1351,ABC
40.86766378,-81.41570734,T21237_Secondary,407.6156,
40.86767885,-81.37024003,OH3P-2280948-439579-2279927-439597,406.1306,ABC
40.86776385,-81.39030916,T22082_Secondary,407.1072,
40.8677648,-81.37392911,OH3P-2279927-439597-2279062-439607,406.1305,ABC
40.86777912,-81.3658561,T22052_Secondary,407.1051,
40.86778288,-81.31690868,T21635_Secondary,407.5675,
40.86779917,-81.34676886,T21680_Secondary,407.5718,
40.86780898,-81.36776281,T22053_Secondary,407.1052,
40.86782306,-81.37705828,OH3P-2279062-439607-2277635-439632,406.1304,ABC
40.86785544,-81.37023703,T22054_Secondary,407.1053,
40.86789183,-81.34499105,T21681_Secondary,407.5712,
40.86789624,-81.34104447,T21684_Secondary,407.572,
40.86794121,-81.38221537,OH3P-2277635-439632-2277462-439632,406.1359,ABC
40.8679473,-81.3828413,OH3P-2277462-439632-2277069-439632,406.136,ABC
40.86795956,-81.38426263,OH3P-2277069-439632-2276839-439635,406.135,ABC
40.86797707,-81.38509326,OH3P-2276839-439635-2276331-439652,406.1358,ABC
40.86799158,-81.33626861,T21665_Secondary,407.5702,
40.86801655,-81.41087459,T21253_Secondary,407.617,
40.86802889,-81.33232246,T21653_Secondary,407.5689,
40.86804225,-81.38693075,OH3P-2276331-439652-2276029-439664,406.1357,ABC
40.86805066,-81.33773804,T21667_Secondary,407.5701,
40.86808597,-81.38802193,OH3P-2276029-439664-2275610-439680,406.1356,ABC
40.86809291,-81.35736269,T22001_Secondary,407.1003,
40.86814482,-81.38953507,OH3P-2275610-439680-2275046-439688,406.1303,ABC
40.86817945,-81.36162699,T22014_Secondary,407.1013,
40.8681866,-81.39157262,OH3P-2275046-439688-2274793-439697,406.1355,ABC
40.86821754,-81.39248932,OH3P-2274793-439697-2274542-439713,406.1354,ABC
40.86821809,-81.35995204,T22004_Secondary,407.1005,
40.86823502,-81.40718102,T21255_Secondary,407.6171,
40.86827047,-81.39339473,OH3P-2274542-439713-2274094-439725,406.1302,ABC
40.86831506,-81.33490906,T21651_Secondary,409.2836,
40.86831742,-81.3351417,OH3P-2290651-439940-2290652-439584,406.5803,ABC
40.86832242,-81.39528492,OH3P-2274019-439725-2273011-439742,406.6314,ABC
40.86840402,-81.39892751,OH3P-2273011-439742-2273126-439408,406.631,ABC
40.86844779,-81.33875006,T21668_Secondary,407.5705,
40.86848047,-81.4221187,T21233_Secondary,409.2954,
40.86848266,-81.42235134,OH3P-2266533-439690-2266557-440271,406.6531,ABC
40.86849325,-81.41301098,T21244_Secondary,407.6164,
40.86850517,-81.38014063,T22042_Secondary,407.1048,
40.86851098,-81.39213716,T22067_Secondary,407.1056,
40.8685488,-81.41464475,T21246_Secondary,407.6163,
40.86855695,-81.3741413,T22032_Secondary,407.105,
40.86862055,-81.39433374,T22065_Secondary,407.1059,
40.86878408,-81.39066213,T22069_Secondary,407.1055,
40.86879993,-81.35733593,T22003_Secondary,407.1004,
40.86880388,-81.38122744,T22045_Secondary,407.1049,
40.86883465,-81.38303178,T22046_Secondary,407.1046,
40.86885394,-81.38875359,T22059_Secondary,407.1054,
40.86892656,-81.38712175,T22055_Secondary,407.1,
40.86894125,-81.33073396,T21648_Secondary,407.5686,
40.86895415,-81.33511389,OH3P-2290656-440172-2290651-439940,406.5805,ABC
40.86902227,-81.39359895,T22066_Secondary,407.1061,
40.86908091,-81.34674653,T21679_Secondary,407.5717,
40.86912613,-81.39922985,OH3P-2272924-440004-2273011-439742,406.632,ABC
40.86914027,-81.34495471,T21682_Secondary,407.5711,
40.86919714,-81.3363639,T21664_Secondary,407.57,
40.86920705,-81.31676675,T21634_Secondary,407.5674,
40.86924025,-81.40713531,T21256_Secondary,407.6173,
40.86928805,-81.33770175,T21666_Secondary,407.5699,
40.86931003,-81.40866287,T21251_Secondary,407.6168,
40.86934909,-81.3757301,T22034_Secondary,407.104,
40.8693918,-81.38236721,T22051_Secondary,407.1047,
40.86942373,-81.37802858,T22041_Secondary,407.1041,
40.86943893,-81.37958616,T22043_Secondary,407.1043,
40.86944107,-81.41433894,T21245_Secondary,407.6162,
40.8695091,-81.30964196,T21630_Secondary,407.567,
40.86951059,-81.35990066,T22015_Secondary,407.1012,
40.86951511,-81.41280886,T21243_Secondary,407.6161,
40.86951929,-81.33870214,T21669_Secondary,407.5704,
40.86954455,-81.41125054,T21252_Secondary,407.6169,
40.86954754,-81.34040509,T21685_Secondary,407.5721,
40.86956324,-81.36971287,T22028_Secondary,407.103,
40.86957304,-81.31154809,T21629_Secondary,407.5669,
40.86957378,-81.36813508,T22027_Secondary,407.1029,
40.86963074,-81.41568968,T22817_Secondary,407.6155,
40.86964527,-81.33258512,T21647_Secondary,407.5684,
40.86965152,-81.39230326,T22068_Secondary,407.1057,
40.86967401,-81.36189248,T22017_Secondary,407.1014,
40.86968948,-81.32933775,T21649_Secondary,407.5687,
40.86973862,-81.36620108,T22026_Secondary,407.1031,
40.8697884,-81.39955341,OH3P-2272832-440244-2272898-440074,406.6506,ABC
40.8698043,-81.40101658,OH3P-2272427-440245-2272832-440244,406.6507,ABC
40.8698056,-81.40128771,OH3P-2272352-440244-2272074-440262,406.6524,ABC
40.86982604,-81.30822412,T21622_Secondary,407.5668,
40.86982787,-81.37197954,T22029_Secondary,407.1033,
40.86987308,-81.364956,T22025_Secondary,407.1027,
40.86988825,-81.40306054,OH3P-2271862-440268-2272074-440262,406.6508,ABC
40.8699216,-81.3746859,T22033_Secondary,407.1038,
40.86993651,-81.33499469,OH3P-2290684-440530-2290656-440172,406.5802,ABC
40.86997897,-81.31338971,T21619_Secondary,407.5663,
40.8699867,-81.40527192,OH3P-2271250-440296-2271862-440268,406.6509,ABC
40.87001452,-81.40703314,OH3P-2270762-440300-2271250-440296,406.651,ABC
40.87001535,-81.34295936,T21675_Secondary,407.5714,
40.87002374,-81.33396162,T21646_Secondary,407.5683,
40.87003538,-81.41403786,T21235_Secondary,409.2956,
40.87003937,-81.40228845,T21193_Secondary,409.2948,
40.87005004,-81.4084448,OH3P-2270372-440308-2270762-440300,406.6511,ABC
40.87007472,-81.42200539,T21232_Secondary,409.2953,
40.8700769,-81.42223803,OH3P-2266557-440271-2266567-440643,406.653,ABC
40.87015708,-81.31677369,T21633_Secondary,407.5673,
40.87016924,-81.41168957,OH3P-2269474-440341-2270372-440308,406.6512,ABC
40.87017445,-81.38702797,T22056_Secondary,407.1062,
40.87017806,-81.41262122,OH3P-2269216-440341-2269474-440341,406.6513,ABC
40.87018866,-81.38166886,T22050_Secondary,407.1045,
40.87021198,-81.41403497,OH3P-2268825-440348-2269216-440341,406.6514,ABC
40.87025134,-81.39385518,T22064_Secondary,407.106,
40.87025156,-81.41572115,OH3P-2268359-440357-2268825-440348,406.6533,ABC
40.87029052,-81.38874403,T22060_Secondary,407.1001,
40.87029593,-81.377941,T22040_Secondary,407.1042,
40.87029699,-81.4181955,OH3P-2267674-440365-2268359-440357,406.6515,ABC
40.87029939,-81.35476242,T22002_Secondary,407.1007,
40.87034499,-81.37957083,T22044_Secondary,407.1044,
40.87042156,-81.34488868,T21683_Secondary,407.571,
40.87042836,-81.34666482,T21678_Secondary,407.5715,
40.87045914,-81.40009664,T21194_Secondary,409.2949,
40.87047405,-81.40324214,T21189_Secondary,407.6105,
40.87049817,-81.3360644,T21662_Secondary,407.5698,
40.8705027,-81.39987117,OH3P-2272741-440503-2272620-440852,406.6525,ABC
40.8705027,-81.39987117,OH3P-2272741-440503-2272832-440244,406.6425,ABC
40.87053604,-81.33762161,T21663_Secondary,407.5697,
40.87055462,-81.35820848,T22013_Secondary,407.1019,
40.87057236,-81.40543899,T21177_Secondary,407.6109,
40.87057424,-81.4194722,OH3P-2267320-440461-2267674-440365,406.6516,ABC
40.87060753,-81.37589622,T22035_Secondary,407.1039,
40.87061614,-81.39100335,T22070_Secondary,407.1058,
40.87062598,-81.36411624,OH3P-2282628-440675-2282589-439563,406.1307,ABC
40.87063568,-81.30957802,T21625_Secondary,407.5665,
40.87069977,-81.31149874,T21628_Secondary,407.5664,
40.87071362,-81.36989699,T22030_Secondary,407.1028,
40.87073476,-81.42036983,OH3P-2267071-440517-2267320-440461,406.6517,ABC
40.87074354,-81.40716873,T21163_Secondary,407.6093,
40.87075669,-81.40855167,T21160_Secondary,407.6089,
40.87079957,-81.41424371,T21148_Secondary,407.608,
40.87081148,-81.36628578,T22024_Secondary,407.1026,
40.87082974,-81.40115439,T21187_Secondary,407.6117,
40.87083083,-81.41287461,T21147_Secondary,407.6081,
40.87084956,-81.40207131,T21188_Secondary,407.6116,
40.87088439,-81.41153323,T21150_Secondary,407.6082,
40.87095081,-81.40457387,T21190_Secondary,407.6115,
40.87096719,-81.41795391,T22819_Secondary,407.6061,
40.8710035,-81.41594383,T22818_Secondary,407.6062,
40.87100817,-81.30818828,T21621_Secondary,407.5667,
40.87101082,-81.33866142,T21661_Secondary,407.5703,
40.87101245,-81.35978744,T22018_Secondary,407.1011,
40.87101615,-81.3720852,T22031_Secondary,407.1032,
40.87107414,-81.37427844,T22039_Secondary,407.1037,
40.87108644,-81.35722367,T22011_Secondary,407.1006,
40.87109704,-81.42218629,OH3P-2266567-440643-2266998-440536,406.6518,ABC
40.87116482,-81.36177949,T22019_Secondary,407.1018,
40.87122849,-81.33180012,T21650_Secondary,407.5685,
40.87123533,-81.40542803,T21178_Secondary,407.611,
40.8712383,-81.31333802,T21618_Secondary,407.5662,
40.87126233,-81.34277741,T21674_Secondary,407.5713,
40.87132417,-81.40315526,T21191_Secondary,407.6112,
40.87134772,-81.41963633,T22824_Secondary,407.6056,
40.871394,-81.33486712,OH3P-2290712-441061-2290684-440530,406.5801,ABC
40.871394,-81.33486712,OH3P-2290712-441061-2290778-441389,406.5709,ABC
40.87144799,-81.32837467,T21643_Secondary,407.568,
40.8714597,-81.40460911,T21179_Secondary,407.6111,
40.87149028,-81.39398008,T21215_Secondary,407.6152,
40.8715112,-81.34664595,T21677_Secondary,407.5716,
40.8715338,-81.39620698,T21214_Secondary,407.614,
40.87153925,-81.40717016,T21164_Secondary,407.6092,
40.87157625,-81.31656794,T21632_Secondary,407.5672,
40.871577,-81.39840477,T21207_Secondary,407.6129,
40.87157967,-81.39753114,T21208_Secondary,407.613,
40.87161964,-81.39939412,T21202_Secondary,407.6133,
40.87168017,-81.3360145,T21659_Secondary,407.5691,
40.87168237,-81.40132951,T21185_Secondary,407.6114,
40.87168775,-81.41117162,T21151_Secondary,407.6084,
40.87168977,-81.414899,T21149_Secondary,407.6079,
40.87169113,-81.40224663,T21186_Secondary,407.6113,
40.87172881,-81.40918486,T21162_Secondary,407.6073,
40.87172911,-81.36407024,OH3P-2282635-441077-2282628-440675,406.1349,ABC
40.87177284,-81.33752709,T21660_Secondary,407.5692,
40.87180064,-81.37021323,T22021_Secondary,407.1025,
40.87183255,-81.32707204,T21641_Secondary,407.5679,
40.87183537,-81.41275619,T21146_Secondary,407.6083,
40.87187276,-81.3095121,T21624_Secondary,407.5661,
40.87188277,-81.36510149,T22020_Secondary,407.1022,
40.87189356,-81.36731439,T22023_Secondary,407.1023,
40.87192625,-81.31147673,T21627_Secondary,407.566,
40.87193947,-81.31827031,T21631_Secondary,407.5671,
40.87199625,-81.32578787,T21639_Secondary,407.5678,
40.87205784,-81.39552834,T21216_Secondary,407.6139,
40.87206399,-81.37565411,T22038_Secondary,407.1036,
40.87206926,-81.35714846,T22010_Secondary,407.101,
40.87209842,-81.42189567,T21137_Secondary,409.2947,
40.8721006,-81.42212832,OH3P-2266579-441008-2266567-440643,406.6505,ABC
40.87210606,-81.35973948,T22012_Secondary,407.1015,
40.87210764,-81.40419058,T21176_Secondary,407.6107,
40.87214137,-81.41589505,T22816_Secondary,407.6063,
40.87215574,-81.34480018,T21676_Secondary,407.5709,
40.87215734,-81.41786501,T22820_Secondary,407.606,
40.87218916,-81.34263017,T21673_Secondary,407.5708,
40.87220501,-81.40861515,T21159_Secondary,407.6088,
40.87222091,-81.41965119,T22823_Secondary,407.6057,
40.8722233,-81.30813728,T21620_Secondary,407.5666,
40.87224258,-81.33438923,T21645_Secondary,409.2835,
40.87226821,-81.39671902,T21213_Secondary,407.6142,
40.87229056,-81.33461315,OH3P-2290778-441389-2290849-441692,406.5804,ABC
40.87233189,-81.3132893,T21617_Secondary,407.5659,
40.87236858,-81.41022262,T21161_Secondary,407.6087,
40.87239051,-81.40141968,T21184_Secondary,407.6118,
40.87248987,-81.39892192,T21210_Secondary,407.6132,
40.87252161,-81.41171132,T21152_Secondary,407.6085,
40.87253962,-81.40313512,T21181_Secondary,407.6106,
40.87257413,-81.35457747,T22005_Secondary,407.1008,
40.8725761,-81.39423869,T21218_Secondary,407.6149,
40.87258652,-81.40226075,T21183_Secondary,407.6104,
40.87262792,-81.41360236,T21142_Secondary,407.6077,
40.8726564,-81.36846614,T22022_Secondary,407.1024,
40.87274955,-81.3997712,T21201_Secondary,407.6124,
40.87275163,-81.32725947,T21640_Secondary,407.5681,
40.87276514,-81.32858419,T21642_Secondary,407.5682,
40.87276606,-81.3921823,T21220_Secondary,407.6151,
40.87278918,-81.39343407,T21219_Secondary,407.615,
40.87282709,-81.3259914,T21638_Secondary,407.5677,
40.87285479,-81.38423122,T21267_Secondary,407.6177,
40.87286952,-81.39835414,T21212_Secondary,407.6128,
40.87287403,-81.41273914,T21145_Secondary,407.6078,
40.8729202,-81.33514821,T21655_Secondary,407.5695,
40.87292476,-81.36317611,T22016_Secondary,407.102,
40.87293913,-81.38607877,T21261_Secondary,407.6178,
40.87296376,-81.39549867,T21217_Secondary,407.6138,
40.87296811,-81.3083982,OH3P-2298024-441734-2297709-441743,406.5795,ABC
40.87297605,-81.33629747,T21656_Secondary,407.5693,
40.87298826,-81.36067071,T22009_Secondary,407.1021,
40.87299131,-81.4220778,OH3P-2266589-441333-2266498-441588,406.641,ABC
40.87299131,-81.4220778,OH3P-2266589-441333-2266579-441008,406.6522,ABC
40.8730044,-81.30953633,OH3P-2297709-441743-2297287-441746,406.5782,ABC
40.87302128,-81.33749061,T21657_Secondary,407.5694,
40.87302885,-81.31106162,OH3P-2297287-441746-2296739-441742,406.5796,ABC
40.87303594,-81.40418978,T21175_Secondary,407.6108,
40.87303828,-81.31304163,OH3P-2296739-441742-2295339-441766,406.5726,ABC
40.87305244,-81.39667709,T21211_Secondary,407.6141,
40.8730727,-81.40225269,T21182_Secondary,407.6103,
40.87310355,-81.3078299,OH3P-2298180-441785-2298024-441734,406.573,ABC
40.87310499,-81.38307167,T21274_Secondary,407.6183,
40.87310838,-81.38189734,T21272_Secondary,407.6182,
40.873156,-81.31810332,OH3P-2295339-441766-2294005-441840,406.5727,ABC
40.87316451,-81.36394122,OH3P-2282664-441600-2282635-441077,406.1309,ABC
40.87317918,-81.34655878,T21670_Secondary,407.5719,
40.87322483,-81.40313833,T21180_Secondary,407.6102,
40.8732322,-81.40855453,T21158_Secondary,407.609,
40.87323845,-81.41504819,T21136_Secondary,407.6076,
40.87328014,-81.30782672,T21518_Secondary,409.2827,
40.87331608,-81.34479449,T21671_Secondary,407.5706,
40.87332249,-81.39931563,T21209_Secondary,407.6154,
40.87332642,-81.33433972,OH3P-2290849-441767-2290906-441977,406.5734,ABC
40.87333313,-81.41813922,T22821_Secondary,407.6059,
40.87333644,-81.41958829,T22822_Secondary,407.6058,
40.87336261,-81.40004309,T21200_Secondary,407.6123,
40.87341074,-81.32292445,OH3P-2294005-441840-2293361-441872,406.5784,ABC
40.87343721,-81.41153611,T21153_Secondary,407.6074,
40.87345651,-81.37565958,T22037_Secondary,407.1035,
40.87350018,-81.30589153,OH3P-2298714-441937-2298180-441785,406.5787,ABC
40.87350018,-81.30589153,OH3P-2298714-441937-2298660-439706,406.5721,ABC
40.87352138,-81.32525108,OH3P-2293361-441872-2293216-441874,406.5728,ABC
40.87353227,-81.32577506,OH3P-2293216-441874-2292862-441883,406.5799,ABC
40.87353925,-81.37960398,T21270_Secondary,407.6181,
40.87355839,-81.33156957,T21644_Secondary,409.2834,
40.87355885,-81.34256254,T21672_Secondary,407.5707,
40.87356898,-81.32705366,OH3P-2292862-441883-2292680-441890,406.5798,ABC
40.87359771,-81.32798159,OH3P-2292606-441890-2292508-441895,406.5797,ABC
40.8736152,-81.32833415,OH3P-2292508-441895-2292130-441910,406.5731,ABC
40.87361735,-81.40125153,OH3P-2272345-441633-2272296-441769,406.6526,ABC
40.87361735,-81.40125153,OH3P-2272345-441633-2272620-440852,406.6426,ABC
40.87364815,-81.33828041,T21658_Secondary,407.5696,
40.87366782,-81.41371633,T21141_Secondary,407.6075,
40.873671,-81.32970075,OH3P-2292130-441910-2291614-441926,406.58,ABC
40.87369741,-81.38677946,T21260_Secondary,407.6175,
40.87369798,-81.32524796,T21389_Secondary,407.5546,
40.87372608,-81.41636517,T22815_Secondary,407.6064,
40.87372931,-81.40738167,T21165_Secondary,407.6094,
40.87373498,-81.33156646,OH3P-2291614-441926-2291203-441948,406.5729,ABC
40.87375845,-81.38056139,T21271_Secondary,407.6179,
40.87378088,-81.42219065,T22828_Secondary,409.2946,
40.87378875,-81.39625674,T21222_Secondary,407.6137,
40.87380679,-81.31484994,T21504_Secondary,407.5568,
40.87381071,-81.38821916,T21262_Secondary,407.6176,
40.87381084,-81.33305027,OH3P-2291203-441948-2290906-441977,406.5786,ABC
40.87381283,-81.41268004,T21144_Secondary,407.6069,
40.87382581,-81.40357974,T21174_Secondary,407.6101,
40.87383669,-81.31132579,T21514_Secondary,407.5584,
40.87387028,-81.39784244,T21206_Secondary,407.6131,
40.87389156,-81.35702964,T22006_Secondary,407.1009,
40.87390065,-81.33412301,OH3P-2290906-441977-2290416-441993,406.581,ABC
40.87392838,-81.31700167,T21502_Secondary,407.5567,
40.87394961,-81.40164755,T21192_Secondary,409.2941,
40.87395089,-81.35966403,T22007_Secondary,407.1016,
40.87396126,-81.33589417,OH3P-2290416-441993-2288045-442078,406.5705,ABC
40.87398157,-81.36164369,T22008_Secondary,407.1017,
40.87398744,-81.33304717,T21477_Secondary,409.2826,
40.87399317,-81.40142206,OH3P-2272296-441769-2272197-442047,406.6523,ABC
40.87400899,-81.31946196,T21497_Secondary,407.5565,
40.8740241,-81.3954373,T21223_Secondary,407.6136,
40.87409439,-81.40974896,T21157_Secondary,407.6091,
40.87412561,-81.39335349,T21230_Secondary,407.6147,
40.87414683,-81.39211551,T21227_Secondary,407.6146,
40.87416908,-81.32106075,T21496_Secondary,407.5556,
40.87417399,-81.38578135,T21259_Secondary,407.6174,
40.87417824,-81.39966783,T21203_Secondary,407.6127,
40.87419081,-81.39438618,T21226_Secondary,407.6148,
40.8742493,-81.40048101,T21197_Secondary,407.6153,
40.87425838,-81.42265171,OH3P-2266424-441793-2266370-441909,406.643,ABC
40.87425838,-81.42265171,OH3P-2266424-441793-2266498-441588,406.6521,ABC
40.87426009,-81.39898214,T21204_Secondary,407.6126,
40.874278,-81.37943131,T21269_Secondary,407.618,
40.87428138,-81.34446147,OH3P-2288045-442078-2287620-442103,406.5781,ABC
40.87436712,-81.34599936,OH3P-2287620-442103-2287479-442104,406.5806,ABC
40.87437376,-81.34650668,OH3P-2287479-442104-2286601-442150,406.5735,ABC
40.87443353,-81.40356967,T21173_Secondary,407.6096,
40.87443725,-81.39846821,T21205_Secondary,407.6125,
40.87444277,-81.32296329,T21478_Secondary,407.5547,
40.87445294,-81.41143205,T21154_Secondary,407.607,
40.87448939,-81.33065177,T21426_Secondary,407.5304,
40.87453204,-81.34995054,OH3P-2286526-442149-2286312-442156,406.5776,ABC
40.87453402,-81.33407132,OH3P-2290917-442208-2290906-441977,406.5736,ABC
40.87453638,-81.33430397,T21476_Secondary,409.2825,
40.87454371,-81.34599629,T21475_Secondary,409.2824,
40.87455219,-81.4137455,T21140_Secondary,407.6068,
40.87455972,-81.35072596,OH3P-2286312-442156-2286039-442161,406.5812,ABC
40.87458366,-81.35171073,OH3P-2286039-442161-2285103-442176,406.5706,ABC
40.87462573,-81.41568082,T22814_Secondary,407.6086,
40.87462984,-81.40066499,T21198_Secondary,407.6121,
40.87463574,-81.39698505,T21221_Secondary,407.6134,
40.874644,-81.30993756,T21516_Secondary,407.5582,
40.87465703,-81.35509458,OH3P-2285103-442176-2284653-442195,406.578,ABC
40.87467557,-81.40461401,T21169_Secondary,407.6119,
40.8747118,-81.34181449,T21418_Secondary,407.5296,
40.87471485,-81.31289727,T21513_Secondary,407.5577,
40.87472451,-81.35672092,OH3P-2284653-442195-2284306-442208,406.5775,ABC
40.87475899,-81.40176608,OH3P-2272197-442047-2272131-442221,406.6527,ABC
40.87475917,-81.42297806,OH3P-2266332-441974-2266248-442196,406.6409,ABC
40.87476916,-81.37541903,T22036_Secondary,407.1034,
40.87477412,-81.3579754,OH3P-2284306-442208-2283932-442221,406.5779,ABC
40.87480024,-81.32952486,T21425_Secondary,407.5303,
40.87480255,-81.4015406,T21195_Secondary,409.295,
40.87482225,-81.35932665,OH3P-2283932-442221-2283569-442228,406.5777,ABC
40.87483363,-81.35509154,T21474_Secondary,407.5545,
40.87485582,-81.36063869,OH3P-2283569-442228-2282987-442246,406.5778,ABC
40.87492117,-81.39334019,T21229_Secondary,407.6144,
40.87492638,-81.36274133,OH3P-2282987-442246-2282668-442261,406.5707,ABC
40.8749303,-81.39543674,T21224_Secondary,407.6135,
40.87493127,-81.39438837,T21225_Secondary,407.6143,
40.87495071,-81.35797236,T21473_Secondary,407.5544,
40.8749783,-81.36389387,OH3P-2282668-442261-2282664-441675,406.5737,ABC
40.87503241,-81.36063566,T21472_Secondary,407.5543,
40.87504515,-81.36861445,OH3P-2281363-442268-2280155-442277,406.5773,ABC
40.87504515,-81.36861445,OH3P-2281363-442268-2282668-442261,406.5702,ABC
40.87504808,-81.31948711,T21498_Secondary,407.5564,
40.87505303,-81.39211491,T21228_Secondary,407.6145,
40.87505308,-81.31674962,T21503_Secondary,407.5566,
40.87509273,-81.38192192,T21268_Secondary,409.2959,
40.87509388,-81.3471718,T21468_Secondary,407.5539,
40.87509475,-81.30581385,OH3P-2298728-442518-2298714-441937,406.5788,ABC
40.87509717,-81.30604651,T21519_Secondary,409.2828,
40.87510297,-81.36273831,T21471_Secondary,407.5542,
40.87511017,-81.37298162,OH3P-2280155-442277-2279189-442293,406.5772,ABC
40.8751222,-81.30777409,T21517_Secondary,407.5583,
40.87513019,-81.33401088,OH3P-2290931-442426-2290917-442208,406.5785,ABC
40.87514217,-81.31146252,T21515_Secondary,407.5585,
40.87517353,-81.3488823,T21467_Secondary,407.5538,
40.87517721,-81.31485452,T21505_Secondary,407.5569,
40.87517819,-81.40750336,T21167_Secondary,407.6098,
40.87518348,-81.13236922,OH3P-2346686-443255-2349987-443918,411.191,ABC
40.87518859,-81.37647481,OH3P-2279189-442293-2278854-442299,406.5771,ABC
40.87520023,-81.40285809,T21172_Secondary,407.612,
40.87520156,-81.38687065,T21257_Secondary,409.2957,
40.87520997,-81.40852207,T21166_Secondary,407.6097,
40.87521628,-81.3791513,OH3P-2278448-442293-2278779-442299,406.6537,ABC
40.87522174,-81.36861144,T21432_Secondary,409.282,
40.87525269,-81.40488125,T21170_Secondary,407.6099,
40.87525374,-81.40383288,T21171_Secondary,407.61,
40.87526356,-81.40022404,T21199_Secondary,407.6122,
40.87526517,-81.40619149,T21168_Secondary,407.6095,
40.87526932,-81.38191895,OH3P-2277683-442303-2278448-442293,406.6536,ABC
40.87527175,-81.38841288,T21258_Secondary,409.2958,
40.87527417,-81.32105562,T21499_Secondary,407.5557,
40.87528676,-81.37297863,T21431_Secondary,409.2822,
40.87528816,-81.40977298,T21156_Secondary,407.6072,
40.87529623,-81.38344114,OH3P-2277262-442307-2277683-442303,406.6428,ABC
40.87529624,-81.34061031,T21419_Secondary,407.5295,
40.87533391,-81.35276822,T21465_Secondary,407.5534,
40.87533398,-81.3855705,OH3P-2276673-442313-2276314-442325,406.6534,ABC
40.87533398,-81.3855705,OH3P-2276673-442313-2277262-442307,406.6429,ABC
40.87536518,-81.37647182,T21430_Secondary,409.2821,
40.87539353,-81.41156218,T21155_Secondary,407.6071,
40.87541039,-81.38775329,OH3P-2276069-442333-2275887-442345,406.6535,ABC
40.87541039,-81.38775329,OH3P-2276069-442333-2276314-442325,406.6498,ABC
40.87543975,-81.3231931,T21479_Secondary,407.5548,
40.87545783,-81.4230661,T21135_Secondary,409.2945,
40.87546475,-81.38896295,OH3P-2275734-442349-2275887-442345,406.6499,ABC
40.87547735,-81.38974615,OH3P-2275518-442351-2275734-442349,406.65,ABC
40.87548975,-81.41355539,T21138_Secondary,407.6066,
40.87550384,-81.33121727,T21427_Secondary,407.5305,
40.87553174,-81.39704292,T21231_Secondary,409.2952,
40.87553328,-81.33223501,T21428_Secondary,407.5306,
40.87555838,-81.41262224,T21139_Secondary,407.6067,
40.87556115,-81.39306536,OH3P-2274599-442370-2275443-442350,406.6501,ABC
40.8755992,-81.13236063,OH3P-2346686-443406-2349667-443918,411.1813,ABC
40.87561978,-81.40046319,T21196_Secondary,409.2951,
40.87564763,-81.39516064,OH3P-2274020-442394-2274599-442370,406.6502,ABC
40.87568876,-81.39615212,OH3P-2273745-442405-2273500-442409,406.6529,ABC
40.87568876,-81.39615212,OH3P-2273745-442405-2274020-442394,406.6503,ABC
40.87577222,-81.33958257,T21410_Secondary,407.5294,
40.87578399,-81.33403269,OH3P-2290922-442664-2290930-442500,406.552,ABC
40.87579638,-81.40046026,OH3P-2272553-442430-2273500-442409,406.6421,ABC
40.87583867,-81.3289557,T21424_Secondary,407.5277,
40.87586535,-81.39614918,T21060_Secondary,409.2942,
40.87586653,-81.30999351,T21512_Secondary,407.5581,
40.87587163,-81.40219384,OH3P-2272074-442451-2272131-442221,406.6427,ABC
40.87587163,-81.40219384,OH3P-2272074-442451-2272553-442430,406.6528,ABC
40.87594274,-81.4147128,T22813_Secondary,407.6065,
40.87595001,-81.35510148,T21458_Secondary,407.5523,
40.87599916,-81.34895469,T21466_Secondary,407.5537,
40.87601538,-81.13235203,OH3P-2346686-443558-2349356-443918,411.1712,ABC
40.87601626,-81.31799934,T21495_Secondary,407.5563,
40.87601732,-81.13262318,OH3P-2346611-443557-2343964-443897,411.1212,ABC
40.87603524,-81.39426801,T21073_Secondary,407.5995,
40.87604023,-81.40690657,OH3P-2270770-442496-2272074-442451,406.642,ABC
40.87604423,-81.31964422,T21500_Secondary,407.5562,
40.87606345,-81.38574954,T21127_Secondary,407.6052,
40.8760701,-81.4083039,OH3P-2270383-442502-2270770-442496,406.6494,ABC
40.8760727,-81.34075811,T21416_Secondary,407.5292,
40.87608491,-81.34209611,T21417_Secondary,407.5298,
40.87610505,-81.40965746,OH3P-2270009-442510-2270383-442502,406.6493,ABC
40.87611448,-81.3132007,T21507_Secondary,407.5576,
40.87611776,-81.38793273,T21116_Secondary,407.6035,
40.87612973,-81.38917019,T21097_Secondary,407.602,
40.87613723,-81.41071986,OH3P-2269715-442518-2270009-442510,406.6492,ABC
40.87614239,-81.39048044,T21099_Secondary,407.6022,
40.87615653,-81.32197195,T21501_Secondary,407.5558,
40.87618875,-81.41229784,OH3P-2269278-442531-2269715-442518,406.6491,ABC
40.87621369,-81.39328946,T21096_Secondary,407.6002,
40.87621808,-81.3631778,T21456_Secondary,407.5518,
40.87621923,-81.3577322,T21457_Secondary,407.5522,
40.87625292,-81.40348889,T20999_Secondary,407.5945,
40.8762579,-81.41448494,OH3P-2268673-442549-2269278-442531,406.6539,ABC
40.8762643,-81.346993,T21469_Secondary,407.554,
40.87626947,-81.35206208,T21464_Secondary,407.5535,
40.87627262,-81.38337991,OH3P-2277274-442663-2277262-442307,406.6424,ABC
40.87627489,-81.38361258,T21132_Secondary,409.2943,
40.87630463,-81.40621785,T21003_Secondary,407.5948,
40.87631054,-81.36024964,T21454_Secondary,407.5521,
40.87631093,-81.39535546,T21061_Secondary,407.5986,
40.87631127,-81.33280248,T21429_Secondary,407.5307,
40.8763186,-81.41646015,OH3P-2268127-442564-2268673-442549,406.6419,ABC
40.87632614,-81.41748045,OH3P-2267845-442564-2268127-442564,406.6538,ABC
40.87634041,-81.31618814,T21494_Secondary,407.5587,
40.87636211,-81.35059437,T21462_Secondary,407.5533,
40.87636643,-81.40461542,T21000_Secondary,407.5944,
40.87637522,-81.41867235,OH3P-2267515-442577-2267770-442563,406.6432,ABC
40.87638436,-81.33399504,OH3P-2290929-442882-2290922-442664,406.5594,ABC
40.87640316,-81.31157093,T21511_Secondary,407.5579,
40.87641532,-81.42384213,OH3P-2266085-442574-2266052-442711,406.6408,ABC
40.87641532,-81.42384213,OH3P-2266085-442574-2266248-442196,406.652,ABC
40.87641532,-81.42384213,OH3P-2266085-442574-2266334-442664,406.6416,ABC
40.87644846,-81.13261428,OH3P-2346611-443715-2344273-443897,411.1313,ABC
40.87645882,-81.42135843,T21134_Secondary,409.2944,
40.87646737,-81.39209152,T21095_Secondary,407.6016,
40.87655155,-81.40548601,T21001_Secondary,407.5942,
40.87659063,-81.31474185,T21506_Secondary,407.5573,
40.87661379,-81.30949949,T21521_Secondary,407.558,
40.87662949,-81.42190169,OH3P-2266621-442659-2266772-442663,406.649,ABC
40.87663804,-81.41975804,OH3P-2267214-442669-2266772-442663,406.6519,ABC
40.87663804,-81.41975804,OH3P-2267214-442669-2267515-442577,406.6418,ABC
40.87665212,-81.42294037,OH3P-2266334-442664-2266621-442659,406.6417,ABC
40.87666658,-81.40943735,T20990_Secondary,407.5946,
40.87671985,-81.40807504,T20994_Secondary,407.5934,
40.87673327,-81.3232429,T21480_Secondary,407.5549,
40.8767404,-81.32997854,T21423_Secondary,407.5302,
40.87678363,-81.40664703,T21002_Secondary,407.5939,
40.87679165,-81.42395543,OH3P-2266052-442711-2266015-442866,406.6489,ABC
40.87679897,-81.38637681,T21126_Secondary,407.6051,
40.87681352,-81.39591509,T21062_Secondary,407.5985,
40.87682759,-81.40381527,T20998_Secondary,407.5943,
40.87683103,-81.13260637,OH3P-2346611-443854-2344572-443897,411.1409,ABC
40.87683526,-81.42372995,T20927_Secondary,409.2938,
40.87683603,-81.3971087,T21063_Secondary,407.5984,
40.87683756,-81.30763165,T21523_Secondary,407.5592,
40.87685978,-81.12039565,OH3P-2349987-443918-2349987-444063,411.1906,ABC
40.87686258,-81.12062831,T4215-3_Secondary,409.4502,
40.87686496,-81.40257475,T21006_Secondary,409.294,
40.87687369,-81.12155421,OH3P-2349667-443918-2349667-444063,411.1807,ABC
40.87687648,-81.12178687,T4214-3_Secondary,409.4402,
40.87688718,-81.12267921,OH3P-2349356-443918-2349356-444063,411.1706,ABC
40.87688997,-81.12291187,T4213-3_Secondary,409.4302,
40.87690102,-81.12383441,OH3P-2349036-443918-2346686-443715,411.1613,ABC
40.87690381,-81.12406706,T4212-3_Secondary,409.4201,
40.87690852,-81.40234926,OH3P-2272026-442828-2272074-442451,406.6423,ABC
40.87691529,-81.12502573,OH3P-2348707-443918-2346686-443854,411.151,ABC
40.87691807,-81.12525838,T4211-3_Secondary,409.4102,
40.87695644,-81.41204624,T20975_Secondary,407.592,
40.87696435,-81.39320411,T21094_Secondary,407.6003,
40.87698657,-81.40939568,T20989_Secondary,407.593,
40.87699693,-81.41048757,T20981_Secondary,407.5921,
40.87701641,-81.41844795,T20941_Secondary,407.5908,
40.87703667,-81.13997921,OH3P-2344572-443897-2344573-443992,411.1408,ABC
40.87703943,-81.14021186,T4115-3_Secondary,409.4002,
40.87703963,-81.33377991,T21398_Secondary,409.2748,
40.877042,-81.33401258,OH3P-2290921-443122-2290929-442882,406.5585,ABC
40.87704624,-81.35945115,T21453_Secondary,407.5516,
40.87704944,-81.14105862,OH3P-2344273-443897-2344273-443992,411.131,ABC
40.8770522,-81.14129127,T4114-3_Secondary,409.3902,
40.87706265,-81.14217543,OH3P-2343964-443897-2343963-443992,411.1209,ABC
40.8770654,-81.14240809,T4113-3_Secondary,409.3802,
40.87707306,-81.39531362,T21064_Secondary,407.5994,
40.87707347,-81.39420698,T21074_Secondary,407.5996,
40.8770757,-81.14328009,OH3P-2343659-443897-2346611-443406,411.1113,ABC
40.87707614,-81.3513537,T21461_Secondary,407.5532,
40.87707845,-81.14351275,T4112-3_Secondary,409.3701,
40.87708868,-81.14438002,OH3P-2343354-443897-2346611-443254,411.101,ABC
40.87709143,-81.14461268,T4111-3_Secondary,409.3602,
40.87714088,-81.33941297,T21409_Secondary,407.5293,
40.87719498,-81.4080672,T20993_Secondary,407.5935,
40.8772188,-81.42408388,OH3P-2266015-442866-2266027-443215,406.6431,ABC
40.87723765,-81.31748246,T21493_Secondary,407.5561,
40.87723907,-81.35794749,T21444_Secondary,407.5519,
40.87724728,-81.35330245,T21451_Secondary,407.5528,
40.87725857,-81.12038748,OH3P-2349987-444063-2349864-444063,411.1905,ABC
40.87725857,-81.12038748,OH3P-2349987-444063-2349987-444268,411.1904,ABC
40.87727247,-81.12154565,OH3P-2349667-444063-2349543-444063,411.1806,ABC
40.87727247,-81.12154565,OH3P-2349667-444063-2349668-444268,411.1805,ABC
40.87727247,-81.12154565,OH3P-2349667-444063-2349789-444062,411.1809,ABC
40.87727466,-81.42000554,T20940_Secondary,407.5889,
40.87727983,-81.12226658,OH3P-2349468-444062-2349356-444063,411.1708,ABC
40.87728596,-81.12267065,OH3P-2349356-444063-2349356-444268,411.1704,ABC
40.87729161,-81.12314156,OH3P-2349226-444063-2349356-444063,411.1705,ABC
40.87729356,-81.12341272,OH3P-2349151-444062-2349037-444063,411.1607,ABC
40.8772973,-81.13997042,OH3P-2344573-443992-2344454-443992,411.1407,ABC
40.8772973,-81.13997042,OH3P-2344573-443992-2344573-444205,411.1411,ABC
40.8772998,-81.12382535,OH3P-2349037-444063-2349036-443918,411.1606,ABC
40.87730311,-81.31954897,T21492_Secondary,407.556,
40.87730526,-81.12428109,OH3P-2348911-444063-2349037-444063,411.1605,ABC
40.87730721,-81.12455225,OH3P-2348836-444062-2348706-444063,411.1504,ABC
40.8773101,-81.14105169,OH3P-2344273-443992-2344143-443992,411.1309,ABC
40.8773101,-81.14105169,OH3P-2344273-443992-2344274-444205,411.1315,ABC
40.8773101,-81.14105169,OH3P-2344273-443992-2344379-443992,411.1312,ABC
40.8773127,-81.41316242,T20973_Secondary,407.5914,
40.8773141,-81.12501954,OH3P-2348706-444063-2348707-443918,411.1506,ABC
40.8773176,-81.14179528,OH3P-2344068-443992-2343963-443992,411.1211,ABC
40.87732337,-81.14217387,OH3P-2343963-443992-2343964-444205,411.1213,ABC
40.87732879,-81.14263315,OH3P-2343836-443992-2343963-443992,411.1208,ABC
40.87732891,-81.34964174,T21463_Secondary,407.5536,
40.8773307,-81.14290431,OH3P-2343761-443992-2343658-443992,411.111,ABC
40.87733131,-81.31155426,T21510_Secondary,407.5578,
40.87733263,-81.36587656,T21434_Secondary,407.5506,
40.8773364,-81.14327721,OH3P-2343658-443992-2343659-443897,411.1109,ABC
40.87734138,-81.14369889,OH3P-2343541-443992-2343658-443992,411.1108,ABC
40.87734329,-81.14397005,OH3P-2343466-443992-2343354-443992,411.1007,ABC
40.87734938,-81.14437678,OH3P-2343354-443992-2343354-443897,411.1009,ABC
40.87735093,-81.40936055,T20988_Secondary,407.5931,
40.87735651,-81.38330862,OH3P-2277289-443058-2277274-442663,406.6504,ABC
40.87735844,-81.40501503,T20997_Secondary,407.5941,
40.87736051,-81.42208635,T20933_Secondary,407.5878,
40.87737753,-81.33152196,T21422_Secondary,407.5301,
40.87737988,-81.3216444,T21486_Secondary,407.5559,
40.87744642,-81.33811013,T21407_Secondary,407.5286,
40.87745251,-81.41767309,T20942_Secondary,407.589,
40.87745369,-81.4108732,T20980_Secondary,407.5922,
40.87746232,-81.36705808,T21435_Secondary,407.5507,
40.87747666,-81.33515636,T21400_Secondary,407.5278,
40.87747947,-81.40660642,T21004_Secondary,407.5938,
40.87748619,-81.34188245,T21415_Secondary,407.529,
40.87748699,-81.4205889,T20938_Secondary,407.5888,
40.87748762,-81.3878806,T21115_Secondary,407.6036,
40.87749135,-81.31313856,T21508_Secondary,407.5575,
40.87749702,-81.41375156,T20972_Secondary,407.5915,
40.87751893,-81.31473979,T21509_Secondary,407.5574,
40.8775484,-81.39188385,T21092_Secondary,407.6014,
40.87755535,-81.38421085,T21128_Secondary,407.6055,
40.87757419,-81.38997621,T21100_Secondary,407.6023,
40.87757693,-81.38911678,T21098_Secondary,407.6021,
40.87758418,-81.39561102,T21066_Secondary,407.5987,
40.87760645,-81.34065721,T21414_Secondary,407.5291,
40.87760986,-81.34703866,T21470_Secondary,407.5541,
40.87761837,-81.31590163,T21491_Secondary,407.5572,
40.87762405,-81.36120261,T21455_Secondary,407.5517,
40.87762586,-81.39649854,T21067_Secondary,407.5992,
40.87762865,-81.39794003,T21068_Secondary,407.5988,
40.87766228,-81.30936414,T21527_Secondary,407.5596,
40.87766565,-81.30755849,T21524_Secondary,407.5593,
40.8777314,-81.33630221,T21401_Secondary,407.5279,
40.87774975,-81.38642009,T21125_Secondary,407.605,
40.87776527,-81.35601125,T21445_Secondary,407.5527,
40.87776997,-81.4081014,T20992_Secondary,407.5947,
40.87779485,-81.40274135,T21005_Secondary,409.2939,
40.8778164,-81.41537579,T20951_Secondary,407.5894,
40.87781712,-81.41033341,T20985_Secondary,407.5926,
40.87783841,-81.40251585,OH3P-2271976-443166-2272026-442828,406.6496,ABC
40.87784316,-81.40608543,T20996_Secondary,407.594,
40.8778468,-81.3941795,T21075_Secondary,407.5997,
40.87785051,-81.30566221,OH3P-2298756-443523-2298728-442518,406.5789,ABC
40.87785293,-81.30589488,T21520_Secondary,409.2823,
40.87786216,-81.12381217,OH3P-2349037-444268-2349037-444063,411.1604,ABC
40.87786859,-81.39528552,T21065_Secondary,407.6019,
40.87787027,-81.3931744,T21093_Secondary,407.6004,
40.87787646,-81.12500593,OH3P-2348707-444268-2348706-444063,411.1505,ABC
40.87788267,-81.13995812,OH3P-2344573-444205-2344573-444363,411.1406,ABC
40.87789546,-81.14103907,OH3P-2344274-444205-2344273-444363,411.1308,ABC
40.87790869,-81.14215842,OH3P-2343964-444205-2343964-444363,411.1207,ABC
40.87790977,-81.38209388,T21336_Secondary,407.3501,
40.87792174,-81.14326282,OH3P-2343659-444205-2343658-443992,411.1115,ABC
40.87793473,-81.14436358,OH3P-2343354-444205-2343354-443992,411.1012,ABC
40.87798512,-81.41916294,T20939_Secondary,407.5907,
40.87800768,-81.41102425,T20979_Secondary,407.5923,
40.87801505,-81.41643543,T20950_Secondary,407.5893,
40.87802677,-81.12037469,OH3P-2349986-444343-2349988-444729,411.1903,ABC
40.87802721,-81.38327645,OH3P-2277295-443303-2277289-443058,406.6497,ABC
40.87802797,-81.41199951,T20974_Secondary,407.5919,
40.87804061,-81.12152802,OH3P-2349667-444343-2349667-444530,411.1804,ABC
40.87805412,-81.12265425,OH3P-2349356-444343-2349356-444530,411.1703,ABC
40.87807117,-81.35939979,T21452_Secondary,407.5515,
40.87807428,-81.34030988,T21413_Secondary,407.5289,
40.87807571,-81.39844221,T21069_Secondary,407.599,
40.87807859,-81.42206009,T20932_Secondary,407.5877,
40.87809125,-81.40934836,T20987_Secondary,407.5932,
40.87810258,-81.35153914,T21460_Secondary,407.5531,
40.87811721,-81.39127732,T21091_Secondary,407.6015,
40.87816253,-81.36067705,T21440_Secondary,407.551,
40.87817228,-81.42379161,T20926_Secondary,409.2937,
40.87817446,-81.42402428,OH3P-2266027-443215-2266035-443520,406.6488,ABC
40.87817858,-81.31877205,T21490_Secondary,407.5571,
40.87822031,-81.40740436,T20995_Secondary,407.5937,
40.87823849,-81.40161385,T21059_Secondary,407.5983,
40.87825573,-81.40804971,T20991_Secondary,407.5936,
40.87826629,-81.38498441,T21129_Secondary,407.6053,
40.87827011,-81.3339889,OH3P-2290922-443569-2290921-443122,406.5586,ABC
40.87827489,-81.4182089,T20949_Secondary,407.5891,
40.87828038,-81.41715039,T20948_Secondary,407.5892,
40.87831011,-81.35350233,T21450_Secondary,407.5529,
40.87835339,-81.14325488,OH3P-2343658-444363-2343659-444205,411.1107,ABC
40.87835845,-81.36376513,OH3P-2282688-443493-2282668-442261,406.5703,ABC
40.87836637,-81.14435484,OH3P-2343354-444363-2343354-444205,411.1008,ABC
40.87840598,-81.36197024,T21437_Secondary,407.5511,
40.87842506,-81.39456314,T21076_Secondary,407.5998,
40.87843318,-81.35494022,T21448_Secondary,407.5524,
40.87843673,-81.3575175,T21443_Secondary,407.552,
40.87846176,-81.33789905,T21406_Secondary,407.5284,
40.87847152,-81.41373433,T20971_Secondary,407.5913,
40.87847332,-81.39613494,T21071_Secondary,407.5991,
40.87850898,-81.39754679,T21070_Secondary,407.5989,
40.87852011,-81.139947,OH3P-2344572-444438-2344573-444679,411.1405,ABC
40.8785237,-81.41301051,T20970_Secondary,407.5912,
40.87853292,-81.14102981,OH3P-2344273-444438-2344272-444557,411.1307,ABC
40.87854234,-81.32184095,T21487_Secondary,407.5586,
40.87854615,-81.14214837,OH3P-2343963-444438-2343963-444557,411.1206,ABC
40.87855404,-81.12151774,OH3P-2349667-444530-2349668-444729,411.1803,ABC
40.87855511,-81.12160657,OH3P-2349643-444530-2349667-444530,411.1802,ABC
40.8785579,-81.12183923,T4214-2_Secondary,409.4401,
40.8785651,-81.32306494,T21481_Secondary,407.555,
40.87856754,-81.12264277,OH3P-2349356-444530-2349356-444729,411.1702,ABC
40.87857139,-81.12296426,T4213-2_Secondary,409.4301,
40.87858137,-81.12379692,OH3P-2349037-444530-2349036-444343,411.1603,ABC
40.87858243,-81.12388574,OH3P-2349012-444530-2349037-444530,411.1609,ABC
40.87858522,-81.1241184,T4212-2_Secondary,409.4202,
40.87861541,-81.41101426,T20978_Secondary,407.5924,
40.87862153,-81.35592882,T21446_Secondary,407.5526,
40.87862365,-81.40997303,T20984_Secondary,407.5927,
40.87862641,-81.39365711,T21077_Secondary,407.5999,
40.87863127,-81.42095508,T22827_Secondary,407.5909,
40.87866505,-81.34159965,T21412_Secondary,407.5288,
40.87867262,-81.32553315,T21482_Secondary,407.5551,
40.87868322,-81.41455277,T20952_Secondary,407.591,
40.87870399,-81.30751066,T21525_Secondary,407.5594,
40.87871693,-81.31302921,T21531_Secondary,407.5601,
40.8787273,-81.33910709,T21408_Secondary,407.5285,
40.87874669,-81.41556029,T20953_Secondary,407.5901,
40.87877508,-81.39189259,T21090_Secondary,407.6013,
40.87877819,-81.36374337,OH3P-2282692-443646-2282688-443493,406.577,ABC
40.87879085,-81.31154268,T21537_Secondary,407.56,
40.87879734,-81.3090525,T21528_Secondary,407.5597,
40.87880075,-81.36638058,T21436_Secondary,407.5508,
40.87880988,-81.4093802,T20986_Secondary,407.5933,
40.87882002,-81.31659492,T21533_Secondary,407.5603,
40.87882216,-81.31465821,T21532_Secondary,407.5602,
40.87885971,-81.14102352,OH3P-2344272-444557-2344272-444679,411.1306,ABC
40.87886064,-81.14110263,OH3P-2344251-444557-2344272-444557,411.1305,ABC
40.87886339,-81.1413353,T4114-2_Secondary,409.3901,
40.87886417,-81.39309953,T21089_Secondary,407.6005,
40.87887292,-81.14214087,OH3P-2343963-444557-2343964-444679,411.1205,ABC
40.87887656,-81.14244942,T4113-2_Secondary,409.3801,
40.87888389,-81.38322045,OH3P-2277306-443615-2277294-443378,406.4381,ABC
40.8788854,-81.418115,T20947_Secondary,407.5887,
40.87888586,-81.14323638,OH3P-2343661-444557-2343658-444438,411.1106,ABC
40.87888702,-81.14333491,OH3P-2343633-444557-2343661-444557,411.1112,ABC
40.87888977,-81.14356758,T4112-2_Secondary,409.3702,
40.87889335,-81.4201489,T20937_Secondary,407.5882,
40.87891553,-81.36519406,T21433_Secondary,407.5505,
40.87892519,-81.35158651,T21459_Secondary,407.553,
40.87893406,-81.4026797,OH3P-2271925-443565-2271976-443166,406.6495,ABC
40.87897347,-81.42203096,T20931_Secondary,407.5876,
40.87900301,-81.38233654,T21335_Secondary,407.3497,
40.87901732,-81.41646349,T20954_Secondary,407.59,
40.87904159,-81.33393367,OH3P-2290933-443851-2290922-443569,406.5584,ABC
40.87904396,-81.33416635,T21397_Secondary,409.2742,
40.87908344,-81.11998567,T4215-2_Secondary,409.4501,
40.87908776,-81.12034572,OH3P-2349988-444729-2349868-444729,411.1902,ABC
40.87908776,-81.12034572,OH3P-2349988-444729-2349989-445043,411.19,ABC
40.87908776,-81.12034572,OH3P-2349988-444729-2350024-444729,411.1901,ABC
40.87908845,-81.41195296,T20969_Secondary,407.5918,
40.87909823,-81.34281516,OH3P-2288477-443839-2288284-444096,406.4346,ABC
40.87910167,-81.12150391,OH3P-2349668-444729-2349549-444729,411.1801,ABC
40.87910167,-81.12150391,OH3P-2349668-444729-2349669-445043,411.18,ABC
40.87910167,-81.12150391,OH3P-2349668-444729-2349793-444729,411.1808,ABC
40.87910704,-81.31755509,T21489_Secondary,407.5588,
40.879108,-81.3307,T21421_Secondary,407.53,
40.87910879,-81.12220556,OH3P-2349474-444729-2349356-444729,411.1707,ABC
40.87911522,-81.1226338,OH3P-2349356-444729-2349232-444729,411.17,ABC
40.87911522,-81.1226338,OH3P-2349356-444729-2349355-445043,411.1701,ABC
40.87912254,-81.12335324,OH3P-2349157-444729-2349036-444729,411.16,ABC
40.87912905,-81.12378853,OH3P-2349036-444729-2349037-444530,411.1608,ABC
40.87912905,-81.12378853,OH3P-2349036-444729-2349037-445043,411.1602,ABC
40.8791348,-81.12426818,OH3P-2348904-444729-2349036-444729,411.1601,ABC
40.87913675,-81.12453934,OH3P-2348829-444729-2348707-444729,411.1501,ABC
40.87914329,-81.12497753,OH3P-2348707-444729-2348706-444343,411.1502,ABC
40.87914329,-81.12497753,OH3P-2348707-444729-2348714-445043,411.15,ABC
40.87914433,-81.1250645,OH3P-2348683-444729-2348707-444729,411.1503,ABC
40.87914711,-81.12529716,T4211-2_Secondary,409.4101,
40.87917942,-81.13953473,T4115-2_Secondary,409.4001,
40.87918412,-81.13993165,OH3P-2344573-444679-2344454-444679,411.1404,ABC
40.87918412,-81.13993165,OH3P-2344573-444679-2344572-444914,411.141,ABC
40.87918412,-81.13993165,OH3P-2344573-444679-2344618-444679,411.1403,ABC
40.87919096,-81.41004239,T20983_Secondary,407.5928,
40.87919698,-81.14101902,OH3P-2344272-444679-2344143-444679,411.1304,ABC
40.87919698,-81.14101902,OH3P-2344272-444679-2344270-444914,411.1314,ABC
40.87919698,-81.14101902,OH3P-2344272-444679-2344379-444679,411.1311,ABC
40.87920237,-81.3323729,T21420_Secondary,407.5299,
40.87920441,-81.14175656,OH3P-2344068-444679-2343964-444679,411.121,ABC
40.87921016,-81.14213314,OH3P-2343964-444679-2343836-444679,411.1203,ABC
40.87921016,-81.14213314,OH3P-2343964-444679-2343964-444914,411.1214,ABC
40.87921751,-81.14286563,OH3P-2343761-444679-2343661-444679,411.1103,ABC
40.87921784,-81.42398015,OH3P-2266035-443595-2266027-443730,406.654,ABC
40.87922309,-81.14322843,OH3P-2343661-444679-2343661-444557,411.1111,ABC
40.87922309,-81.14322843,OH3P-2343661-444679-2343661-444914,411.1114,ABC
40.87922819,-81.14366023,OH3P-2343541-444679-2343661-444679,411.1104,ABC
40.8792301,-81.14393139,OH3P-2343466-444679-2343354-444679,411.1002,ABC
40.8792362,-81.14433898,OH3P-2343354-444679-2343354-444438,411.1003,ABC
40.8792362,-81.14433898,OH3P-2343354-444679-2343354-444914,411.1011,ABC
40.87923737,-81.14443808,OH3P-2343326-444679-2343354-444679,411.1006,ABC
40.87924012,-81.14467075,T4111-2_Secondary,409.3601,
40.8792672,-81.33829479,T21402_Secondary,407.5283,
40.8792736,-81.38629252,T21124_Secondary,407.6049,
40.87928812,-81.3877921,T21114_Secondary,407.6037,
40.8793004,-81.34420438,T21387_Secondary,407.3533,
40.87931294,-81.39495603,T21072_Secondary,407.5993,
40.87934211,-81.35393601,T21447_Secondary,407.5525,
40.87937272,-81.34713363,T21379_Secondary,407.3525,
40.87937695,-81.35632349,T21442_Secondary,407.5514,
40.87937702,-81.38898464,T21101_Secondary,407.6028,
40.87940101,-81.39032389,T21103_Secondary,407.6024,
40.87940397,-81.38492156,T21130_Secondary,407.6054,
40.87940659,-81.41713088,T20955_Secondary,407.5899,
40.87946632,-81.34205489,OH3P-2288686-443975-2288477-443839,406.4347,ABC
40.87947713,-81.41098552,T20977_Secondary,407.5872,
40.87949272,-81.30561597,OH3P-2298761-444121-2298756-443523,406.572,ABC
40.87949272,-81.30561597,OH3P-2298761-444121-2298788-444845,406.579,ABC
40.87949299,-81.35910273,T21441_Secondary,407.5513,
40.87950626,-81.41874494,T20946_Secondary,407.5886,
40.87951051,-81.3936569,T21078_Secondary,407.6008,
40.87951424,-81.38317962,OH3P-2277314-443845-2277306-443615,406.4395,ABC
40.87951595,-81.39307407,T21088_Secondary,407.6006,
40.8795165,-81.38341229,T21338_Secondary,409.1821,
40.87951942,-81.36279678,T21438_Secondary,407.5509,
40.87953441,-81.42064909,T20936_Secondary,407.5881,
40.8795364,-81.37252356,T21348_Secondary,407.351,
40.87957417,-81.36060116,T21439_Secondary,407.5512,
40.8795888,-81.42400129,OH3P-2266027-443730-2266031-443947,406.6407,ABC
40.87959257,-81.42440349,OH3P-2265916-443730-2266027-443730,406.6542,ABC
40.87959432,-81.42459094,OH3P-2265864-443730-2265833-443731,406.6541,ABC
40.87960169,-81.4249355,T20925_ANMS_Secondary,409.296,
40.87960584,-81.40865113,T20878_Secondary,409.2918,
40.8796101,-81.40303889,T20923_Secondary,409.2934,
40.87962043,-81.34216856,T22829_Secondary,409.1814,
40.87963296,-81.30651844,T21526_Secondary,407.559,
40.87964537,-81.41007994,T20982_Secondary,407.5929,
40.87964623,-81.33926687,T21411_Secondary,407.5287,
40.87965318,-81.34521753,T21383_Secondary,407.3526,
40.87965366,-81.40281338,OH3P-2271885-443827-2271925-443565,406.6452,ABC
40.87965932,-81.40457522,T20902_Secondary,407.5863,
40.87966091,-81.31892438,T21488_Secondary,407.557,
40.87967112,-81.40581274,T20896_Secondary,407.5862,
40.87968485,-81.41191403,T20968_Secondary,407.5917,
40.87969355,-81.40817132,T20879_Secondary,407.5853,
40.87969431,-81.33529136,T21399_Secondary,407.5281,
40.87970416,-81.40696255,T20885_Secondary,407.5861,
40.87971453,-81.33678074,T21403_Secondary,407.5282,
40.87972457,-81.4219896,T20930_Secondary,407.5875,
40.87973101,-81.41754785,T20956_Secondary,407.5898,
40.87974387,-81.41536622,T20963_Secondary,407.5906,
40.87977034,-81.41615228,T20964_Secondary,407.5911,
40.87977829,-81.33390492,OH3P-2290937-444119-2290933-443851,406.5591,ABC
40.87981895,-81.4016166,T21058_Secondary,407.5982,
40.87982808,-81.13991906,OH3P-2344572-444914-2344573-445147,411.1402,ABC
40.87984101,-81.14101207,OH3P-2344270-444914-2344271-445147,411.1303,ABC
40.87985409,-81.14211852,OH3P-2343964-444914-2343964-445147,411.1204,ABC
40.87986704,-81.14321486,OH3P-2343661-444914-2343660-445147,411.1105,ABC
40.87987594,-81.36975643,T21350_Secondary,407.3511,
40.87987806,-81.31631389,T21534_Secondary,407.5604,
40.87988012,-81.14432293,OH3P-2343354-444914-2343354-445147,411.1001,ABC
40.87990481,-81.36810887,T21343_Secondary,407.3503,
40.87993936,-81.31048827,T21530_Secondary,407.5598,
40.88005102,-81.41090327,T20976_Secondary,407.5925,
40.88007265,-81.34081046,OH3P-2289027-444201-2288686-443975,406.4386,ABC
40.88010257,-81.38176464,T21334_Secondary,407.3498,
40.88014558,-81.34238925,T21388_Secondary,409.1825,
40.88015383,-81.12032429,OH3P-2349988-445118-2349988-445351,411.1907,ABC
40.88016772,-81.12148129,OH3P-2349668-445118-2349669-445351,411.181,ABC
40.8801813,-81.12261363,OH3P-2349355-445118-2349353-445351,411.1711,ABC
40.88018316,-81.42374436,T20925_Secondary,409.2936,
40.88018534,-81.42397704,OH3P-2266031-443947-2266059-444310,406.6487,ABC
40.88019438,-81.33825232,T21405_Secondary,407.528,
40.88019511,-81.12376618,OH3P-2349036-445118-2349035-445351,411.1612,ABC
40.88020907,-81.12493209,OH3P-2348714-445118-2348713-445351,411.1508,ABC
40.8802124,-81.40968228,T20877_Secondary,409.2917,
40.88022407,-81.32557918,T21483_Secondary,407.5552,
40.88022676,-81.34092413,T21390_Secondary,409.1815,
40.88029419,-81.41918054,T20945_Secondary,407.5885,
40.88029969,-81.34250292,OH3P-2288558-444277-2288284-444096,406.4345,ABC
40.88031467,-81.41190368,T20967_Secondary,407.5916,
40.88034511,-81.38624537,T21123_Secondary,407.6047,
40.88035954,-81.34402585,T21386_Secondary,407.3527,
40.88037259,-81.41803184,T20957_Secondary,407.5897,
40.8803726,-81.36533466,T21340_Secondary,407.3513,
40.88037605,-81.41488751,T20966_Secondary,407.5905,
40.88037707,-81.31296991,T21536_Secondary,407.561,
40.88042822,-81.33390196,OH3P-2290935-444356-2290937-444119,406.5583,ABC
40.88043058,-81.33413464,T21396_Secondary,409.2747,
40.8804472,-81.41615382,T20962_Secondary,407.5902,
40.88046999,-81.38772856,T21113_Secondary,407.6038,
40.88049283,-81.3207633,T21485_Secondary,407.5555,
40.88050319,-81.34636727,T21381_Secondary,407.3524,
40.88050954,-81.308978,T21529_Secondary,407.5599,
40.88051063,-81.37149058,T21349_Secondary,407.3512,
40.88051982,-81.32291933,T21484_Secondary,407.5553,
40.88052133,-81.40457551,T20903_Secondary,407.586,
40.88052908,-81.36728227,T21342_Secondary,407.3505,
40.88053091,-81.42194735,T20929_Secondary,407.5874,
40.88054243,-81.36365857,OH3P-2282707-444289-2282692-443646,406.5774,ABC
40.88055508,-81.40579813,T20897_Secondary,407.5858,
40.88057008,-81.38893549,T21102_Secondary,407.6027,
40.88057198,-81.39027514,T21104_Secondary,407.6025,
40.88059917,-81.40694777,T20886_Secondary,407.5856,
40.88061799,-81.40892784,T20880_Secondary,407.5852,
40.88063829,-81.40177774,T21057_Secondary,407.5981,
40.88065377,-81.39302592,T21087_Secondary,407.6007,
40.88067169,-81.13990279,OH3P-2344572-445221-2344573-445380,411.1412,ABC
40.88068461,-81.14099412,OH3P-2344270-445221-2344269-445380,411.1302,ABC
40.88069633,-81.3848561,T21131_Secondary,407.6046,
40.88069774,-81.14210463,OH3P-2343963-445221-2343964-445380,411.1202,ABC
40.88071069,-81.14320139,OH3P-2343660-445221-2343659-445380,411.1102,ABC
40.88071192,-81.33954695,OH3P-2289373-444438-2289027-444201,406.4385,ABC
40.88072375,-81.14430787,OH3P-2343354-445221-2343355-445380,411.1004,ABC
40.88072958,-81.31422986,T21545_Secondary,407.5607,
40.88073107,-81.37255099,T21347_Secondary,407.3509,
40.88077544,-81.40805155,T20881_Secondary,407.5851,
40.88079484,-81.12031135,OH3P-2349988-445351-2349958-445351,411.1908,ABC
40.88079484,-81.12031135,OH3P-2349988-445351-2349987-445556,411.1909,ABC
40.88079895,-81.12065347,T4215-1_Secondary,409.45,
40.88080867,-81.12146391,OH3P-2349669-445351-2349669-445560,411.1812,ABC
40.88080999,-81.12157336,OH3P-2349639-445351-2349669-445351,411.1811,ABC
40.88081278,-81.12180603,T4214-1_Secondary,409.44,
40.88082238,-81.12260637,OH3P-2349353-445351-2349353-445558,411.1709,ABC
40.88082369,-81.12271582,OH3P-2349323-445351-2349353-445351,411.171,ABC
40.88082648,-81.12294849,T4213-1_Secondary,409.43,
40.880828,-81.42063196,T20935_Secondary,407.588,
40.88083576,-81.30739945,T21538_Secondary,407.5595,
40.88083619,-81.12375893,OH3P-2349035-445351-2349034-445557,411.161,ABC
40.8808375,-81.12386838,OH3P-2349004-445351-2349035-445351,411.1611,ABC
40.88084028,-81.12410105,T4212-1_Secondary,409.42,
40.88085011,-81.12492161,OH3P-2348713-445351-2348683-445351,411.1509,ABC
40.88085011,-81.12492161,OH3P-2348713-445351-2348715-445556,411.1507,ABC
40.8808542,-81.12526373,T4211-1_Secondary,409.41,
40.88085841,-81.39361981,T21079_Secondary,407.6,
40.88086236,-81.4148941,T20965_Secondary,407.5904,
40.88086603,-81.33966061,T21391_Secondary,409.1826,
40.88086856,-81.34137899,OH3P-2288866-444489-2288558-444277,406.44,ABC
40.88086856,-81.34137899,OH3P-2288866-444489-2288674-444771,406.4399,ABC
40.88089042,-81.34296925,T21385_Secondary,407.3528,
40.88090888,-81.41046659,T20870_Secondary,407.5842,
40.8809148,-81.41821176,T20958_Secondary,407.5896,
40.88094357,-81.41688277,T20961_Secondary,407.5871,
40.88094803,-81.41937373,T20944_Secondary,407.5884,
40.88096099,-81.33757136,T21404_Secondary,407.5297,
40.88100113,-81.3180558,T21535_Secondary,407.5589,
40.88102795,-81.37002799,T21345_Secondary,407.3507,
40.88104367,-81.38305916,OH3P-2277341-444402-2277314-443845,406.4393,ABC
40.88110429,-81.40327624,T20922_Secondary,409.2933,
40.88110617,-81.13989215,OH3P-2344573-445380-2344550-445380,411.1401,ABC
40.88110617,-81.13989215,OH3P-2344573-445380-2344573-445543,411.14,ABC
40.8811099,-81.14020712,T4115-1_Secondary,409.4,
40.88111915,-81.14098926,OH3P-2344269-445380-2344239-445380,411.1301,ABC
40.88111915,-81.14098926,OH3P-2344269-445380-2344269-445541,411.13,ABC
40.8811232,-81.14133138,T4114-1_Secondary,409.39,
40.88112905,-81.40456545,T20904_Secondary,407.5859,
40.88113221,-81.14209371,OH3P-2343964-445380-2343964-445541,411.12,ABC
40.8811335,-81.14220316,OH3P-2343933-445380-2343964-445380,411.1201,ABC
40.88113625,-81.14243583,T4113-1_Secondary,409.38,
40.88114202,-81.31126881,T21544_Secondary,407.5606,
40.88114521,-81.14319452,OH3P-2343659-445380-2343659-445541,411.11,ABC
40.88114651,-81.14330397,OH3P-2343629-445380-2343659-445380,411.1101,ABC
40.88114785,-81.40305073,OH3P-2271813-444370-2271885-443827,406.6471,ABC
40.88114925,-81.14353665,T4112-1_Secondary,409.37,
40.88115822,-81.14429655,OH3P-2343355-445380-2343354-445541,411.1,ABC
40.88115951,-81.144406,OH3P-2343324-445380-2343355-445380,411.1005,ABC
40.88116119,-81.41611239,T20960_Secondary,407.5903,
40.88116226,-81.14463867,T4111-1_Secondary,409.36,
40.88116266,-81.40577352,T20898_Secondary,407.5857,
40.88117667,-81.42362627,T20924_Secondary,409.2935,
40.88117885,-81.42385895,OH3P-2266059-444310-2266072-444503,406.6486,ABC
40.88117947,-81.38113485,T21333_Secondary,407.35,
40.88118242,-81.42189305,T20928_Secondary,407.5873,
40.88122211,-81.38210977,T21332_Secondary,407.3499,
40.8812255,-81.39157474,T21105_Secondary,407.6026,
40.8812272,-81.32640015,T21600_Secondary,407.5644,
40.88128411,-81.4069219,T20887_Secondary,407.5854,
40.88135015,-81.40805663,T20882_Secondary,407.585,
40.88136143,-81.33820314,OH3P-2289741-444680-2289373-444438,406.4401,ABC
40.88141125,-81.30990945,T21543_Secondary,407.5605,
40.88141702,-81.41044366,T20871_Secondary,407.5841,
40.88142294,-81.41818889,T20959_Secondary,407.5895,
40.88144636,-81.42057819,T20934_Secondary,407.5879,
40.88145518,-81.34524552,T21380_Secondary,407.3521,
40.88147161,-81.34035754,T21382_Secondary,407.3532,
40.88147901,-81.30548024,OH3P-2298788-444845-2298796-445240,406.5783,ABC
40.88148143,-81.30571292,T21522_Secondary,409.283,
40.88153193,-81.33384846,OH3P-2290945-444758-2290935-444356,406.5582,ABC
40.88153429,-81.33408114,T21395_Secondary,409.2746,
40.88153445,-81.41936812,T20943_Secondary,407.5883,
40.88158029,-81.31534714,T21566_Secondary,407.5608,
40.88158044,-81.3860063,T21122_Secondary,407.6048,
40.88161244,-81.38302044,OH3P-2277349-444610-2277341-444402,406.4394,ABC
40.88161353,-81.32787977,T21601_Secondary,407.5643,
40.8816147,-81.38325312,T21337_Secondary,409.1822,
40.88161603,-81.41161989,T20864_Secondary,407.5825,
40.88162808,-81.36360707,OH3P-2282716-444685-2282707-444364,406.4392,ABC
40.88163683,-81.37099709,T21346_Secondary,407.3508,
40.88164599,-81.36895435,T21344_Secondary,407.3506,
40.88164899,-81.34205703,OH3P-2288674-444771-2288423-445032,406.4344,ABC
40.88167893,-81.40197905,T21054_Secondary,407.5978,
40.88168079,-81.40101793,T21055_Secondary,407.5979,
40.88168251,-81.40004226,T21056_Secondary,407.598,
40.88168658,-81.40277983,T21053_Secondary,407.5977,
40.88171035,-81.42380458,OH3P-2266072-444503-2266124-444780,406.6466,ABC
40.88171035,-81.42380458,OH3P-2266072-444503-2266208-444503,406.6451,ABC
40.88176963,-81.3929927,T21084_Secondary,407.601,
40.88177299,-81.34361739,T21384_Secondary,407.3529,
40.88181944,-81.39357462,T21080_Secondary,407.6001,
40.88184222,-81.3653239,T21339_Secondary,407.3502,
40.88185593,-81.31690399,T21564_Secondary,407.5609,
40.88188013,-81.36692507,T21341_Secondary,407.3504,
40.88189321,-81.41288222,T20862_Secondary,407.5831,
40.88191549,-81.40708636,T20888_Secondary,407.5855,
40.88193887,-81.38763106,T21112_Secondary,407.6039,
40.8819489,-81.42230287,OH3P-2266486-444595-2266297-444527,406.645,ABC
40.88196138,-81.4084253,T20884_Secondary,407.5849,
40.88196912,-81.40924064,T20883_Secondary,407.5848,
40.88198414,-81.38888263,T21106_Secondary,407.6029,
40.88200312,-81.41398712,T20860_Secondary,407.5836,
40.88204425,-81.41699873,OH3P-2267952-444648-2267690-444660,406.6446,ABC
40.88204425,-81.41699873,OH3P-2267952-444648-2267899-444841,406.6436,ABC
40.8820448,-81.39058565,T21086_Secondary,407.6011,
40.88205259,-81.34645499,T21375_Secondary,409.1823,
40.88205471,-81.3847604,T21121_Secondary,407.6044,
40.88205613,-81.31817762,T21559_Secondary,407.5612,
40.88210293,-81.42241673,T20913_Secondary,409.2925,
40.88211339,-81.32525599,T21599_Secondary,407.5641,
40.88211928,-81.36123435,OH3P-2283370-444872-2282718-444872,406.4337,ABC
40.88214181,-81.36359097,OH3P-2282718-444872-2282043-444873,406.4336,ABC
40.88214181,-81.36359097,OH3P-2282718-444872-2282716-444685,406.4321,ABC
40.88214181,-81.36359097,OH3P-2282718-444872-2282720-445207,406.439,ABC
40.88215409,-81.42162763,OH3P-2266672-444673-2266486-444595,406.6477,ABC
40.88215663,-81.41853523,OH3P-2267527-444684-2267364-444701,406.6447,ABC
40.88215663,-81.41853523,OH3P-2267527-444684-2267690-444660,406.647,ABC
40.88217001,-81.36630419,OH3P-2281968-444872-2279362-444922,406.4316,ABC
40.8821985,-81.38582121,T21117_Secondary,407.6041,
40.88220035,-81.40565444,T20899_Secondary,407.5864,
40.88220791,-81.4191221,OH3P-2267364-444701-2267030-444725,406.6448,ABC
40.88220843,-81.40418354,T20905_Secondary,407.5866,
40.88222918,-81.34645192,OH3P-2287456-444966-2287064-444970,406.4396,ABC
40.88224236,-81.31410184,T21561_Secondary,407.5624,
40.88224322,-81.3916889,T21085_Secondary,407.6012,
40.88225447,-81.34787129,OH3P-2287064-444970-2286651-444974,406.4341,ABC
40.88225578,-81.35129335,T21367_Secondary,409.1824,
40.88225678,-81.41042984,T20872_Secondary,407.584,
40.88225752,-81.42103824,OH3P-2266834-444712-2266672-444673,406.6449,ABC
40.88228048,-81.34936345,OH3P-2286651-444974-2286118-445022,406.4397,ABC
40.88228557,-81.42032948,OH3P-2267030-444725-2266834-444712,406.6476,ABC
40.88228601,-81.34495831,OH3P-2287869-444992-2287456-444966,406.4398,ABC
40.88230097,-81.41159407,T20865_Secondary,407.5824,
40.88231255,-81.30807313,T21542_Secondary,407.5627,
40.88232643,-81.32763931,T21602_Secondary,407.5642,
40.88233323,-81.41853235,T20911_Secondary,409.2923,
40.88235307,-81.33625743,OH3P-2290275-445048-2289741-444680,406.4348,ABC
40.88237636,-81.34295444,OH3P-2288423-445032-2287960-445193,406.4343,ABC
40.88241254,-81.41287369,T20863_Secondary,407.583,
40.88241854,-81.42338101,T20828_Secondary,409.2912,
40.88243237,-81.3512903,OH3P-2286118-445022-2285623-445063,406.434,ABC
40.88243412,-81.42103537,T20912_Secondary,409.2924,
40.88243958,-81.35851095,OH3P-2284121-444999-2283434-444872,406.4338,ABC
40.88243958,-81.35851095,OH3P-2284121-444999-2285623-445063,406.4339,ABC
40.88246233,-81.37863611,OH3P-2278557-444935-2279362-444922,406.438,ABC
40.88246636,-81.42360503,OH3P-2266124-444780-2266197-445095,406.6465,ABC
40.88246734,-81.41399407,T20861_Secondary,407.5835,
40.88250122,-81.33368576,OH3P-2290985-445112-2290945-444758,406.5581,ABC
40.88250358,-81.33391844,T21394_Secondary,409.2745,
40.88251039,-81.39994113,T21049_Secondary,407.5976,
40.88253063,-81.40090189,T21050_Secondary,407.5975,
40.88253263,-81.41505603,T20859_Secondary,407.5837,
40.88253351,-81.31127169,T21547_Secondary,407.5625,
40.88255129,-81.40190633,T21052_Secondary,407.5974,
40.88255913,-81.30519889,T21567_Secondary,409.2829,
40.88256155,-81.30543158,OH3P-2298796-445240-2298815-445631,406.5791,ABC
40.88257002,-81.38324803,T21120_Secondary,407.6045,
40.88257488,-81.4171814,OH3P-2267899-444841-2267811-445043,406.6475,ABC
40.88258784,-81.31607542,T21563_Secondary,407.5611,
40.88259195,-81.40269201,T21051_Secondary,407.5973,
40.88260647,-81.38295998,OH3P-2277361-444972-2277349-444610,406.4379,ABC
40.88260647,-81.38295998,OH3P-2277361-444972-2277365-445224,406.4314,ABC
40.88260647,-81.38295998,OH3P-2277361-444972-2278493-444935,406.4315,ABC
40.88261847,-81.4169559,T20910_Secondary,409.2922,
40.88268814,-81.32626405,T21603_Secondary,407.5639,
40.8826891,-81.40708815,T20889_Secondary,407.5845,
40.88272047,-81.40806329,T20890_Secondary,407.5844,
40.88272371,-81.30692361,T21539_Secondary,407.563,
40.88272823,-81.40538359,T20900_Secondary,407.5865,
40.88272846,-81.40424774,T20906_Secondary,407.5867,
40.88274162,-81.40912598,T20891_Secondary,407.5843,
40.88275727,-81.4060917,T20895_Secondary,407.587,
40.88277849,-81.30931594,T21546_Secondary,407.5626,
40.88282615,-81.31285373,T21548_Secondary,407.5623,
40.88283519,-81.34462108,OH3P-2287960-445193-2287869-444992,406.4342,ABC
40.88288619,-81.41037579,T20876_Secondary,407.5839,
40.88288646,-81.41156988,T20875_Secondary,407.5823,
40.88290175,-81.36852397,T21307_Secondary,407.3492,
40.88290689,-81.37016941,T21308_Secondary,407.3493,
40.88291739,-81.36674711,T21306_Secondary,407.349,
40.88295369,-81.41283568,T20874_Secondary,407.5829,
40.8829552,-81.38988583,T21107_Secondary,407.6031,
40.88297548,-81.41397117,T20873_Secondary,407.5834,
40.88299219,-81.39142881,T21133_Secondary,407.6032,
40.88300401,-81.41873239,T20908_Secondary,409.2921,
40.88303908,-81.34788689,T21372_Secondary,407.3522,
40.8830391,-81.41502276,T20858_Secondary,407.5838,
40.88304527,-81.39349575,T21083_Secondary,407.6009,
40.88306284,-81.36356992,OH3P-2282720-445207-2282719-445425,406.4317,ABC
40.88306514,-81.36380261,T21301_Secondary,409.1819,
40.8830721,-81.36451658,T21305_Secondary,407.3489,
40.88311076,-81.34951648,T21369_Secondary,407.3523,
40.88311369,-81.39486345,T21081_Secondary,407.6017,
40.8831217,-81.37364661,T21309_Secondary,407.3491,
40.88313191,-81.41749061,OH3P-2267811-445043-2267468-445056,406.6473,ABC
40.88313191,-81.41749061,OH3P-2267811-445043-2267643-445348,406.6472,ABC
40.88314247,-81.37989869,T21299_Secondary,407.3485,
40.8831806,-81.41872952,OH3P-2267468-445056-2267106-445066,406.6474,ABC
40.8831987,-81.40338912,OH3P-2271710-445116-2271813-444370,406.6485,ABC
40.88322283,-81.42027228,T20909_Secondary,409.292,
40.88324353,-81.14063371,TMS-2344355-446155-2348686-446055,413.1001,ABC
40.88326287,-81.40004512,T21048_Secondary,407.597,
40.88327081,-81.40087504,T21047_Secondary,407.5972,
40.88327343,-81.14449917,T411SS_Secondary,409.98,
40.88328178,-81.42310088,T20827_Secondary,409.2911,
40.88329918,-81.38316645,T21296_Secondary,409.1818,
40.88332959,-81.4233249,OH3P-2266197-445095-2266297-445538,406.6406,ABC
40.88333984,-81.3846901,T21119_Secondary,407.6043,
40.88337076,-81.40208204,T21046_Secondary,407.5971,
40.88340924,-81.38195104,T21300_Secondary,407.3486,
40.88342772,-81.40573623,T20901_Secondary,407.5869,
40.88343248,-81.34335538,T21378_Secondary,407.3534,
40.88344196,-81.31822034,T21560_Secondary,407.5613,
40.8834591,-81.40671138,T20894_Secondary,407.5868,
40.88346674,-81.34218042,T21377_Secondary,407.353,
40.88348165,-81.40791967,T20893_Secondary,407.5847,
40.88348602,-81.38877005,T21108_Secondary,407.603,
40.88349587,-81.38750296,T21111_Secondary,407.604,
40.88350486,-81.40920077,T20892_Secondary,407.5846,
40.88351251,-81.30867653,T21541_Secondary,407.5629,
40.88351251,-81.3532229,T21368_Secondary,407.3519,
40.88356105,-81.31365221,T21550_Secondary,407.5622,
40.88356815,-81.33360819,OH3P-2291001-445501-2290339-445086,406.5533,ABC
40.88356815,-81.33360819,OH3P-2291001-445501-2290985-445112,406.558,ABC
40.88357882,-81.31187909,T21549_Secondary,407.5628,
40.88358177,-81.38610353,T21118_Secondary,407.6042,
40.8837233,-81.40376105,T20921_Secondary,409.2932,
40.88372952,-81.34653945,T21374_Secondary,407.3517,
40.88374309,-81.32576486,T21598_Secondary,407.564,
40.88376415,-81.39354183,T21082_Secondary,407.6018,
40.88376686,-81.40353553,OH3P-2271667-445322-2271710-445116,406.6422,ABC
40.8837921,-81.4115113,T20866_Secondary,407.5822,
40.88379239,-81.41037543,T20869_Secondary,407.582,
40.88384217,-81.3063843,T21540_Secondary,407.5591,
40.88386138,-81.39800931,T21025_Secondary,407.5966,
40.88386535,-81.36356162,OH3P-2282718-445500-2282723-445685,406.432,ABC
40.88388144,-81.41277675,T20855_Secondary,407.5828,
40.88388775,-81.41828953,T20907_Secondary,409.2919,
40.88395975,-81.38290801,OH3P-2277369-445465-2277365-445224,406.4389,ABC
40.88397415,-81.41808657,OH3P-2267643-445348-2267409-445667,406.6439,ABC
40.88400894,-81.35123296,T21370_Secondary,407.352,
40.88400928,-81.3713548,T21321_Secondary,407.3783,
40.88402757,-81.31682218,T21562_Secondary,407.5616,
40.88405225,-81.39140694,T21110_Secondary,407.6034,
40.88405267,-81.3155165,T21565_Secondary,407.5618,
40.88410115,-81.34908249,T21371_Secondary,407.3518,
40.88411331,-81.41392338,T20856_Secondary,407.5832,
40.88414586,-81.41502958,T20857_Secondary,407.5833,
40.88423026,-81.38118403,T21298_Secondary,407.3484,
40.88429162,-81.38980517,T21109_Secondary,407.6033,
40.88437444,-81.36353703,OH3P-2282723-445685-2282728-446039,406.4318,ABC
40.88438333,-81.3675798,T21323_Secondary,407.3793,
40.88438404,-81.31817014,T21558_Secondary,407.5614,
40.88438865,-81.41032193,T20868_Secondary,407.5819,
40.88442707,-81.40405124,T20920_Secondary,409.2931,
40.88443298,-81.41150076,T20867_Secondary,407.5821,
40.88445462,-81.3141948,T21554_Secondary,407.5619,
40.88445574,-81.4127382,T20854_Secondary,407.5827,
40.88446261,-81.31292645,T21551_Secondary,407.562,
40.88447063,-81.40382572,OH3P-2271583-445578-2271667-445322,406.6484,ABC
40.88449461,-81.42272105,T20826_Secondary,409.291,
40.88449914,-81.41613054,T20836_Secondary,407.5802,
40.88454242,-81.42294508,OH3P-2266297-445538-2266324-445889,406.6464,ABC
40.8846581,-81.3258143,T21597_Secondary,407.5638,
40.88476298,-81.34477184,T21373_Secondary,407.3515,
40.88477295,-81.40077713,T21011_Secondary,407.5962,
40.8847753,-81.40218981,T21010_Secondary,407.5963,
40.88480168,-81.34802806,T21366_Secondary,407.3516,
40.88480519,-81.40300482,T21009_Secondary,407.5964,
40.88482146,-81.38287891,OH3P-2277373-445779-2277369-445465,406.4313,ABC
40.88482373,-81.3831116,T21295_Secondary,409.1817,
40.88483838,-81.39845663,T21024_Secondary,407.5965,
40.8848583,-81.41891863,OH3P-2267409-445667-2267344-445757,406.6438,ABC
40.8848583,-81.41891863,OH3P-2267409-445667-2267592-445806,406.6442,ABC
40.88486198,-81.38446468,T21293_Secondary,407.4251,
40.88486673,-81.36607284,T21304_Secondary,407.3488,
40.88488075,-81.35300988,T21364_Secondary,407.3801,
40.88488334,-81.40540635,T20852_Secondary,407.5818,
40.88490777,-81.38701564,T21291_Secondary,407.4252,
40.88492323,-81.37365861,T21320_Secondary,407.3782,
40.88493049,-81.40687639,T20851_Secondary,407.5817,
40.88494488,-81.33248262,OH3P-2291306-446007-2291001-445501,406.5521,ABC
40.88494892,-81.34986463,T21365_Secondary,407.3807,
40.88495206,-81.40798279,T20850_Secondary,407.5816,
40.88498424,-81.41931618,T20833_Secondary,409.2915,
40.88501133,-81.40956913,T20849_Secondary,407.5815,
40.88504875,-81.40426232,T20919_Secondary,409.2926,
40.88506037,-81.31517283,T21555_Secondary,407.5617,
40.88506469,-81.3694466,T21312_Secondary,407.3784,
40.88507142,-81.33264496,T21393_Secondary,409.2744,
40.88509232,-81.4040368,OH3P-2271522-445804-2271583-445578,406.6401,ABC
40.88510699,-81.41808551,T20831_Secondary,409.2913,
40.88510757,-81.41914961,OH3P-2267344-445757-2267268-445852,406.6469,ABC
40.88512886,-81.31753079,T21557_Secondary,407.5615,
40.88514502,-81.34649814,T21363_Secondary,407.3514,
40.88514996,-81.34309862,T21376_Secondary,407.3531,
40.88515762,-81.30533375,OH3P-2298810-446186-2298815-445631,406.5793,ABC
40.88516004,-81.30556644,T21568_Secondary,409.2831,
40.88523341,-81.41824802,OH3P-2267592-445806-2267790-445948,406.6467,ABC
40.88523948,-81.41146539,T20848_Secondary,407.5811,
40.88526222,-81.41271039,T20853_Secondary,407.5826,
40.88530221,-81.31289683,T21552_Secondary,407.5621,
40.88534426,-81.36350162,OH3P-2282728-446039-2282736-446379,406.4391,ABC
40.88534656,-81.36373432,T21302_Secondary,409.182,
40.88537137,-81.41941994,OH3P-2267268-445852-2267195-446013,406.6437,ABC
40.88546138,-81.41741209,T20832_Secondary,409.2914,
40.88550471,-81.42283271,OH3P-2266324-445889-2266294-446053,406.6405,ABC
40.885507,-81.36042622,T21331_Secondary,407.3496,
40.8855376,-81.38491784,T21292_Secondary,407.4253,
40.88561541,-81.41752595,OH3P-2267790-445948-2267928-446053,406.6468,ABC
40.88564038,-81.38283391,OH3P-2277381-446078-2277373-445779,406.4388,ABC
40.88568079,-81.32601955,T21637_Secondary,407.5636,
40.88568475,-81.40712591,T20845_Secondary,407.5814,
40.88568662,-81.31479753,T21553_Secondary,407.5632,
40.88572821,-81.40821012,T20844_Secondary,407.5813,
40.88574333,-81.3170829,T21556_Secondary,407.5631,
40.88577116,-81.39770251,T21023_Secondary,407.5801,
40.88577735,-81.32838849,OH3P-2292433-446325-2292681-446440,406.5724,ABC
40.88578205,-81.39883823,T21020_Secondary,407.5959,
40.88578519,-81.41013875,T20842_Secondary,407.581,
40.88579591,-81.40431347,OH3P-2271442-446059-2271388-446059,406.6444,ABC
40.88579591,-81.40431347,OH3P-2271442-446059-2271400-446222,406.6445,ABC
40.88579591,-81.40431347,OH3P-2271442-446059-2271522-445804,406.6483,ABC
40.88581581,-81.41967482,OH3P-2267195-446013-2267118-446182,406.6462,ABC
40.88581581,-81.41967482,OH3P-2267195-446013-2267366-446069,406.6461,ABC
40.88581601,-81.38175548,T21297_Secondary,407.3483,
40.88582622,-81.39998796,T21015_Secondary,407.5958,
40.88585849,-81.40105051,T21012_Secondary,407.5953,
40.8858593,-81.34919376,T21362_Secondary,407.3802,
40.88586279,-81.41249664,T20840_Secondary,407.5806,
40.88588546,-81.41648661,T20834_Secondary,409.2916,
40.88588977,-81.40201113,T21008_Secondary,407.595,
40.88590137,-81.41702299,OH3P-2267928-446053-2267718-446403,406.6441,ABC
40.88590137,-81.41702299,OH3P-2267928-446053-2268044-446105,406.6443,ABC
40.8859079,-81.41434537,T20838_Secondary,407.5804,
40.88591409,-81.4150006,T20837_Secondary,407.5803,
40.88592386,-81.33117723,OH3P-2291662-446368-2291306-446007,406.5579,ABC
40.88594245,-81.40289859,T21007_Secondary,407.5949,
40.88595172,-81.32918614,OH3P-2292212-446386-2292358-446325,406.553,ABC
40.88595456,-81.42293372,OH3P-2266294-446053-2266260-446218,406.6463,ABC
40.88596828,-81.40560672,T20847_Secondary,407.5809,
40.88598438,-81.35840844,T21330_Secondary,407.3495,
40.88599745,-81.40634894,T20846_Secondary,407.5808,
40.88599816,-81.42270821,T20825_Secondary,409.2909,
40.88600675,-81.41883002,T20830_Secondary,409.2907,
40.88603949,-81.41660046,OH3P-2268044-446105-2268194-446134,406.6453,ABC
40.88605041,-81.33133957,T21392_Secondary,409.2743,
40.88608352,-81.37107126,T21313_Secondary,407.3785,
40.88608359,-81.32748721,OH3P-2292681-446440-2293986-447559,406.5717,ABC
40.88616695,-81.32985428,OH3P-2292026-446461-2292212-446386,406.5593,ABC
40.88619456,-81.42014893,T20829_Secondary,409.2908,
40.88620131,-81.40468447,T20918_Secondary,409.293,
40.88621045,-81.32485968,T21595_Secondary,407.5637,
40.88627505,-81.39837843,T21021_Secondary,407.596,
40.88628096,-81.41994596,OH3P-2267118-446182-2267054-446444,406.6433,ABC
40.8863196,-81.40072232,T21014_Secondary,407.5954,
40.88633998,-81.40169769,T21013_Secondary,407.5951,
40.88634853,-81.36505732,T21303_Secondary,407.3487,
40.88637642,-81.3997311,T21018_Secondary,407.5957,
40.88638816,-81.36683333,T21310_Secondary,407.3787,
40.88639338,-81.34811058,T21361_Secondary,407.3808,
40.88640778,-81.33056156,OH3P-2291830-446547-2291662-446368,406.5578,ABC
40.88640778,-81.33056156,OH3P-2291830-446547-2292026-446461,406.5531,ABC
40.88640925,-81.42304857,OH3P-2266260-446218-2266159-446496,406.6404,ABC
40.88641729,-81.36866777,T21311_Secondary,407.3788,
40.88664573,-81.34976933,T21357_Secondary,407.3806,
40.88664784,-81.36068327,T21329_Secondary,407.3494,
40.88665363,-81.37246453,T21322_Secondary,407.3781,
40.88666705,-81.40485152,T20917_Secondary,409.2929,
40.88671062,-81.40462599,OH3P-2271352-446391-2271400-446222,406.6482,ABC
40.88679703,-81.35124264,T21354_Secondary,407.3798,
40.88680137,-81.32565956,T21596_Secondary,407.5645,
40.88682438,-81.38511754,T21290_Secondary,407.425,
40.88685002,-81.35322333,T21353_Secondary,407.3797,
40.88686827,-81.4177665,OH3P-2267718-446403-2267713-446637,406.646,ABC
40.88687851,-81.32426529,T21610_Secondary,407.5651,
40.88690681,-81.37452824,T21319_Secondary,407.3792,
40.88692287,-81.3050473,T21569_Secondary,409.2832,
40.88692529,-81.30528,OH3P-2298816-446830-2298810-446186,406.5792,ABC
40.88700291,-81.42016514,OH3P-2267054-446444-2267049-446597,406.6435,ABC
40.88700887,-81.34595079,T21360_Secondary,407.3804,
40.88708353,-81.40899616,T20843_Secondary,407.5812,
40.88711686,-81.38254189,T21294_Secondary,409.1816,
40.88711912,-81.38277459,OH3P-2277391-446616-2277381-446078,406.4387,ABC
40.88715845,-81.39830547,T21022_Secondary,407.5961,
40.88717185,-81.39970331,T21019_Secondary,407.5956,
40.88717692,-81.42340016,OH3P-2266159-446496-2266077-446717,406.6403,ABC
40.8872238,-81.40166846,T21016_Secondary,407.5952,
40.88722565,-81.3301778,OH3P-2291932-446846-2291830-446547,406.5532,ABC
40.88722802,-81.3304105,T20814_Secondary,409.27,
40.88723657,-81.40069252,T21017_Secondary,407.5955,
40.8872719,-81.41605615,T20835_Secondary,407.58,
40.88727537,-81.41116277,T20841_Secondary,407.5807,
40.88729832,-81.40483471,OH3P-2271291-446604-2271352-446391,406.6481,ABC
40.8873181,-81.32084122,T21607_Secondary,407.5649,
40.88732043,-81.36610362,T21324_Secondary,407.3777,
40.88732867,-81.32318914,T21609_Secondary,407.5652,
40.88733139,-81.32213711,T21608_Secondary,407.565,
40.88735833,-81.41350607,T20839_Secondary,407.5805,
40.88736388,-81.3704864,T21316_Secondary,407.3794,
40.88740613,-81.40687177,OH3P-2270728-446637-2271291-446604,406.648,ABC
40.88740834,-81.40710447,T20916_Secondary,409.2928,
40.88742218,-81.42017823,OH3P-2267049-446597-2267054-446730,406.6457,ABC
40.88742436,-81.42041094,T20822_Secondary,409.2905,
40.8874835,-81.34435395,T21359_Secondary,407.3805,
40.88750788,-81.41754182,T20824_Secondary,409.2906,
40.88751008,-81.41777453,OH3P-2267713-446637-2267717-447039,406.644,ABC
40.88755905,-81.36340079,OH3P-2282745-446846-2282736-446379,406.4319,ABC
40.88764538,-81.3677543,T21314_Secondary,407.3778,
40.88765794,-81.39534446,T21036_Secondary,407.4235,
40.88771169,-81.3972333,T21028_Secondary,407.5969,
40.88772424,-81.38591628,T21289_Secondary,407.4249,
40.88776362,-81.37297005,T21317_Secondary,407.3791,
40.88776887,-81.39858673,T21027_Secondary,407.5968,
40.88778587,-81.42368599,OH3P-2266077-446717-2265995-446936,406.6458,ABC
40.88778742,-81.42015234,OH3P-2267054-446730-2267066-447085,406.6434,ABC
40.88781178,-81.39960544,T21026_Secondary,407.5967,
40.88782947,-81.42346047,T20821_Secondary,409.2904,
40.8878444,-81.34727491,T21355_Secondary,407.38,
40.88789273,-81.32987474,OH3P-2292012-447090-2291734-447140,406.5572,ABC
40.88789273,-81.32987474,OH3P-2292012-447090-2291932-446846,406.5563,ABC
40.88801365,-81.31970758,T21606_Secondary,407.5648,
40.88802547,-81.40533876,T20915_Secondary,409.2927,
40.88802857,-81.3319549,T20807_Secondary,409.2735,
40.88804041,-81.38774709,T21280_Secondary,407.424,
40.88806904,-81.40511323,OH3P-2271211-446884-2271291-446604,406.6479,ABC
40.88809315,-81.36489646,T21325_Secondary,407.3789,
40.8880963,-81.38895491,T21282_Secondary,407.4241,
40.88819367,-81.35379318,T21352_Secondary,407.3795,
40.88819604,-81.38671035,T21288_Secondary,407.4248,
40.88820456,-81.38269696,OH3P-2277407-447012-2277391-446616,406.4312,ABC
40.88820516,-81.33195179,OH3P-2291436-447196-2291126-447249,406.5519,ABC
40.88820516,-81.33195179,OH3P-2291436-447196-2291734-447140,406.5571,ABC
40.88820881,-81.36990401,T21327_Secondary,407.378,
40.88820948,-81.33081379,T20808_Secondary,409.2736,
40.88824194,-81.40066126,T21038_Secondary,407.4229,
40.88828932,-81.29727469,T21594_Secondary,407.5635,
40.88829164,-81.39671399,T21035_Secondary,407.4236,
40.88829168,-81.35047923,T21351_Secondary,407.3796,
40.88834426,-81.33583778,T20792_Secondary,409.1926,
40.88838541,-81.30525888,OH3P-2298815-447362-2298816-446830,406.5719,ABC
40.88838874,-81.42397511,OH3P-2265995-446936-2266228-447108,406.6402,ABC
40.88839028,-81.33385634,OH3P-2290909-447257-2290767-447274,406.5569,ABC
40.88839028,-81.33385634,OH3P-2290909-447257-2291126-447249,406.557,ABC
40.88839485,-81.34596788,T21358_Secondary,407.3803,
40.88839967,-81.32074393,T21605_Secondary,407.5647,
40.88840197,-81.30065139,T21573_Secondary,407.5634,
40.88842004,-81.30238413,T21572_Secondary,407.5633,
40.88842326,-81.38507441,T21287_Secondary,407.4247,
40.88845402,-81.34904502,T21356_Secondary,407.3799,
40.88846906,-81.32200029,T21604_Secondary,407.5646,
40.88850499,-81.30417392,T21571_Secondary,407.5554,
40.88852085,-81.33583468,OH3P-2290361-447297-2288904-447357,406.4634,ABC
40.88852085,-81.33583468,OH3P-2290361-447297-2290692-447273,406.4665,ABC
40.88853679,-81.33306734,T20806_Secondary,409.2734,
40.8886036,-81.36622727,T21326_Secondary,407.3786,
40.8886127,-81.41750919,T20823_Secondary,409.29,
40.88861489,-81.4177419,OH3P-2267717-447039-2267716-447281,406.6459,ABC
40.88863434,-81.32959948,OH3P-2292085-447361-2292012-447090,406.5573,ABC
40.88864495,-81.39725532,T21034_Secondary,407.4234,
40.88868233,-81.32982345,T20809_Secondary,409.2737,
40.88869653,-81.39860034,T21037_Secondary,407.4231,
40.88870863,-81.37129372,T21318_Secondary,407.379,
40.88871554,-81.41987074,T20820_Secondary,409.2903,
40.88871944,-81.36339998,OH3P-2282740-447269-2282745-446921,406.462,ABC
40.88871952,-81.39976511,T21033_Secondary,407.423,
40.88872131,-81.36817522,T21315_Secondary,407.3779,
40.88872174,-81.36363268,T21328_Secondary,409.1927,
40.88875515,-81.38967189,T21283_Secondary,407.4243,
40.88876237,-81.42292241,T20819_Secondary,409.2902,
40.88876336,-81.42009478,OH3P-2267066-447085-2267121-447341,406.6456,ABC
40.88877591,-81.38838996,T21281_Secondary,407.4242,
40.88882049,-81.40540521,OH3P-2271127-447157-2271211-446884,406.6478,ABC
40.88885256,-81.42312251,OH3P-2266228-447108-2266454-447278,406.6455,ABC
40.88891029,-81.34485727,OH3P-2287865-447406-2287517-447408,406.4669,ABC
40.88891029,-81.34485727,OH3P-2287865-447406-2288904-447357,406.467,ABC
40.88891646,-81.34109976,T20791_Secondary,409.1925,
40.88892847,-81.3461167,OH3P-2287517-447408-2287165-447406,406.4633,ABC
40.88893573,-81.34739089,OH3P-2287165-447406-2286114-447436,406.4632,ABC
40.88894799,-81.40053303,T21030_Secondary,407.4228,
40.88896234,-81.35445376,T20760_Secondary,409.1921,
40.88900809,-81.3849782,T21286_Secondary,407.4246,
40.88901676,-81.35660836,T20759_Secondary,409.192,
40.88905819,-81.35118781,OH3P-2286114-447436-2285614-447454,406.4666,ABC
40.889064,-81.35800552,T20758_Secondary,409.1919,
40.88910138,-81.35956331,T20757_Secondary,409.1918,
40.88910506,-81.34611363,T20789_Secondary,409.1924,
40.88910709,-81.32271502,OH3P-2293986-447559-2294647-448231,406.5716,ABC
40.88912441,-81.3529946,OH3P-2285614-447454-2285212-447454,406.4631,ABC
40.88913894,-81.35445071,OH3P-2285212-447454-2284864-447460,406.4664,ABC
40.88914313,-81.36096785,T20756_Secondary,409.19,
40.88916959,-81.35570789,OH3P-2284864-447460-2284616-447466,406.4663,ABC
40.88919335,-81.35660532,OH3P-2284616-447466-2284229-447478,406.4662,ABC
40.8892204,-81.39323231,T21043_Secondary,407.4238,
40.88924059,-81.35800248,OH3P-2284229-447478-2283992-447482,406.463,ABC
40.88926018,-81.3588614,OH3P-2283992-447482-2283799-447486,406.4661,ABC
40.88927797,-81.35956028,OH3P-2283799-447486-2283410-447496,406.466,ABC
40.88927945,-81.39477506,T21042_Secondary,407.4239,
40.88928528,-81.38621143,T21285_Secondary,407.4245,
40.889301,-81.35299155,T20787_Secondary,409.1922,
40.88931237,-81.42229743,OH3P-2266454-447278-2266643-447462,406.6454,ABC
40.88931826,-81.35112569,OH3P-2286130-447531-2286114-447436,406.4667,ABC
40.88931972,-81.36096482,OH3P-2283410-447496-2283193-447496,406.4629,ABC
40.88933095,-81.36202004,OH3P-2283118-447496-2282740-447503,406.4619,ABC
40.88933112,-81.39824542,T21032_Secondary,407.4233,
40.88936184,-81.3633869,OH3P-2282740-447503-2282265-447506,406.4614,ABC
40.88936184,-81.3633869,OH3P-2282740-447503-2282740-447269,406.4672,ABC
40.88941214,-81.37368457,T20731_Secondary,409.1909,
40.88943254,-81.39614658,T21041_Secondary,407.4237,
40.88943485,-81.36646062,OH3P-2281890-447518-2282190-447506,406.4652,ABC
40.8894721,-81.36798712,OH3P-2281468-447526-2281890-447518,406.4674,ABC
40.88948481,-81.38856753,T21284_Secondary,407.4244,
40.88949439,-81.36913932,OH3P-2281149-447530-2281468-447526,406.4624,ABC
40.88951185,-81.36963214,OH3P-2281013-447535-2281149-447530,406.4671,ABC
40.88952503,-81.33243837,T20797_Secondary,407.5274,
40.88952938,-81.41773092,OH3P-2267716-447373-2267722-447599,406.4914,ABC
40.88953616,-81.37138765,OH3P-2280528-447538-2281013-447535,406.4651,ABC
40.88954633,-81.37217496,OH3P-2280310-447538-2280077-447546,406.4617,ABC
40.88954633,-81.37217496,OH3P-2280310-447538-2280453-447538,406.465,ABC
40.88958873,-81.37368158,OH3P-2279893-447548-2279636-447550,406.4616,ABC
40.88958873,-81.37368158,OH3P-2279893-447548-2280077-447546,406.4649,ABC
40.88960129,-81.32369237,T21611_Secondary,407.5653,
40.88961305,-81.37500299,OH3P-2279528-447553-2279636-447550,406.4648,ABC
40.88962097,-81.39926952,T21031_Secondary,407.4232,
40.88963745,-81.33113613,T20801_Secondary,407.5276,
40.88966018,-81.37703001,OH3P-2278967-447563-2279453-447553,406.4605,ABC
40.88967099,-81.36913631,T20733_Secondary,409.1911,
40.8897154,-81.4198833,OH3P-2267120-447433-2267164-447635,406.4967,ABC
40.88972066,-81.42140677,T20818_Secondary,409.2901,
40.88972292,-81.37217196,T20732_Secondary,409.191,
40.88972916,-81.37981918,OH3P-2278196-447578-2278967-447563,406.4647,ABC
40.8897325,-81.40571923,OH3P-2271036-447488-2271101-447227,406.4969,ABC
40.88973411,-81.38009032,OH3P-2278121-447579-2277963-447593,406.4623,ABC
40.88977606,-81.40549369,T20914_Secondary,409.2226,
40.88977998,-81.37461041,T20730_Secondary,409.1908,
40.88978036,-81.38066161,OH3P-2277963-447593-2277718-447592,406.4622,ABC
40.88980447,-81.38260342,OH3P-2277426-447595-2276987-447605,406.4311,ABC
40.88980447,-81.38260342,OH3P-2277426-447595-2277407-447087,406.4382,ABC
40.88980447,-81.38260342,OH3P-2277426-447595-2277643-447593,406.431,ABC
40.8898065,-81.32912727,OH3P-2292209-447790-2292085-447361,406.5574,ABC
40.8898079,-81.40031485,T21029_Secondary,407.4227,
40.88981085,-81.42160687,OH3P-2266643-447462-2266843-447664,406.6415,ABC
40.88981319,-81.36336663,OH3P-2282744-447667-2282740-447503,406.4612,ABC
40.88981549,-81.36359934,T20741_Secondary,409.1912,
40.88983678,-81.37702702,T20729_Secondary,409.1907,
40.8898545,-81.32935125,T20810_Secondary,409.2738,
40.88985841,-81.38474337,OH3P-2276834-447607-2276912-447605,406.4976,ABC
40.88990084,-81.33352388,T20795_Secondary,407.5266,
40.8899442,-81.38675172,OH3P-2276278-447632-2276362-448239,406.4964,ABC
40.8899442,-81.38675172,OH3P-2276278-447632-2276834-447607,406.4953,ABC
40.88997137,-81.38727556,OH3P-2276133-447640-2276278-447632,406.4975,ABC
40.89001826,-81.3934374,T21045_Secondary,409.223,
40.89005743,-81.39461628,T21044_Secondary,409.2229,
40.89005781,-81.38916034,OH3P-2275612-447664-2276133-447640,406.4952,ABC
40.89010545,-81.39085599,OH3P-2275143-447676-2275537-447664,406.4951,ABC
40.89014136,-81.39760045,T21040_Secondary,409.2228,
40.89014766,-81.41746556,T20817_Secondary,409.2223,
40.89014985,-81.41769827,OH3P-2267722-447599-2267739-447853,406.4919,ABC
40.8901738,-81.30522136,OH3P-2298816-448013-2298815-447362,406.5718,ABC
40.8901746,-81.39210026,OH3P-2274799-447697-2275143-447676,406.4949,ABC
40.89017621,-81.30545407,T21570_Secondary,409.2833,
40.8901835,-81.39911438,T21039_Secondary,409.2227,
40.89019486,-81.39343446,OH3P-2274430-447699-2274724-447696,406.4974,ABC
40.89020848,-81.32244917,T21616_Secondary,407.5658,
40.89022045,-81.41948937,T20816_Secondary,409.2225,
40.89023403,-81.39461334,OH3P-2274104-447709-2274430-447699,406.4973,ABC
40.89026082,-81.3955138,OH3P-2273855-447716-2274104-447709,406.4948,ABC
40.89026827,-81.41971341,OH3P-2267164-447635-2267218-447853,406.4966,ABC
40.8903004,-81.39692059,OH3P-2273465-447726-2273855-447716,406.497,ABC
40.89031795,-81.39759752,OH3P-2273278-447730-2273465-447726,406.4972,ABC
40.89033101,-81.3982215,OH3P-2273106-447732-2273278-447730,406.4947,ABC
40.89033647,-81.3648226,T20740_Secondary,407.3748,
40.89036009,-81.39911145,OH3P-2272859-447740-2273106-447732,406.4971,ABC
40.89038188,-81.40007025,OH3P-2272594-447744-2272859-447740,406.4946,ABC
40.89039887,-81.40662572,T20195_Secondary,409.2216,
40.89040462,-81.36171087,T20762_Secondary,407.3761,
40.89042059,-81.36669132,T20734_Secondary,407.3747,
40.89044153,-81.40184809,OH3P-2272103-447760-2272594-447744,406.4945,ABC
40.89045609,-81.3558512,T20768_Secondary,407.3768,
40.89046032,-81.40845987,T20194_Secondary,409.2215,
40.89047231,-81.33213037,T20798_Secondary,407.5272,
40.89048511,-81.40988659,T20193_Secondary,409.2214,
40.89050228,-81.37292722,OH3P-2280098-447884-2280077-447546,406.4615,ABC
40.89050264,-81.40303926,OH3P-2271773-447778-2271773-447577,406.4978,ABC
40.89050264,-81.40303926,OH3P-2271773-447778-2272103-447760,406.4962,ABC
40.89051515,-81.32879727,OH3P-2292297-448049-2292209-447790,406.5575,ABC
40.89052521,-81.40366718,OH3P-2271599-447784-2271773-447778,406.4961,ABC
40.89055581,-81.40419644,OH3P-2271453-447793-2271599-447784,406.4944,ABC
40.89056314,-81.32902124,T20811_Secondary,409.2739,
40.89056337,-81.35988765,T20761_Secondary,407.376,
40.89056997,-81.41184402,T20192_Secondary,409.2213,
40.89057547,-81.40662281,OH3P-2270782-447792-2270948-447801,406.4939,ABC
40.8905756,-81.36335353,OH3P-2282744-447945-2282744-447667,406.4654,ABC
40.8905779,-81.36358625,T20742_Secondary,409.1913,
40.89058178,-81.41418509,T15766_Secondary,409.221,
40.89058578,-81.40538471,OH3P-2271124-447800-2271378-447793,406.4943,ABC
40.89059342,-81.40602335,OH3P-2270948-447801-2271036-447488,406.4965,ABC
40.89059342,-81.40602335,OH3P-2270948-447801-2271124-447800,406.496,ABC
40.89060005,-81.3306424,T20802_Secondary,407.5275,
40.89060814,-81.40737049,OH3P-2270575-447801-2270782-447792,406.4957,ABC
40.89061813,-81.40184517,T20203_Secondary,409.222,
40.89062759,-81.41562252,T15765_Secondary,409.2209,
40.89063691,-81.40845697,OH3P-2270275-447808-2270500-447801,406.4956,ABC
40.89064267,-81.39057259,T20268_Secondary,409.2221,
40.89064491,-81.39080531,OH3P-2275154-447873-2275143-447676,406.4963,ABC
40.89064716,-81.32388056,T21612_Secondary,407.5654,
40.8906617,-81.40988369,OH3P-2269880-447812-2270275-447808,406.4955,ABC
40.89066995,-81.42012192,OH3P-2267050-447780-2266908-447701,406.4902,ABC
40.89066995,-81.42012192,OH3P-2267050-447780-2267218-447853,406.4918,ABC
40.8907013,-81.41058756,OH3P-2269685-447824-2269880-447812,406.4938,ABC
40.8907018,-81.40366427,T20202_Secondary,409.2219,
40.89070371,-81.41705945,T15764_Secondary,409.2208,
40.89072784,-81.41910226,T15763_Secondary,409.2207,
40.89074637,-81.4134025,OH3P-2268907-447831-2269188-447844,406.4921,ABC
40.89074656,-81.41184113,OH3P-2269339-447836-2269610-447824,406.4954,ABC
40.89075838,-81.4141822,OH3P-2268691-447833-2268832-447830,406.4936,ABC
40.89076238,-81.4053818,T20201_Secondary,409.2218,
40.89077383,-81.41238682,OH3P-2269188-447844-2269339-447836,406.4916,ABC
40.89077401,-81.35772855,T20766_Secondary,407.3765,
40.89079637,-81.42028445,T20815_Secondary,409.2224,
40.89080418,-81.41561963,OH3P-2268294-447844-2268516-447848,406.4935,ABC
40.89080623,-81.41481433,OH3P-2268516-447848-2268691-447833,406.492,ABC
40.89081119,-81.37048188,T20517_Secondary,407.3745,
40.89083699,-81.32161614,T21615_Secondary,407.5657,
40.89084696,-81.41762657,OH3P-2267739-447853-2267864-447858,406.4934,ABC
40.89085774,-81.41717332,OH3P-2267864-447858-2268294-447844,406.4968,ABC
40.89087695,-81.37150431,T20518_Secondary,407.3746,
40.89088339,-81.39377262,T20226_Secondary,407.4221,
40.89088988,-81.41781742,OH3P-2267686-447868-2267739-447853,406.4917,ABC
40.8908947,-81.3334481,T20796_Secondary,407.5267,
40.89089899,-81.41915971,OH3P-2267315-447867-2267218-447853,406.4903,ABC
40.89089899,-81.41915971,OH3P-2267315-447867-2267611-447869,406.4931,ABC
40.89091296,-81.35115766,OH3P-2286114-448112-2286106-447620,406.4668,ABC
40.89092624,-81.32028891,OH3P-2294647-448231-2294809-448368,406.5769,ABC
40.89093805,-81.36761455,T20735_Secondary,407.3749,
40.89094004,-81.36332816,OH3P-2282749-448078-2282744-447945,406.4655,ABC
40.89100083,-81.39908635,T20217_Secondary,407.4216,
40.89100309,-81.36923958,T20516_Secondary,407.3744,
40.89100441,-81.4006155,T20212_Secondary,407.4212,
40.89106914,-81.37291157,OH3P-2280099-448091-2280097-447959,406.4646,ABC
40.89108036,-81.32040255,T20728_Secondary,409.2819,
40.89108955,-81.35115461,T20788_Secondary,409.1923,
40.89110564,-81.39850192,T20218_Secondary,407.422,
40.89117525,-81.39079187,OH3P-2275156-448066-2275154-447873,406.495,ABC
40.8912317,-81.41230648,OH3P-2269208-448011-2269188-447844,406.4937,ABC
40.8912339,-81.4125392,T20185_Secondary,409.2211,
40.89129747,-81.31969768,OH3P-2294809-448368-2295704-448730,406.5768,ABC
40.89131021,-81.37398737,T20506_Secondary,407.3734,
40.89136082,-81.3746419,T20507_Secondary,407.3736,
40.89138271,-81.37574839,T20508_Secondary,407.3735,
40.89138665,-81.39554074,T20225_Secondary,407.4222,
40.8914436,-81.41956141,OH3P-2267201-448064-2267218-447853,406.4901,ABC
40.89145167,-81.32851854,OH3P-2292370-448392-2292297-448049,406.5576,ABC
40.89147643,-81.37290668,OH3P-2280099-448239-2280099-448091,406.4645,ABC
40.89147643,-81.37290668,OH3P-2280099-448239-2280107-448654,406.4604,ABC
40.89149887,-81.33201031,T20800_Secondary,407.5273,
40.89149967,-81.32874252,T20812_Secondary,409.274,
40.89153214,-81.36622107,T20736_Secondary,407.375,
40.89155312,-81.38059318,OH3P-2277973-448239-2277963-447593,406.464,ABC
40.89155312,-81.38059318,OH3P-2277973-448239-2277986-449835,406.4611,ABC
40.89156578,-81.37979425,T20502_Secondary,409.1902,
40.89156805,-81.38002697,OH3P-2278130-448247-2277973-448239,406.4641,ABC
40.89157032,-81.32330756,T21613_Secondary,407.5655,
40.89162722,-81.41499432,T20174_Secondary,407.4207,
40.89164272,-81.41963001,OH3P-2267181-448136-2267185-448170,406.4909,ABC
40.8916429,-81.32183671,T21614_Secondary,407.5656,
40.89165512,-81.41228355,OH3P-2269212-448166-2269208-448011,406.4915,ABC
40.89171,-81.33001538,T20803_Secondary,407.5271,
40.89173718,-81.41961661,OH3P-2267185-448170-2267115-448460,406.493,ABC
40.89174068,-81.40134591,T20213_Secondary,407.4213,
40.89175354,-81.35733285,T20767_Secondary,407.3771,
40.89178477,-81.38641697,T20500_Secondary,409.2222,
40.89180329,-81.40637354,OH3P-2270845-448240-2270948-447801,406.494,ABC
40.89183452,-81.36325909,OH3P-2282764-448404-2282749-448153,406.4656,ABC
40.89183452,-81.36325909,OH3P-2282764-448404-2282776-448796,406.4625,ABC
40.89183682,-81.36349181,T20743_Secondary,409.1914,
40.89184253,-81.35398579,T20770_Secondary,407.3769,
40.89186092,-81.41228188,OH3P-2269212-448241-2269216-448388,406.5016,ABC
40.89190193,-81.41715999,T20170_Secondary,407.4209,
40.89193031,-81.36465578,T20739_Secondary,407.3753,
40.8919363,-81.37094214,T20513_Secondary,407.3739,
40.89194016,-81.30519361,OH3P-2298815-448657-2298816-448013,406.5794,ABC
40.89195504,-81.37212675,T20514_Secondary,407.374,
40.89197898,-81.38249593,OH3P-2277445-448388-2277426-447595,406.4309,ABC
40.891988,-81.33337057,T20799_Secondary,407.5268,
40.89199827,-81.39363747,T20227_Secondary,407.4223,
40.89200803,-81.39802509,T20216_Secondary,407.4217,
40.89201632,-81.35818773,T20765_Secondary,407.3766,
40.89201826,-81.38313635,OH3P-2277268-448400-2277445-448388,406.4384,ABC
40.89202052,-81.38336907,T20501_Secondary,409.1813,
40.89210622,-81.36799843,T20515_Secondary,407.3743,
40.89211401,-81.35579738,T20771_Secondary,407.377,
40.89220128,-81.32825474,OH3P-2292439-448666-2292370-448392,406.5577,ABC
40.89220365,-81.32848745,T20813_Secondary,409.2741,
40.89222411,-81.36019402,T20763_Secondary,407.3762,
40.89225706,-81.31644203,OH3P-2295704-448730-2296350-448958,406.5715,ABC
40.89225934,-81.36151876,T20764_Secondary,407.3763,
40.89226455,-81.41226037,OH3P-2269216-448388-2269218-448541,406.504,ABC
40.89226675,-81.4124931,T20184_Secondary,409.2317,
40.89241119,-81.31655567,T20727_Secondary,409.2818,
40.89242293,-81.41499584,T20173_Secondary,407.4208,
40.89244794,-81.42005739,T15762_Secondary,409.2206,
40.89245934,-81.36946862,T20512_Secondary,407.3738,
40.89251299,-81.33066705,T20804_Secondary,407.527,
40.89253435,-81.41985441,OH3P-2267115-448460-2267009-449054,406.491,ABC
40.89256464,-81.33248669,T20805_Secondary,407.5269,
40.89256799,-81.41630437,T20169_Secondary,407.4205,
40.89257782,-81.41872204,T20166_Secondary,407.4202,
40.89261578,-81.3728561,OH3P-2280107-448654-2279559-448666,406.4643,ABC
40.89266898,-81.37507102,T20505_Secondary,409.1906,
40.89268433,-81.41224519,OH3P-2269218-448541-2269212-448702,406.5039,ABC
40.8927128,-81.39662479,T20229_Secondary,407.4226,
40.8928227,-81.40124056,T20214_Secondary,407.4214,
40.89284238,-81.36469843,T20738_Secondary,407.3752,
40.89285847,-81.31409365,OH3P-2296350-448958-2296634-449088,406.5809,ABC
40.89288007,-81.36619785,T20737_Secondary,407.3751,
40.89288987,-81.39524958,T20228_Secondary,407.4224,
40.89291371,-81.36342962,T20744_Secondary,409.1915,
40.8929363,-81.38924112,T20266_Secondary,407.3434,
40.89294049,-81.32798802,OH3P-2292509-448936-2292439-448666,406.5587,ABC
40.89294301,-81.35581217,T20772_Secondary,407.3772,
40.89294572,-81.39021678,T20267_Secondary,407.3435,
40.89301659,-81.36881709,T20511_Secondary,407.3741,
40.89303149,-81.37033154,T20510_Secondary,407.3701,
40.8930778,-81.37167068,T20509_Secondary,407.3737,
40.89312646,-81.41226103,OH3P-2269212-448702-2269236-448911,406.5015,ABC
40.89312866,-81.41249376,T20183_Secondary,409.2316,
40.89320576,-81.31306064,OH3P-2296634-449088-2297064-449304,406.5767,ABC
40.89323975,-81.41682716,T20168_Secondary,407.42,
40.89325123,-81.41493856,T20172_Secondary,407.421,
40.89327529,-81.39791129,T20219_Secondary,407.4218,
40.89329874,-81.37278826,OH3P-2280123-448903-2280107-448654,406.4644,ABC
40.89332775,-81.32789216,OH3P-2292534-449077-2292509-448936,406.559,ABC
40.89332777,-81.39973217,T20215_Secondary,407.4219,
40.89333121,-81.40646076,OH3P-2270814-448796-2270825-448312,406.4942,ABC
40.89335989,-81.31317427,T20726_Secondary,409.2817,
40.89337906,-81.40668481,T20200_Secondary,409.2212,
40.89345291,-81.41832807,T20167_Secondary,407.4201,
40.89349256,-81.35439004,T20774_Secondary,407.3775,
40.89350325,-81.41588112,T20171_Secondary,407.4206,
40.89350477,-81.38240986,OH3P-2277462-448944-2277445-448388,406.4383,ABC
40.89350477,-81.38240986,OH3P-2277462-448944-2277649-449864,406.4308,ABC
40.89353017,-81.32784315,OH3P-2292546-449151-2292587-449355,406.5534,ABC
40.89353925,-81.39643592,T20230_Secondary,407.4225,
40.89356922,-81.35996285,T20776_Secondary,407.3764,
40.89359221,-81.35220377,T20775_Secondary,407.3774,
40.8937002,-81.41216422,OH3P-2269236-448911-2269215-449047,406.5038,ABC
40.89370241,-81.41239694,T20182_Secondary,409.2315,
40.89370994,-81.36293585,T20745_Secondary,409.1916,
40.89371225,-81.36316858,OH3P-2282780-449088-2282776-448796,406.4657,ABC
40.89372122,-81.35628066,T20773_Secondary,407.3773,
40.8937824,-81.31149711,OH3P-2297064-449304-2297621-449463,406.5765,ABC
40.89380175,-81.38806653,T20265_Secondary,407.3433,
40.8938155,-81.36690991,T20750_Secondary,407.3758,
40.89385973,-81.3580804,T20769_Secondary,407.3767,
40.89392528,-81.36795696,T20519_Secondary,407.3742,
40.89397445,-81.41310626,T20179_Secondary,407.4324,
40.89399265,-81.41386332,T20180_Secondary,407.4322,
40.89404429,-81.34435255,T20793_Secondary,409.2732,
40.89405088,-81.41534795,T20175_Secondary,407.4211,
40.8940868,-81.32768427,OH3P-2292587-449355-2292600-449561,406.5562,ABC
40.89416784,-81.42021145,OH3P-2267009-449054-2266949-449390,406.4929,ABC
40.89421566,-81.4204355,T15761_Secondary,409.2205,
40.89423561,-81.39530413,T20231_Secondary,407.3411,
40.89427004,-81.40120197,T20220_Secondary,407.4215,
40.89433226,-81.35548881,T20786_Secondary,407.3776,
40.89433445,-81.36584685,T20751_Secondary,407.3759,
40.89434421,-81.39765141,T20211_Secondary,407.341,
40.89434823,-81.39891241,T20210_Secondary,407.3409,
40.89437304,-81.30947132,T20725_Secondary,409.2816,
40.89438608,-81.40989528,T20181_Secondary,407.4308,
40.89443217,-81.40644052,OH3P-2270815-449198-2270814-448796,406.4958,ABC
40.89458353,-81.30737018,OH3P-2298200-449612-2297621-449463,406.5722,ABC
40.89458353,-81.30737018,OH3P-2298200-449612-2298845-449797,406.5766,ABC
40.89459261,-81.37400435,T20503_Secondary,407.3732,
40.89462125,-81.36680872,T20749_Secondary,407.3757,
40.89465145,-81.32739599,T20723_Secondary,409.2729,
40.89465265,-81.36310668,OH3P-2282793-449431-2282780-449088,406.4653,ABC
40.89465383,-81.32762871,OH3P-2292600-449561-2292608-449793,406.5525,ABC
40.89466737,-81.41126115,OH1P-2269481-449267-2269860-449233,404.2531,B
40.8946696,-81.3750954,T20504_Secondary,407.3733,
40.89467978,-81.37275017,OH3P-2280127-449406-2280123-448903,406.4642,ABC
40.89471167,-81.38730843,T20264_Secondary,407.3432,
40.89473412,-81.41158176,OH1P-2269392-449290-2269320-449330,404.2503,B
40.89476012,-81.307367,T20724_Secondary,409.2815,
40.89480527,-81.35773605,T20784_Secondary,407.5265,
40.89481638,-81.41800186,OH1P-2267617-449298-2267629-449765,404.2402,C
40.89484655,-81.41183925,OH3P-2269320-449330-2269215-449047,406.5014,ABC
40.89489985,-81.41279977,T20178_Secondary,407.432,
40.89493778,-81.4144741,T20177_Secondary,407.4323,
40.89494126,-81.36453127,T20746_Secondary,407.3754,
40.89495466,-81.39652986,T20232_Secondary,407.3412,
40.89499297,-81.41799898,T20165_Secondary,407.4204,
40.8950185,-81.40000846,T20208_Secondary,407.3407,
40.89503425,-81.38978508,T20260_Secondary,407.3429,
40.89505865,-81.3597125,T20785_Secondary,407.5264,
40.89506913,-81.30502897,OH3P-2298845-449797-2298815-448732,406.5725,ABC
40.89510155,-81.36283912,T20752_Secondary,409.1917,
40.89510385,-81.36307185,OH3P-2282800-449596-2282793-449431,406.4658,ABC
40.89510851,-81.42015856,OH1P-2267020-449397-2266949-449390,404.24,C
40.89511593,-81.41579644,T20176_Secondary,407.4321,
40.89512813,-81.40293346,OH1P-2271781-449463-2271334-449515,404.2206,B
40.89512813,-81.40293346,OH1P-2271781-449463-2271772-449732,404.2205,B
40.89517236,-81.41983692,OH1P-2267108-449421-2267617-449298,404.2401,C
40.89519685,-81.38839992,T20259_Secondary,407.3428,
40.89525093,-81.36790515,T20520_Secondary,407.4053,
40.8952774,-81.36052905,T20778_Secondary,407.526,
40.89528887,-81.32758833,OH3P-2292608-449793-2292630-450063,406.5561,ABC
40.89529125,-81.32782106,T20722_Secondary,409.2728,
40.8953476,-81.38678797,T20263_Secondary,407.3431,
40.89535952,-81.35432873,T20782_Secondary,407.5261,
40.89536289,-81.3905494,OH3P-2275203-449592-2275219-449954,406.4368,ABC
40.89542853,-81.39524053,T20269_Secondary,407.3413,
40.89546226,-81.40454682,T20189_Secondary,407.3403,
40.89548787,-81.39859567,T20209_Secondary,407.3408,
40.89554271,-81.36306808,OH3P-2282799-449756-2282800-449596,406.4659,ABC
40.89555462,-81.36500549,T20747_Secondary,407.3755,
40.89557064,-81.36670507,T20748_Secondary,407.3756,
40.89563739,-81.31843525,T20714_Secondary,409.2812,
40.89572314,-81.31589734,OH3P-2295838-449995-2297102-450583,406.5749,ABC
40.89572635,-81.3217181,T20715_Secondary,409.2813,
40.89573743,-81.41138765,OH3P-2269441-449656-2269320-449330,406.5013,ABC
40.89573743,-81.41138765,OH3P-2269441-449656-2269437-450002,406.5012,ABC
40.89574852,-81.36306625,OH3P-2282799-449830-2282808-450085,406.4814,ABC
40.89575502,-81.38783708,T20258_Secondary,407.3427,
40.89576314,-81.32315212,T20716_Secondary,409.2814,
40.89581398,-81.31843211,OH3P-2295136-450018-2295838-449995,406.5758,ABC
40.89582441,-81.35662197,T20781_Secondary,407.5262,
40.89585533,-81.40634623,OH3P-2270834-449716-2270815-449198,406.4959,ABC
40.8958671,-81.40295265,OH1P-2271772-449732-2271813-450199,404.2204,B
40.89586932,-81.40318538,T20188_Secondary,407.3401,
40.89588435,-81.32097976,OH3P-2294432-450034-2294434-450127,406.5759,ABC
40.89588435,-81.32097976,OH3P-2294432-450034-2295136-450018,406.5761,ABC
40.89589499,-81.3966307,T20234_Secondary,407.3414,
40.89590294,-81.32171497,OH3P-2294229-450038-2294432-450034,406.5762,ABC
40.89590318,-81.40657028,T20198_Secondary,409.2217,
40.89592149,-81.35861558,T20783_Secondary,407.5263,
40.89593974,-81.32314899,OH3P-2293832-450047-2294229-450038,406.5751,ABC
40.89595157,-81.36052322,T20777_Secondary,407.5259,
40.89595339,-81.3727052,OH3P-2280133-449871-2280127-449406,406.4639,ABC
40.89595388,-81.36075596,OH1P-2283436-449914-2283438-449668,404.3202,B
40.89596569,-81.32460504,OH1P-2293429-450051-2293424-450127,404.3305,B
40.89596569,-81.32460504,OH3P-2293429-450051-2293832-450047,406.5745,ABC
40.89599493,-81.32530378,OH3P-2293236-450059-2293125-450062,406.5764,ABC
40.89599493,-81.32530378,OH3P-2293236-450059-2293429-450051,406.5763,ABC
40.89600921,-81.32670166,OH3P-2292850-450059-2292630-450063,406.5504,ABC
40.89601365,-81.32597772,OH3P-2293050-450063-2292850-450059,406.5559,ABC
40.89602378,-81.3897489,T20252_Secondary,407.3423,
40.89602519,-81.38600462,T20262_Secondary,407.343,
40.89602993,-81.32749617,OH3P-2292630-450063-2291910-450075,406.5503,ABC
40.89606583,-81.34428663,OH3P-2287988-450014-2287980-449342,406.5567,ABC
40.89609527,-81.33037011,OH3P-2291835-450076-2291290-450097,406.5515,ABC
40.89612462,-81.38491668,T20261_Secondary,407.34,
40.89617153,-81.32530066,T20717_Secondary,409.2801,
40.89617319,-81.33234073,OH3P-2291290-450097-2290533-450128,406.5514,ABC
40.89618581,-81.32669854,T20720_Secondary,409.2726,
40.89618787,-81.41813849,T20164_Secondary,407.4203,
40.89619296,-81.40112238,T20207_Secondary,407.3406,
40.89622084,-81.33990856,T20794_Secondary,409.2733,
40.89627566,-81.3914789,T20241_Secondary,407.3419,
40.89628384,-81.33507704,OH3P-2290533-450128-2289991-450145,406.5592,ABC
40.89630048,-81.36787263,T20521_Secondary,407.4054,
40.89635186,-81.33703692,OH3P-2289991-450145-2289198-450151,406.5513,ABC
40.89635525,-81.39047655,OH3P-2275219-449954-2275227-450284,406.4367,ABC
40.89639065,-81.32096412,OH3P-2294434-450219-2294456-451439,406.576,ABC
40.89639081,-81.39302382,T20242_Secondary,407.342,
40.89639743,-81.33990548,OH3P-2289198-450151-2288680-450181,406.5568,ABC
40.89642809,-81.32461934,OH1P-2293423-450219-2293418-450450,404.3306,B
40.89644607,-81.36301966,OH3P-2282808-450085-2282818-450341,406.4846,ABC
40.89644837,-81.36325239,T20753_Secondary,409.2117,
40.89649918,-81.34177533,OH3P-2288680-450181-2287989-450196,406.5512,ABC
40.89655262,-81.348744,T20617_Secondary,409.2718,
40.89656175,-81.36075128,OH1P-2283435-450135-2283436-449914,404.32,B
40.8965646,-81.34427736,OH3P-2287989-450196-2287718-450206,406.5511,ABC
40.8965646,-81.34427736,OH3P-2287989-450196-2287988-450106,406.5566,ABC
40.89657866,-81.39742282,OH3P-2273298-450011-2273566-450028,406.4326,ABC
40.89658791,-81.32812738,T20681_Secondary,407.5247,
40.89659058,-81.42132788,T15760_Secondary,409.2204,
40.89660049,-81.34525466,OH3P-2287718-450206-2287520-450233,406.5589,ABC
40.89661538,-81.3964512,OH3P-2273566-450028-2273579-449972,406.4354,ABC
40.89661538,-81.3964512,OH3P-2273566-450028-2273593-450203,406.4365,ABC
40.89663138,-81.35217991,T20615_Secondary,409.2719,
40.89663417,-81.42110233,OH3P-2266752-449949-2266662-450174,406.4928,ABC
40.89663417,-81.42110233,OH3P-2266752-449949-2266949-449390,406.4908,ABC
40.89665732,-81.38703932,T20257_Secondary,407.3426,
40.89668367,-81.34597146,OH3P-2287520-450233-2287140-450232,406.5588,ABC
40.89668624,-81.4113863,OH3P-2269437-450002-2269452-450349,406.5028,ABC
40.89668845,-81.41161903,T15776_Secondary,409.2309,
40.89669329,-81.34734329,OH3P-2287140-450232-2286754-450240,406.5552,ABC
40.89671307,-81.35482937,T20780_Secondary,409.273,
40.89672921,-81.34874094,OH3P-2286754-450240-2286243-450252,406.5551,ABC
40.89677709,-81.34525159,T20619_Secondary,409.272,
40.89678106,-81.3505897,OH3P-2286243-450252-2285804-450256,406.5553,ABC
40.89679994,-81.41514788,T20163_Secondary,407.4319,
40.89680798,-81.35217685,OH3P-2285804-450256-2285351-450269,406.551,ABC
40.89681211,-81.35811942,T20779_Secondary,409.2731,
40.89683371,-81.32735735,OH3P-2292664-450357-2292630-450063,406.5502,ABC
40.89684777,-81.41537194,OH1P-2268335-450047-2267707-450075,404.2517,C
40.89685901,-81.35381252,OH3P-2285351-450269-2285071-450276,406.5565,ABC
40.89686989,-81.34734023,T20618_Secondary,409.2717,
40.89688966,-81.35482633,OH3P-2285071-450276-2284814-450291,406.5509,ABC
40.89690491,-81.33000681,T20684_Secondary,407.5245,
40.89693915,-81.3557556,OH3P-2284814-450291-2284514-450297,406.5508,ABC
40.89694138,-81.36223918,T20754_Secondary,409.2119,
40.89694739,-81.41764331,OH1P-2267707-450075-2267694-450340,404.253,C
40.89695766,-81.35058664,T20616_Secondary,409.2716,
40.89696652,-81.35684025,OH3P-2284514-450297-2284161-450300,406.5507,ABC
40.89698484,-81.33246131,T20671_Secondary,407.5242,
40.89698871,-81.35811638,OH3P-2284161-450300-2283813-450315,406.5564,ABC
40.8970101,-81.38619807,T20256_Secondary,407.3425,
40.89702147,-81.38509091,T20255_Secondary,407.3424,
40.89703951,-81.32735541,OH3P-2292664-450432-2292668-450469,406.5516,ABC
40.89704132,-81.32924088,T20682_Secondary,407.5248,
40.89704142,-81.35937333,OH3P-2283813-450315-2283445-450325,406.5506,ABC
40.89707461,-81.32605659,OH1P-2293023-450449-2293224-450453,404.3308,B
40.89707822,-81.32532825,OH1P-2293224-450453-2293418-450450,404.3307,B
40.89707999,-81.36622042,T20524_Secondary,409.2013,
40.89708226,-81.36070535,OH1P-2283445-450325-2283434-450227,404.3201,B
40.89708226,-81.36070535,OH3P-2283445-450325-2283294-450330,406.5505,ABC
40.89708808,-81.40119887,T20206_Secondary,407.3405,
40.89711797,-81.36223615,OH3P-2283022-450332-2282818-450341,406.4813,ABC
40.89711797,-81.36223615,OH3P-2283022-450332-2283219-450330,406.4847,ABC
40.89713461,-81.38986234,T20251_Secondary,407.3422,
40.89714414,-81.39656937,T20235_Secondary,409.1801,
40.89714745,-81.40278577,OH1P-2271813-450199-2271826-450382,404.2203,B
40.89714892,-81.36297224,OH3P-2282818-450341-2282296-450353,406.4812,ABC
40.89714967,-81.40301851,T20187_Secondary,407.3402,
40.89717313,-81.33683326,T20633_Secondary,407.5222,
40.89718343,-81.33566784,T20634_Secondary,407.5221,
40.89719829,-81.39424836,T20237_Secondary,407.3415,
40.8972042,-81.36513064,OH3P-2282221-450353-2282119-450361,406.473,ABC
40.89720907,-81.33820178,T20625_Secondary,407.5223,
40.89722851,-81.33903167,T20624_Secondary,407.5219,
40.89723256,-81.39206415,T20240_Secondary,407.3418,
40.89724735,-81.3398033,T20623_Secondary,407.522,
40.8972512,-81.32605346,T20719_Secondary,407.5504,
40.89725363,-81.42141799,OH3P-2266662-450174-2266001-450513,406.4923,ABC
40.89725481,-81.32532512,T20718_Secondary,407.5503,
40.89725658,-81.3662174,OH3P-2281920-450369-2282119-450361,406.4746,ABC
40.89725838,-81.34200236,T20620_Secondary,407.5211,
40.89726103,-81.39043224,OH3P-2275227-450284-2275228-450357,406.4361,ABC
40.89727738,-81.36718577,OH3P-2281653-450373-2281920-450369,406.4729,ABC
40.89728914,-81.31129575,OH3P-2297102-450583-2297280-451025,406.5748,ABC
40.89729123,-81.40626617,OH3P-2270850-450240-2270834-449716,406.4941,ABC
40.89729332,-81.36800522,OH3P-2281426-450375-2280530-450384,406.4721,ABC
40.89729332,-81.36800522,OH3P-2281426-450375-2281653-450373,406.4745,ABC
40.89733734,-81.33125181,T20683_Secondary,407.5246,
40.89733763,-81.34108348,T20622_Secondary,407.5218,
40.89734372,-81.372614,OH3P-2280152-450377-2279742-450399,406.4706,ABC
40.89734372,-81.372614,OH3P-2280152-450377-2280133-449946,406.4708,ABC
40.89735391,-81.37151604,OH3P-2280455-450385-2280152-450377,406.4707,ABC
40.89738827,-81.39906748,T20205_Secondary,409.18,
40.89739769,-81.39593776,OH3P-2273704-450315-2273593-450203,406.4327,ABC
40.89739769,-81.39593776,OH3P-2273704-450315-2273885-450421,406.4364,ABC
40.89743323,-81.3885063,T20250_Secondary,407.3421,
40.89744376,-81.32860745,T20680_Secondary,407.5249,
40.89745397,-81.36718276,T20523_Secondary,409.2012,
40.89747709,-81.39512823,T20236_Secondary,409.1802,
40.89750306,-81.39770466,OH3P-2273216-450347-2273298-450011,406.4325,ABC
40.8975101,-81.39344316,T20238_Secondary,407.3416,
40.89751081,-81.39114189,T20239_Secondary,407.3417,
40.89752464,-81.3784481,OH3P-2278538-450422-2279667-450399,406.4613,ABC
40.89752958,-81.37871928,OH3P-2278463-450423-2277986-450418,406.4618,ABC
40.89753295,-81.38044455,OH3P-2277986-450418-2277847-450420,406.4628,ABC
40.89753295,-81.38044455,OH3P-2277986-450418-2277986-449910,406.4621,ABC
40.89754331,-81.38122007,OH3P-2277772-450419-2277647-450434,406.4334,ABC
40.89754949,-81.33434104,T20635_Secondary,407.5224,
40.89756022,-81.32707498,T20721_Secondary,409.2727,
40.89756259,-81.32730772,OH3P-2292674-450622-2292668-450469,406.5517,ABC
40.89756259,-81.32730772,OH3P-2292674-450622-2292676-450755,406.556,ABC
40.89756487,-81.39906455,OH3P-2272839-450365-2273216-450347,406.4362,ABC
40.89758656,-81.38167091,OH3P-2277647-450434-2277183-450429,406.4322,ABC
40.89758656,-81.38167091,OH3P-2277647-450434-2277649-449928,406.4335,ABC
40.89758656,-81.38167091,OH3P-2277647-450434-2277650-450898,406.4333,ABC
40.89766568,-81.3904226,OH3P-2275228-450432-2275225-450673,406.436,ABC
40.8976755,-81.41767843,OH1P-2267694-450340-2267990-450655,404.2529,C
40.8976831,-81.39528044,OH3P-2273885-450421-2274078-450537,406.4366,ABC
40.89771005,-81.40963661,T20186_Secondary,407.4325,
40.8977657,-81.41787855,T20162_Secondary,407.4318,
40.89776868,-81.35431601,T20607_Secondary,407.5207,
40.89779004,-81.35534979,T20608_Secondary,407.5209,
40.89781558,-81.3568059,T20610_Secondary,407.52,
40.89786013,-81.40624027,OH3P-2270854-450447-2270849-450315,406.5143,ABC
40.89786013,-81.40624027,OH3P-2270854-450447-2270863-450603,406.5108,ABC
40.89786949,-81.4008509,OH3P-2272344-450469-2271985-450562,406.4323,ABC
40.89786949,-81.4008509,OH3P-2272344-450469-2272839-450365,406.4363,ABC
40.89787671,-81.35850901,T20604_Secondary,407.5203,
40.89790529,-81.42125216,OH3P-2266705-450412-2266662-450174,406.4907,ABC
40.89790797,-81.40646433,T20199_Secondary,409.2414,
40.89794032,-81.36269566,T20755_Secondary,409.2118,
40.89794262,-81.3629284,OH3P-2282826-450630-2282818-450341,406.4811,ABC
40.89794262,-81.3629284,OH3P-2282826-450630-2282828-450917,406.4848,ABC
40.89795383,-81.41087053,OH3P-2269574-450465-2269452-450349,406.5011,ABC
40.89795383,-81.41087053,OH3P-2269574-450465-2269532-450527,406.501,ABC
40.89797998,-81.36560053,T20525_Secondary,407.4055,
40.8979863,-81.38543879,T20254_Secondary,409.1806,
40.89798721,-81.33861981,T20626_Secondary,407.5217,
40.897994,-81.3945753,OH3P-2274078-450537-2274355-450699,406.435,ABC
40.89800269,-81.34238158,T20621_Secondary,407.5212,
40.8980081,-81.32976271,T20676_Secondary,407.5256,
40.89800997,-81.38672003,T20253_Secondary,409.1805,
40.89801828,-81.33317532,T20672_Secondary,407.5243,
40.89803432,-81.42373459,T15756_Secondary,409.22,
40.89807009,-81.38836492,T20249_Secondary,409.1804,
40.89808176,-81.33598588,T20640_Secondary,407.5229,
40.89811109,-81.42125051,OH3P-2266704-450487-2266716-450791,406.4927,ABC
40.89813761,-81.40214697,OH1P-2271985-450562-2271992-450665,404.2201,A
40.89813773,-81.40273791,OH1P-2271821-450560-2271826-450474,404.22,B
40.89813773,-81.40273791,OH3P-2271821-450560-2271985-450562,406.4349,ABC
40.8981379,-81.39657874,T20305_Secondary,407.3467,
40.89813956,-81.38983487,T20248_Secondary,409.1803,
40.89814342,-81.39474036,OH3P-2274032-450590-2274078-450537,406.4355,ABC
40.89814399,-81.38460578,OH3P-2276833-450626-2276604-450630,406.4372,ABC
40.89814399,-81.38460578,OH3P-2276833-450626-2277108-450429,406.4329,ABC
40.89816289,-81.38543583,OH3P-2276604-450630-2276250-450634,406.4371,ABC
40.89817111,-81.42586151,OH3P-2265429-450493-2266001-450513,406.4922,ABC
40.89818656,-81.38671707,OH3P-2276250-450634-2275976-450643,406.4353,ABC
40.89819153,-81.35350773,T20606_Secondary,407.5208,
40.89819451,-81.36008609,T20602_Secondary,407.5202,
40.89821978,-81.38770492,OH3P-2275976-450643-2275988-450691,406.4357,ABC
40.89823571,-81.4045645,OH3P-2271316-450590-2271821-450560,406.4324,ABC
40.898237,-81.40483575,OH3P-2271241-450589-2270863-450603,406.5106,ABC
40.89824669,-81.38836197,OH3P-2275795-450650-2275619-450658,406.4352,ABC
40.89824669,-81.38836197,OH3P-2275795-450650-2275976-450643,406.437,ABC
40.89828679,-81.40620204,OH3P-2270863-450603-2270868-450814,406.5107,ABC
40.89830355,-81.41115446,OH3P-2269494-450592-2269497-450637,406.5004,ABC
40.89831615,-81.38983192,OH3P-2275388-450671-2275225-450673,406.4359,ABC
40.89831615,-81.38983192,OH3P-2275388-450671-2275544-450658,406.4369,ABC
40.89832428,-81.41231279,T15774_Secondary,409.2307,
40.89832891,-81.39041956,OH3P-2275225-450673-2274923-450691,406.4358,ABC
40.89833174,-81.407445,OH3P-2270519-450615-2270863-450603,406.511,ABC
40.89835225,-81.32725731,OH3P-2292685-450910-2292676-450755,406.5518,ABC
40.89835225,-81.32725731,OH3P-2292685-450910-2292689-451132,406.5558,ABC
40.89835463,-81.32749005,T20691_Secondary,409.2725,
40.8983674,-81.33396089,T20636_Secondary,407.5225,
40.89837775,-81.33094128,T22826_Secondary,407.5252,
40.89838371,-81.40900515,OH3P-2270088-450628-2269884-450648,406.5027,ABC
40.89838371,-81.40900515,OH3P-2270088-450628-2270444-450616,406.5009,ABC
40.89839023,-81.39178247,OH3P-2274848-450691-2274660-450695,406.4351,ABC
40.89842842,-81.41114158,OH3P-2269497-450637-2269498-451027,406.5003,ABC
40.89842876,-81.34032207,T20627_Secondary,407.521,
40.89842954,-81.39356852,OH3P-2274355-450699-2274323-450751,406.4356,ABC
40.89842954,-81.39356852,OH3P-2274355-450699-2274660-450695,406.4328,ABC
40.89844488,-81.41001349,OH3P-2269809-450647-2269497-450637,406.5002,ABC
40.89844619,-81.37253788,OH3P-2280168-450779-2280152-450377,406.4705,ABC
40.89845328,-81.32827875,T20679_Secondary,407.525,
40.898475,-81.41188449,OH3P-2269291-450652-2269497-450637,406.5008,ABC
40.89849633,-81.31062794,OH3P-2297280-451025-2297440-451424,406.5757,ABC
40.89850088,-81.41230989,OH3P-2269174-450660-2269216-450652,406.5025,ABC
40.89853856,-81.33697003,T20642_Secondary,407.523,
40.89854436,-81.31085193,T20712_Secondary,409.281,
40.89855372,-81.40894211,T15775_Secondary,409.2308,
40.89856772,-81.41384858,OH3P-2268748-450679-2268175-450825,406.5018,ABC
40.89856772,-81.41384858,OH3P-2268748-450679-2269174-450660,406.5026,ABC
40.89860995,-81.33196554,T20673_Secondary,407.5244,
40.89865199,-81.37253608,OH3P-2280167-450854-2280188-451408,406.4716,ABC
40.8986722,-81.40211228,OH1P-2271992-450757-2271573-451014,404.2202,A
40.89869345,-81.30482198,OH3P-2298884-451119-2298845-449797,406.5723,ABC
40.89873737,-81.39917614,T20308_Secondary,407.3472,
40.89874432,-81.41384569,T15773_Secondary,409.2306,
40.89874928,-81.39811265,T20307_Secondary,407.3469,
40.89877905,-81.38036405,OH3P-2278003-450873-2277986-450418,406.4603,ABC
40.89881924,-81.42103228,T15759_Secondary,409.2203,
40.89883407,-81.35476367,T20605_Secondary,407.5206,
40.89884616,-81.40015023,T20309_Secondary,407.3471,
40.89889157,-81.35720972,T20609_Secondary,407.5205,
40.89893335,-81.35918994,T20603_Secondary,407.5204,
40.89893458,-81.3852189,T20270_Secondary,407.3436,
40.89893604,-81.36290744,OH3P-2282827-450992-2282835-451163,406.4821,ABC
40.89893694,-81.38660261,T20271_Secondary,407.3437,
40.89894566,-81.42119483,OH3P-2266716-450791-2266705-450859,406.4913,ABC
40.89894846,-81.3301777,T20677_Secondary,407.5253,
40.89895982,-81.32723198,OH3P-2292689-451132-2292717-451419,406.5557,ABC
40.89896219,-81.32746472,T20690_Secondary,409.2721,
40.89898103,-81.41665804,OH1P-2267970-450820-2267966-450744,404.2502,C
40.89898103,-81.41665804,OH3P-2267970-450820-2268175-450825,406.5024,ABC
40.89898461,-81.33780119,T20643_Secondary,407.5231,
40.89898485,-81.38036227,OH3P-2278002-450948-2277989-453173,406.461,ABC
40.89900143,-81.34130141,T20628_Secondary,407.5215,
40.89900896,-81.38833472,T20272_Secondary,407.3438,
40.89904609,-81.33580874,T20641_Secondary,407.5238,
40.89907051,-81.41861579,OH3P-2267428-450845-2267970-450820,406.5017,ABC
40.89909008,-81.33949024,T20645_Secondary,407.5232,
40.89911708,-81.41984513,OH3P-2267088-450858-2267428-450845,406.5023,ABC
40.89911834,-81.42011639,OH3P-2267013-450858-2266705-450859,406.4911,ABC
40.89912023,-81.38955637,T20273_Secondary,407.3439,
40.89913139,-81.42123236,OH3P-2266705-450859-2266646-451179,406.4912,ABC
40.89914164,-81.41579514,T15772_Secondary,409.2305,
40.89915113,-81.39507629,T20286_Secondary,407.3451,
40.89916521,-81.39768317,T20321_Secondary,407.3478,
40.89916615,-81.33394346,T20637_Secondary,407.5226,
40.89916697,-81.3921193,T20288_Secondary,407.3453,
40.89918558,-81.40616738,OH3P-2270869-450930-2270867-450889,406.5109,ABC
40.8991878,-81.40640013,T20093_Secondary,409.2411,
40.89919363,-81.39375009,T20287_Secondary,407.3452,
40.89922008,-81.40110521,T20310_Secondary,407.3473,
40.89924711,-81.41861291,T15771_Secondary,409.2304,
40.89927994,-81.39122862,T20274_Secondary,407.344,
40.89940044,-81.32764788,T20678_Secondary,407.5251,
40.89940554,-81.36287104,OH3P-2282835-451163-2282844-451504,406.4845,ABC
40.89942849,-81.39633888,T20306_Secondary,407.3468,
40.89945777,-81.33188486,T20674_Secondary,407.5254,
40.89947079,-81.36548757,T20527_Secondary,407.4101,
40.89950723,-81.33488396,T20638_Secondary,407.5227,
40.89951723,-81.40377652,T20190_Secondary,407.3404,
40.89952164,-81.32978577,T20675_Secondary,407.5255,
40.89958579,-81.31003095,OH3P-2297440-451424-2297605-451937,406.5747,ABC
40.89958649,-81.34290686,T20632_Secondary,407.5213,
40.89959078,-81.36421843,T20526_Secondary,407.4102,
40.89970285,-81.41111773,OH3P-2269498-451102-2269498-451292,406.5007,ABC
40.89970777,-81.39895608,T20318_Secondary,407.3482,
40.89975109,-81.32734904,T20689_Secondary,409.2724,
40.89977652,-81.40613576,OH3P-2270875-451146-2270869-450930,406.5139,ABC
40.89977874,-81.40636851,T20092_Secondary,409.241,
40.89983649,-81.34199759,T20629_Secondary,407.5216,
40.89986654,-81.33876166,T20644_Secondary,407.5233,
40.89987954,-81.38516763,T20277_Secondary,407.345,
40.8999094,-81.39461206,T20294_Secondary,407.3457,
40.89991627,-81.32082053,T20713_Secondary,409.2811,
40.89998421,-81.39206192,T20289_Secondary,407.3454,
40.90002179,-81.39828082,T20319_Secondary,407.3474,
40.90004555,-81.39654198,T20320_Secondary,407.347,
40.90008636,-81.38855507,T20276_Secondary,407.3444,
40.90014944,-81.33722959,T20646_Secondary,407.5234,
40.90017032,-81.3724339,OH3P-2280188-451408-2280199-451850,406.475,ABC
40.90017543,-81.33949815,T20666_Secondary,407.4122,
40.90017569,-81.38640292,T20278_Secondary,407.3449,
40.90019126,-81.42156341,OH3P-2266608-451244-2266590-451337,406.4977,ABC
40.90022243,-81.41087508,T15770_Secondary,409.2303,
40.90022464,-81.41110783,OH3P-2269498-451292-2269500-451625,406.5022,ABC
40.90024434,-81.32802503,T20685_Secondary,407.5257,
40.90025804,-81.40101514,T20312_Secondary,407.3476,
40.90029692,-81.39125528,T20275_Secondary,407.3441,
40.9003374,-81.36258891,T20611_Secondary,409.2116,
40.9003397,-81.36282166,OH3P-2282844-451504-2282858-451830,406.482,ABC
40.90034562,-81.32712002,OH3P-2292713-451637-2292717-451419,406.5556,ABC
40.90042411,-81.33523957,T20649_Secondary,407.5237,
40.90042556,-81.32955114,T20686_Secondary,407.5258,
40.90042989,-81.3407962,T20664_Secondary,407.4119,
40.90050389,-81.38970801,T20284_Secondary,407.3442,
40.9005465,-81.41742638,T20160_Secondary,407.4316,
40.90056402,-81.3995099,T20317_Secondary,407.3475,
40.90059393,-81.3341658,T20639_Secondary,407.5228,
40.90066295,-81.42169734,OH3P-2266569-451415-2266554-451516,406.4926,ABC
40.90072309,-81.4174235,OH1P-2267750-451451-2267783-451678,404.2526,A
40.90075031,-81.39818114,T20301_Secondary,407.3464,
40.90077777,-81.33816422,T20667_Secondary,407.412,
40.90085338,-81.42195134,T15758_Secondary,409.2202,
40.90086936,-81.3395732,T20665_Secondary,407.4121,
40.90089255,-81.33668035,T20647_Secondary,407.5235,
40.90092498,-81.40604395,OH3P-2270895-451564-2270875-451146,406.5138,ABC
40.90092719,-81.4062767,T20091_Secondary,409.2407,
40.90093978,-81.42174833,OH3P-2266554-451516-2266114-453145,406.4906,ABC
40.90095557,-81.34267657,T20630_Secondary,407.5201,
40.90097838,-81.39201615,T20291_Secondary,407.3455,
40.90098687,-81.30941058,OH3P-2297605-451937-2297629-452330,406.5756,ABC
40.90098928,-81.30964333,T20711_Secondary,409.2805,
40.90103095,-81.41255337,T20155_Secondary,407.4312,
40.90107856,-81.41408204,T20156_Secondary,407.4315,
40.90111641,-81.39947157,T20316_Secondary,407.348,
40.90111695,-81.36430875,T20528_Secondary,407.4103,
40.90111812,-81.41593128,T20157_Secondary,407.4313,
40.90113067,-81.33587751,T20648_Secondary,407.5236,
40.90113161,-81.39645599,T20299_Secondary,407.3462,
40.90113864,-81.41108759,OH1P-2269500-451625-2269412-451628,404.2501,A
40.90113864,-81.41108759,OH3P-2269500-451625-2269515-451877,406.5006,ABC
40.90120755,-81.41255048,OH1P-2269095-451645-2269320-451628,404.2518,A
40.90121612,-81.38771093,T20279_Secondary,407.3448,
40.90123419,-81.36275638,OH3P-2282858-451830-2282973-452253,406.4819,ABC
40.9012413,-81.40098424,T20313_Secondary,407.3477,
40.90125164,-81.39098146,T20282_Secondary,407.3445,
40.90125515,-81.41407915,OH1P-2268672-451657-2269095-451645,404.2522,A
40.90129471,-81.4159284,OH1P-2268161-451665-2267783-451678,404.2524,A
40.90129471,-81.4159284,OH1P-2268161-451665-2268672-451657,404.2523,A
40.90131991,-81.37033585,T22803_Secondary,409.201,
40.90133275,-81.37176537,OH3P-2280368-451834-2280699-451834,406.4742,ABC
40.9013425,-81.41729466,OH1P-2267783-451678-2267501-451734,404.2527,A
40.9013425,-81.41729466,OH1P-2267783-451678-2267778-451894,404.2525,A
40.90134333,-81.32742279,OH3P-2292624-451999-2292562-452305,406.5554,ABC
40.90134333,-81.32742279,OH3P-2292624-451999-2292713-451637,406.5522,ABC
40.90134571,-81.32765554,T20687_Secondary,409.2722,
40.90138422,-81.37237376,OH3P-2280199-451850-2280199-452245,406.4741,ABC
40.90138422,-81.37237376,OH3P-2280199-451850-2280276-451833,406.4743,ABC
40.9013941,-81.33410087,T20650_Secondary,407.524,
40.90139581,-81.39519888,T20295_Secondary,407.3458,
40.90142918,-81.34134672,T20663_Secondary,407.4118,
40.90143995,-81.38897766,T20280_Secondary,407.3447,
40.90149398,-81.39391542,T20292_Secondary,407.3456,
40.90150679,-81.41831161,OH1P-2267501-451734-2267432-451902,404.2528,A
40.90166993,-81.39842802,T20302_Secondary,407.3465,
40.90168201,-81.3376123,T20669_Secondary,407.4123,
40.90183172,-81.41125218,T15769_Secondary,409.2302,
40.90186636,-81.38554824,T20285_Secondary,407.4449,
40.90187659,-81.40269266,OH1P-2271817-451923-2271289-451943,404.2611,A
40.90189539,-81.31016638,T20709_Secondary,409.2806,
40.90193987,-81.41753455,T20158_Secondary,407.4314,
40.90195004,-81.40459963,OH1P-2271289-451943-2271103-451945,404.261,A
40.90196557,-81.40560398,OH1P-2271012-451945-2270917-451945,404.2602,A
40.90196839,-81.40594658,OH3P-2270917-451945-2270895-451564,406.5137,ABC
40.90197376,-81.4187867,T20161_Secondary,407.4317,
40.90198066,-81.31200023,T20708_Secondary,409.2809,
40.9019836,-81.39197018,T20297_Secondary,407.346,
40.90202725,-81.39070119,T20283_Secondary,407.3446,
40.90205319,-81.40268974,T20095_Secondary,407.4408,
40.90206458,-81.3362969,T20651_Secondary,407.5239,
40.90206481,-81.30930174,OH3P-2297629-452330-2297633-452561,406.5746,ABC
40.90207198,-81.31016322,OH3P-2297391-452329-2297629-452330,406.5754,ABC
40.90212663,-81.40459672,T20094_Secondary,407.4407,
40.90215726,-81.31199707,OH3P-2296884-452353-2297391-452329,406.5755,ABC
40.9022068,-81.33925078,T20668_Secondary,407.4125,
40.90225838,-81.39640806,T20300_Secondary,407.3463,
40.90226056,-81.34075375,T20662_Secondary,407.4117,
40.90231441,-81.38912321,T20281_Secondary,407.3443,
40.90234895,-81.33738597,T20670_Secondary,407.4124,
40.90239259,-81.36255305,T20529_Secondary,409.2101,
40.90240999,-81.33374399,T20652_Secondary,407.5241,
40.9024234,-81.3425078,T20631_Secondary,407.5214,
40.90242924,-81.41192257,T20152_Secondary,407.4309,
40.90244374,-81.39500674,T20296_Secondary,407.3459,
40.90246707,-81.37235531,OH3P-2280199-452245-2280203-452500,406.4744,ABC
40.90246935,-81.37258807,T22804_Secondary,409.2009,
40.90247753,-81.39391354,T20298_Secondary,407.3461,
40.90250788,-81.41097037,OH1P-2269526-452124-2269471-452138,404.25,C
40.90250788,-81.41097037,OH3P-2269526-452124-2269515-451877,406.5021,ABC
40.90250788,-81.41097037,OH3P-2269526-452124-2269532-452320,406.502,ABC
40.90251847,-81.41309689,T20153_Secondary,407.431,
40.90255107,-81.4114994,OH1P-2269379-452138-2269246-452154,404.2519,C
40.90260039,-81.41198002,OH1P-2269246-452154-2268983-452166,404.252,C
40.90264131,-81.39830989,T20304_Secondary,407.3466,
40.90264178,-81.41293026,OH1P-2268983-452166-2268977-452449,404.2521,C
40.9026431,-81.39964998,T20315_Secondary,407.3481,
40.90269605,-81.30904506,T20710_Secondary,409.2808,
40.90269846,-81.30927782,OH3P-2297633-452561-2297625-452757,406.5752,ABC
40.90281878,-81.40069599,T20314_Secondary,407.3479,
40.90283266,-81.34162434,T20661_Secondary,407.4116,
40.90284975,-81.36200649,OH3P-2283058-452421-2282880-452732,406.4818,ABC
40.90284975,-81.36200649,OH3P-2283058-452421-2282973-452253,406.4828,ABC
40.90285869,-81.38531302,T20140_Secondary,407.4447,
40.90291084,-81.37931071,T22802_Secondary,407.4041,
40.90291799,-81.38687065,T20141_Secondary,407.4448,
40.90301904,-81.3906695,T20127_Secondary,407.4425,
40.90304297,-81.41070776,T15768_Secondary,409.2301,
40.90308961,-81.40590645,OH3P-2270923-452353-2270917-451945,406.5136,ABC
40.90309183,-81.40613921,T20090_Secondary,409.2409,
40.9031617,-81.3274634,OH3P-2292604-452661-2292562-452305,406.5523,ABC
40.9031617,-81.3274634,OH3P-2292604-452661-2292662-452899,406.5555,ABC
40.90316407,-81.32769616,T20688_Secondary,409.2723,
40.90316628,-81.37209603,T22805_Secondary,409.2011,
40.90318698,-81.30455461,OH3P-2298936-452757-2298884-451194,406.5714,ABC
40.90323062,-81.33480398,T20656_Secondary,407.413,
40.90323619,-81.30929523,OH3P-2297625-452757-2297645-453348,406.5744,ABC
40.90326217,-81.3357357,T20655_Secondary,407.4127,
40.90327308,-81.33681345,T20654_Secondary,407.4126,
40.90328685,-81.31114661,OH3P-2297113-452768-2297625-452757,406.5753,ABC
40.90328926,-81.31137937,T20707_Secondary,409.2807,
40.90331114,-81.34065834,T20660_Secondary,407.4129,
40.90334421,-81.33799272,T20653_Secondary,407.4113,
40.90334892,-81.33994397,T20659_Secondary,407.4115,
40.90337384,-81.33912779,T20658_Secondary,407.4114,
40.90342154,-81.41317442,T20154_Secondary,407.4311,
40.90343976,-81.38951578,T20128_Secondary,407.4436,
40.9035225,-81.39245277,T20122_Secondary,407.4431,
40.90355252,-81.3936664,T20121_Secondary,407.443,
40.90358235,-81.39964907,T20108_Secondary,407.4417,
40.90358669,-81.33395283,T20657_Secondary,407.4128,
40.90360486,-81.38830397,T20132_Secondary,407.4439,
40.90372511,-81.40071007,T20109_Secondary,407.4418,
40.90372847,-81.3909594,T20126_Secondary,407.4435,
40.9037486,-81.39182274,T20124_Secondary,407.4434,
40.90380179,-81.3983197,T20107_Secondary,407.4406,
40.90381146,-81.32724067,OH3P-2292662-452899-2291505-452912,406.5526,ABC
40.90381482,-81.37230321,OH3P-2280207-452736-2280203-452500,406.4715,ABC
40.90381482,-81.37230321,OH3P-2280207-452736-2280209-453185,406.4739,ABC
40.9038171,-81.37253597,T22806_Secondary,409.2007,
40.9038285,-81.38503448,T20137_Secondary,407.4444,
40.90388738,-81.38654844,T20138_Secondary,407.4445,
40.90389474,-81.33169934,OH3P-2291430-452913-2290968-452946,406.481,ABC
40.90394734,-81.38774327,T20139_Secondary,407.4446,
40.90400404,-81.33336893,OH3P-2290968-452946-2290279-452961,406.4809,ABC
40.90410422,-81.34357232,T20600_Secondary,409.21,
40.90412469,-81.3374851,OH3P-2289829-452975-2290204-452962,406.4827,ABC
40.904172,-81.33990027,OH3P-2289162-452983-2288373-453002,406.4844,ABC
40.904172,-81.33990027,OH3P-2289162-452983-2289829-452975,406.4826,ABC
40.90420545,-81.3933589,T20123_Secondary,407.4432,
40.90425203,-81.34275194,OH3P-2288373-453002-2288147-453010,406.4843,ABC
40.9042634,-81.34842034,T20594_Secondary,409.2114,
40.90428081,-81.34356924,OH3P-2288147-453010-2287901-453016,406.4825,ABC
40.9043078,-81.34445906,OH3P-2287901-453016-2287157-453042,406.4824,ABC
40.90431298,-81.39411883,T20120_Secondary,407.4429,
40.90431558,-81.37944702,T22801_Secondary,407.404,
40.90431851,-81.35063369,T20593_Secondary,409.2113,
40.9043486,-81.33989718,T20601_Secondary,409.2115,
40.90437424,-81.38434079,T20136_Secondary,407.4443,
40.9043761,-81.35307994,T20592_Secondary,409.2112,
40.90440673,-81.34714848,OH3P-2287157-453042-2286806-453050,406.4823,ABC
40.90440937,-81.39829502,T20106_Secondary,407.4416,
40.90443999,-81.34841727,OH3P-2286806-453050-2286194-453062,406.4842,ABC
40.90444092,-81.35514733,T20591_Secondary,409.2103,
40.9044951,-81.35063063,OH3P-2286194-453062-2285518-453074,406.4841,ABC
40.90452834,-81.35891854,T20589_Secondary,409.211,
40.90455269,-81.35307689,OH3P-2285518-453074-2284946-453090,406.484,ABC
40.90456006,-81.34445682,OH1P-2287900-453108-2287925-453215,404.2304,A
40.90459348,-81.38882634,T20131_Secondary,407.4426,
40.9046032,-81.36145191,T20588_Secondary,409.2109,
40.90461751,-81.35514429,OH3P-2284946-453090-2284459-453098,406.4839,ABC
40.90463768,-81.40582652,OH1P-2270938-452918-2271015-452901,404.2601,A
40.90463768,-81.40582652,OH3P-2270938-452918-2270923-452353,406.5105,ABC
40.90465734,-81.35690621,OH3P-2284459-453098-2284101-453104,406.4838,ABC
40.90465782,-81.4061343,OH1P-2270853-452924-2270938-452918,404.26,B
40.90468757,-81.35820205,OH3P-2284101-453104-2283903-453108,406.4837,ABC
40.90470251,-81.35969888,OH3P-2283687-453105-2283903-453108,406.4816,ABC
40.90470749,-81.35997008,OH3P-2283612-453105-2283509-453114,406.4835,ABC
40.90471018,-81.39076814,T20129_Secondary,407.4437,
40.90471098,-81.40324488,OH1P-2271651-452953-2271104-452925,404.2609,A
40.90471655,-81.36509172,T20531_Secondary,409.2015,
40.90472459,-81.40645495,OH1P-2270764-452947-2270669-453014,404.2604,B
40.90473567,-81.36034255,OH3P-2283509-453114-2283203-453126,406.4836,ABC
40.90477979,-81.36144888,OH3P-2283203-453126-2282898-453132,406.4807,ABC
40.9047939,-81.38544066,T20135_Secondary,407.4442,
40.9047958,-81.4075096,T20086_Secondary,407.4402,
40.90480708,-81.36255211,OH3P-2282898-453132-2282472-453151,406.4806,ABC
40.90480708,-81.36255211,OH3P-2282898-453132-2282879-452807,406.4817,ABC
40.90483394,-81.35690317,T20590_Secondary,409.2111,
40.90484022,-81.37091642,T22807_Secondary,409.2008,
40.90485094,-81.3867653,T20134_Secondary,407.4441,
40.90485229,-81.3443607,OH1P-2287925-453215-2287946-453473,404.2305,A
40.90485463,-81.34459347,T20595_Secondary,407.4105,
40.90485815,-81.30919525,OH3P-2297645-453348-2297665-454169,406.575,ABC
40.90486057,-81.30942801,T20706_Secondary,409.2804,
40.90486546,-81.38826545,T20133_Secondary,407.444,
40.90486858,-81.39451317,T20118_Secondary,407.4428,
40.90487729,-81.36436433,OH3P-2282397-453151-2282309-453155,406.4749,ABC
40.90488213,-81.4033023,T20089_Secondary,407.4405,
40.90488912,-81.36468089,OH3P-2282309-453155-2282196-453155,406.472,ABC
40.90489314,-81.3650887,OH3P-2282196-453155-2281998-453161,406.4747,ABC
40.90491134,-81.40679386,OH1P-2270669-453014-2270472-453034,404.2605,B
40.90491913,-81.36580416,OH3P-2281998-453161-2281745-453171,406.4748,ABC
40.90494359,-81.360166,OH1P-2283557-453191-2283509-453114,404.23,B
40.90495363,-81.36671918,OH3P-2281745-453171-2281407-453179,406.4719,ABC
40.90497239,-81.4075067,OH1P-2270472-453034-2270307-453054,404.2606,B
40.90498759,-81.36794223,OH3P-2281407-453179-2280964-453187,406.4718,ABC
40.9050148,-81.37519616,T22811_Secondary,409.2006,
40.90501681,-81.37091342,OH3P-2280586-453179-2280964-453187,406.474,ABC
40.90504255,-81.39193205,T20125_Secondary,407.4433,
40.90504676,-81.37227493,OH3P-2280209-453185-2280586-453179,406.4717,ABC
40.90506317,-81.40667495,T20085_Secondary,407.4401,
40.90507311,-81.40067296,T20097_Secondary,407.44,
40.90507331,-81.39838593,T20105_Secondary,407.4415,
40.90509446,-81.38030582,OH3P-2277989-453173-2277993-453628,406.4609,ABC
40.90513023,-81.36671616,T20530_Secondary,409.2014,
40.90514054,-81.39283766,T20119_Secondary,407.4427,
40.90514325,-81.40576077,OH3P-2270954-453102-2270938-452918,406.5114,ABC
40.90517203,-81.39946225,T20102_Secondary,407.4412,
40.90519139,-81.37519317,OH3P-2279402-453227-2280209-453185,406.4738,ABC
40.90524541,-81.39004949,T20130_Secondary,407.4438,
40.90525873,-81.3770084,OH3P-2278900-453245-2278498-453247,406.4713,ABC
40.90525873,-81.3770084,OH3P-2278900-453245-2279402-453227,406.4714,ABC
40.90528222,-81.37873526,OH3P-2278423-453247-2278271-453247,406.4704,ABC
40.90531518,-81.38009606,OH3P-2278046-453255-2277931-453263,406.4703,ABC
40.90531518,-81.38009606,OH3P-2278046-453255-2278049-454105,406.4712,ABC
40.90531518,-81.38009606,OH3P-2278046-453255-2278271-453247,406.4737,ABC
40.9053189,-81.40790899,T20087_Secondary,407.4403,
40.90532112,-81.40814176,OH1P-2270295-453159-2270307-453054,404.2607,B
40.90534905,-81.40575907,OH3P-2270953-453177-2270964-453451,406.5117,ABC
40.9053872,-81.38150994,OH3P-2277655-453276-2277229-453281,406.4331,ABC
40.9053872,-81.38150994,OH3P-2277655-453276-2277649-450973,406.4307,ABC
40.9053872,-81.38150994,OH3P-2277655-453276-2277653-453682,406.4306,ABC
40.9053872,-81.38150994,OH3P-2277655-453276-2277856-453264,406.4332,ABC
40.90539599,-81.41079199,OH3P-2269562-453177-2269532-452320,406.5005,ABC
40.90539599,-81.41079199,OH3P-2269562-453177-2269578-453452,406.5019,ABC
40.90539819,-81.41102476,T15767_Secondary,409.23,
40.90541116,-81.33325422,OH3P-2290992-453459-2290968-452946,406.4808,ABC
40.90542052,-81.38332313,OH3P-2277154-453282-2276814-453298,406.5127,ABC
40.90542613,-81.42326785,OH3P-2266114-453145-2265962-453562,406.4925,ABC
40.90547394,-81.42349195,T15757_Secondary,409.2201,
40.90547834,-81.38455082,OH3P-2276814-453298-2276206-453339,406.5126,ABC
40.90549294,-81.35989671,OH1P-2283628-453392-2283580-453280,404.2301,B
40.90550784,-81.4015694,OH3P-2272110-453249-2272437-453402,406.5145,ABC
40.90554087,-81.36012076,T20546_Secondary,407.4106,
40.90555441,-81.32638911,OH3P-2292889-453537-2292662-452899,406.5524,ABC
40.90555441,-81.32638911,OH3P-2292889-453537-2293179-454322,406.555,ABC
40.90555872,-81.34427553,OH1P-2287946-453473-2287982-453754,404.2306,A
40.90556106,-81.3445083,T20596_Secondary,407.4109,
40.9055886,-81.38811171,OH3P-2275830-453326-2275290-453347,406.5125,ABC
40.90561027,-81.38674914,OH3P-2276206-453339-2275830-453326,406.5147,ABC
40.90561697,-81.33325229,OH3P-2290992-453534-2290994-453839,406.3499,ABC
40.90564075,-81.39072873,OH3P-2275106-453336-2274560-453376,406.5123,ABC
40.90564476,-81.32658913,T20587_Secondary,409.2715,
40.90566589,-81.39006238,OH3P-2275290-453347-2275106-453336,406.5124,ABC
40.90569282,-81.39726851,T20110_Secondary,409.2412,
40.90575648,-81.36972084,T22812_Secondary,407.4042,
40.9057703,-81.39270353,OH3P-2274560-453376-2274102-453373,406.5122,ABC
40.90577833,-81.39435782,OH3P-2274102-453373-2273766-453376,406.5121,ABC
40.90581706,-81.3961293,OH3P-2273613-453381-2273447-453392,406.5141,ABC
40.90581706,-81.3961293,OH3P-2273613-453381-2273766-453376,406.5144,ABC
40.90582496,-81.3676951,T20486_Secondary,407.4052,
40.90585319,-81.39672699,OH3P-2273447-453392-2273298-453396,406.514,ABC
40.90586941,-81.39726558,OH3P-2273298-453396-2272987-453416,406.512,ABC
40.90587252,-81.37930425,T20479_Secondary,407.4039,
40.90591504,-81.40038012,OH1P-2272437-453402-2272440-453470,404.2603,A
40.90591504,-81.40038012,OH3P-2272437-453402-2271724-453428,406.5129,ABC
40.90593547,-81.3983924,OH3P-2272987-453416-2272777-453428,406.5119,ABC
40.90593726,-81.40785508,T20088_Secondary,407.4404,
40.90593947,-81.40808785,OH1P-2270307-453384-2270295-453159,404.2608,B
40.90597172,-81.36464774,T20532_Secondary,407.4059,
40.90597432,-81.39915133,OH3P-2272777-453428-2272437-453402,406.5118,ABC
40.90602627,-81.36233061,OH3P-2282953-453577-2282898-453132,406.4805,ABC
40.90602627,-81.36233061,OH3P-2282953-453577-2282986-453842,406.4831,ABC
40.90602857,-81.36256338,T20542_Secondary,409.2105,
40.90602979,-81.39672405,T20111_Secondary,409.2413,
40.90605647,-81.41457561,T20082_Secondary,409.2314,
40.90607404,-81.40453183,OH3P-2271289-453445-2271724-453428,406.5146,ABC
40.90607533,-81.40480312,OH3P-2271214-453445-2270964-453451,406.5116,ABC
40.90610085,-81.40570868,OH3P-2270964-453451-2270587-453474,406.5115,ABC
40.90610085,-81.40570868,OH3P-2270964-453451-2270967-453796,406.5112,ABC
40.90614225,-81.35962331,OH1P-2283701-453629-2283628-453392,404.2302,B
40.90617778,-81.40734341,OH3P-2270512-453473-2269591-453518,406.5104,ABC
40.90618889,-81.40295607,T20096_Secondary,409.24,
40.90619019,-81.35984737,T20547_Secondary,407.4107,
40.90623306,-81.41457272,OH3P-2268513-453469-2269578-453452,406.5001,ABC
40.90625493,-81.41555361,OH3P-2268242-453473-2268513-453469,406.5037,ABC
40.90627582,-81.38656777,T20329_Secondary,407.4452,
40.90633086,-81.34413094,OH1P-2287982-453754-2287990-453980,404.2307,A
40.90633216,-81.41066987,OH3P-2269591-453518-2269598-453839,406.5113,ABC
40.9063332,-81.3443637,T20597_Secondary,407.411,
40.90634058,-81.38027221,OH3P-2277993-453628-2278001-454080,406.4637,ABC
40.90634191,-81.41205808,OH3P-2269208-453517-2269591-453518,406.5135,ABC
40.90634285,-81.38050498,T20467_Secondary,409.1905,
40.90634808,-81.37144425,T22808_Secondary,407.4043,
40.9063576,-81.3781581,T20478_Secondary,407.4038,
40.90636797,-81.41364562,OH3P-2268769-453521-2269208-453517,406.5103,ABC
40.90636879,-81.3883129,T20325_Secondary,407.445,
40.90638257,-81.41502709,OH3P-2268387-453521-2268769-453521,406.5134,ABC
40.90645046,-81.33299931,T20566_Secondary,409.1416,
40.90645282,-81.33323208,OH3P-2290994-453839-2291010-454258,406.3506,ABC
40.90650173,-81.38150043,OH3P-2277653-453682-2277651-454081,406.4373,ABC
40.90650399,-81.3817332,T20463_Secondary,409.1812,
40.9065185,-81.41205519,T20084_Secondary,409.2408,
40.90654171,-81.40054659,T20098_Secondary,407.4409,
40.90654457,-81.41364273,T20083_Secondary,409.2406,
40.90655523,-81.39407738,T20114_Secondary,407.4421,
40.90657267,-81.39244554,T20117_Secondary,407.4424,
40.90657676,-81.42379913,OH3P-2265962-453562-2265947-454637,406.4932,ABC
40.90661864,-81.36637017,T20534_Secondary,407.4058,
40.90662811,-81.39009482,T20352_Secondary,407.446,
40.90671995,-81.39135117,T20354_Secondary,407.4478,
40.90673911,-81.39923224,T20101_Secondary,407.4411,
40.90676864,-81.39550539,T20112_Secondary,407.4419,
40.906817,-81.40846688,T20052_Secondary,407.4758,
40.9068344,-81.30459797,OH3P-2298906-454085-2298936-452757,406.5713,ABC
40.90685227,-81.36764838,T20485_Secondary,407.4051,
40.90685483,-81.38829017,T20328_Secondary,407.4451,
40.90694933,-81.344091,OH1P-2287990-453980-2287978-454338,404.2308,A
40.90695167,-81.34432377,T20598_Secondary,407.4111,
40.90697471,-81.35917197,OH1P-2283822-453934-2283701-453629,404.2303,B
40.90702733,-81.40048025,T20100_Secondary,407.441,
40.90706501,-81.35937204,T20548_Secondary,407.4108,
40.90707118,-81.39813443,T20103_Secondary,407.4413,
40.90711137,-81.30908212,OH3P-2297665-454169-2297682-454612,406.5739,ABC
40.90711378,-81.30931489,T20705_Secondary,409.28,
40.90725286,-81.40567842,OH3P-2270967-453871-2270964-454093,406.5218,ABC
40.90727026,-81.36969498,T22809_Secondary,407.4044,
40.90728008,-81.41545171,OH3P-2268266-453847-2268242-453473,406.5034,ABC
40.90728227,-81.41568448,T20076_Secondary,409.2313,
40.90734156,-81.3645951,T20535_Secondary,407.4057,
40.90738973,-81.41476525,T20080_Secondary,409.2404,
40.90739193,-81.41499802,OH3P-2268390-453889-2268387-453521,406.5102,ABC
40.90744084,-81.37808301,T20477_Secondary,407.4037,
40.90745785,-81.39256287,T20116_Secondary,407.4423,
40.9075435,-81.39563813,T20113_Secondary,407.442,
40.90754969,-81.39437602,T20115_Secondary,407.4422,
40.90755678,-81.32876944,T20572_Secondary,407.2107,
40.90758336,-81.38022204,OH3P-2278001-454080-2277703-454503,406.4638,ABC
40.90759723,-81.38148714,OH3P-2277651-454081-2277465-454415,406.4378,ABC
40.907599,-81.33292078,T20565_Secondary,409.1415,
40.90760137,-81.33315355,OH3P-2291010-454258-2291022-454817,406.3505,ABC
40.90764795,-81.38004614,OH3P-2278049-454105-2277590-454966,406.4711,ABC
40.90769832,-81.3253022,OH3P-2293179-454322-2293380-454862,406.5549,ABC
40.90777924,-81.37877665,T20476_Secondary,407.4036,
40.90778868,-81.32550222,T20586_Secondary,409.2714,
40.90786324,-81.40567953,OH3P-2270964-454093-2270971-454628,406.5217,ABC
40.90788508,-81.38979695,T20353_Secondary,407.4477,
40.9079164,-81.30775607,OH3P-2298027-454467-2298906-454085,406.5712,ABC
40.90795479,-81.40155756,T20042_Secondary,407.4748,
40.90798566,-81.36210754,OH3P-2283006-454292-2282986-453917,406.483,ABC
40.90798566,-81.36210754,OH3P-2283006-454292-2283030-454769,406.4822,ABC
40.90798797,-81.36234031,T20541_Secondary,409.2104,
40.90800379,-81.40321746,T20041_Secondary,407.4747,
40.90803065,-81.38644958,T20330_Secondary,407.4454,
40.90803697,-81.41147367,OH1P-2269362-454136-2268989-454140,404.2722,C
40.90803936,-81.40462993,T20040_Secondary,407.4746,
40.9080453,-81.38454096,T20332_Secondary,407.4459,
40.90806813,-81.30763693,T20704_Secondary,409.2803,
40.90807554,-81.39810576,T20104_Secondary,407.4414,
40.9080773,-81.41059779,OH3P-2269603-454154-2269453-454137,406.5237,ABC
40.9080773,-81.41059779,OH3P-2269603-454154-2269597-453914,406.5222,ABC
40.9080773,-81.41059779,OH3P-2269603-454154-2269598-454696,406.5238,ABC
40.90807949,-81.40652307,T20054_Secondary,407.4757,
40.90810986,-81.3441143,T20599_Secondary,407.4112,
40.90813546,-81.4077604,T20051_Secondary,407.4756,
40.90818658,-81.40965335,T20050_Secondary,407.4755,
40.90823596,-81.41281714,T20060_Secondary,407.4759,
40.90829084,-81.38822234,T20327_Secondary,407.4453,
40.90832782,-81.30899964,OH3P-2297682-454612-2298027-454467,406.5743,ABC
40.90838021,-81.36457728,T20536_Secondary,407.406,
40.9084049,-81.31447813,T20702_Secondary,407.5502,
40.90840633,-81.40023896,T20043_Secondary,407.4749,
40.90843294,-81.38234783,T20462_Secondary,409.1811,
40.90844064,-81.36958758,T22810_Secondary,407.4045,
40.90846399,-81.31683476,OH1P-2295515-454633-2295507-454817,404.3303,A
40.90846399,-81.31683476,OH1P-2295515-454633-2296103-454620,404.3304,A
40.90851928,-81.38214475,OH3P-2277465-454415-2277284-454735,406.4305,ABC
40.90852485,-81.39747035,T20367_Secondary,407.4487,
40.90855287,-81.3675173,T20484_Secondary,407.405,
40.90856353,-81.41660835,OH1P-2267940-454311-2267754-454311,404.2515,B
40.90859592,-81.37939846,T20474_Secondary,407.4032,
40.90860736,-81.39354899,T20363_Secondary,407.4485,
40.9086209,-81.35802721,T20554_Secondary,409.1403,
40.90863276,-81.37791712,T20473_Secondary,407.4035,
40.90870391,-81.31010004,OH3P-2297376-454745-2297682-454612,406.5741,ABC
40.90874133,-81.41721848,T20074_Secondary,407.43,
40.90874299,-81.32804945,OH1P-2292415-454692-2292286-454258,404.141,C
40.90874426,-81.4090176,T20049_Secondary,407.4754,
40.90874536,-81.32828223,T20571_Secondary,407.2114,
40.90875405,-81.38128025,OH3P-2277703-454503-2277530-454970,406.4608,ABC
40.90875631,-81.38151303,T20466_Secondary,409.1904,
40.90878173,-81.41615436,OH1P-2268065-454392-2267940-454311,404.2514,B
40.90883246,-81.38594077,T20331_Secondary,407.4458,
40.90884971,-81.38945928,T20355_Secondary,407.4479,
40.90888475,-81.39135902,T20361_Secondary,407.4484,
40.90894154,-81.41468152,T20079_Secondary,409.2405,
40.90894374,-81.4149143,OH3P-2268407-454455-2268390-453889,406.5133,ABC
40.90895287,-81.41621182,T20075_Secondary,407.4306,
40.90897093,-81.31685714,OH1P-2295507-454817-2295527-455236,404.3302,A
40.90897332,-81.31708992,T20701_Secondary,407.5501,
40.908974,-81.41571542,OH1P-2268185-454463-2268065-454392,404.2513,B
40.90903784,-81.41539371,OH3P-2268274-454487-2268266-453847,406.5033,ABC
40.90906901,-81.39482834,T20365_Secondary,407.4486,
40.90906959,-81.41871241,OH1P-2267356-454488-2267159-454532,404.251,B
40.90906959,-81.41871241,OH1P-2267356-454488-2267573-454660,404.2509,B
40.90913442,-81.33284999,T20564_Secondary,409.1414,
40.90913567,-81.38759526,T20335_Secondary,407.4457,
40.90913679,-81.33308277,OH3P-2291022-454817-2291026-455285,406.3504,ABC
40.90917149,-81.32454764,OH3P-2293380-454862-2293537-455276,406.5548,ABC
40.90919785,-81.41942414,OH1P-2267159-454532-2267162-454717,404.2511,B
40.90923394,-81.37723707,T20472_Secondary,407.4034,
40.90926185,-81.32474767,T20585_Secondary,409.2713,
40.90929636,-81.36223067,T20540_Secondary,409.2102,
40.90929659,-81.36448871,T20537_Secondary,407.4056,
40.90933101,-81.40562817,OH3P-2270971-454628-2270975-454910,406.5216,ABC
40.90933114,-81.3988088,T20368_Secondary,407.4501,
40.9093381,-81.35640344,OH3P-2284576-454805-2284176-454492,406.3494,ABC
40.90938468,-81.39968354,T20044_Secondary,407.475,
40.90940412,-81.38278434,OH3P-2277284-454735-2277285-454959,406.4377,ABC
40.90940638,-81.38301712,T20461_Secondary,409.181,
40.90946072,-81.39636427,T20366_Secondary,407.4488,
40.90946461,-81.35656589,T20553_Secondary,409.1401,
40.90951238,-81.38466702,T20333_Secondary,407.4455,
40.90952626,-81.42380373,OH3P-2265947-454637-2266026-454622,406.4933,ABC
40.90953657,-81.41792035,OH1P-2267573-454660-2267747-454826,404.2508,B
40.90955429,-81.38818261,T20356_Secondary,407.448,
40.90956109,-81.40660056,T20053_Secondary,407.4752,
40.90956593,-81.41059223,OH3P-2269598-454696-2269626-455122,406.5239,ABC
40.90956814,-81.41082502,T20059_Secondary,407.4709,
40.90957932,-81.32753701,OH1P-2292552-454999-2292213-455293,404.1407,C
40.90957932,-81.32753701,OH1P-2292552-454999-2292415-454692,404.1409,C
40.90958474,-81.40792586,T20048_Secondary,407.4753,
40.90966845,-81.38669882,T20334_Secondary,407.4456,
40.9096906,-81.41803425,T20068_Secondary,407.4305,
40.90970436,-81.41940361,OH1P-2267162-454717-2267146-455099,404.2512,B
40.90970654,-81.41963639,T20071_Secondary,407.4303,
40.90971785,-81.39181139,T20362_Secondary,407.4498,
40.90980939,-81.39049788,T20360_Secondary,407.4483,
40.90981034,-81.36952047,T20480_Secondary,407.4046,
40.90992735,-81.40475475,T20036_Secondary,407.4741,
40.90996433,-81.3939616,T20364_Secondary,407.4497,
40.9099669,-81.37760313,T20471_Secondary,407.4033,
40.90997552,-81.41416925,T20077_Secondary,407.4307,
40.90997593,-81.41532023,OH3P-2268290-454829-2268274-454487,406.5036,ABC
40.90997772,-81.41440203,OH1P-2268543-454833-2268378-454854,404.2516,C
40.90998445,-81.41728435,OH1P-2267747-454826-2267932-454935,404.2506,B
40.91001472,-81.37981707,T20469_Secondary,407.403,
40.9100189,-81.38277191,OH3P-2277285-454959-2277592-455439,406.4304,ABC
40.9100287,-81.38166661,OH3P-2277590-454966-2277723-455683,406.471,ABC
40.91004188,-81.38188491,OH3P-2277530-454970-2277530-455192,406.4636,ABC
40.91005112,-81.35475947,T20552_Secondary,409.1406,
40.91005939,-81.31415685,OH3P-2296248-455224-2297376-454745,406.5742,ABC
40.91010168,-81.36736901,T20487_Secondary,407.4049,
40.91010434,-81.40560081,OH3P-2270975-454910-2270978-455039,406.5215,ABC
40.91010434,-81.40560081,OH3P-2270975-454910-2271054-454914,406.5232,ABC
40.91011931,-81.31676376,OH1P-2295527-455236-2295562-455324,404.3301,A
40.91012171,-81.31699654,T20700_Secondary,407.55,
40.91014606,-81.40006852,T20032_Secondary,407.4745,
40.91015624,-81.38757519,T20357_Secondary,407.45,
40.91017763,-81.35492192,OH3P-2284981-455116-2284576-454805,406.3493,ABC
40.91018178,-81.40132704,T20033_Secondary,407.4744,
40.91022656,-81.38064587,T20475_Secondary,407.4029,
40.91023177,-81.40242922,T20034_Secondary,407.4743,
40.91023598,-81.31415369,T20703_Secondary,409.2802,
40.91025828,-81.40355261,T20035_Secondary,407.4742,
40.91027647,-81.41660944,OH1P-2267932-454935-2268020-454970,404.2505,B
40.91030376,-81.32395936,OH3P-2293537-455276-2293659-455566,406.5536,ABC
40.91032474,-81.3848376,T20336_Secondary,407.4461,
40.9103635,-81.41534284,OH3P-2268282-454971-2268290-454829,406.5035,ABC
40.91036852,-81.3987244,T20031_Secondary,407.474,
40.91037137,-81.41628956,OH1P-2268020-454970-2268193-454946,404.2504,B
40.91037734,-81.36313001,T20538_Secondary,407.41,
40.91037857,-81.41487806,OH3P-2268410-454978-2268407-454455,406.5142,ABC
40.91039412,-81.32415939,T20584_Secondary,409.2712,
40.91039764,-81.32874836,OH1P-2292213-455293-2291694-455329,404.1406,C
40.91040308,-81.33153089,OH1P-2291444-455284-2291222-455284,404.1404,C
40.91041169,-81.33266694,OH1P-2291130-455283-2291026-455285,404.1403,C
40.91045938,-81.4055856,OH3P-2270978-455039-2271002-455134,406.522,ABC
40.91046736,-81.3620191,OH3P-2283018-455196-2283030-454769,406.4829,ABC
40.91051544,-81.33062566,OH1P-2291694-455329-2291444-455284,404.1405,C
40.91054664,-81.39762069,T20369_Secondary,407.4489,
40.91054796,-81.41628668,T20066_Secondary,407.4301,
40.91054939,-81.32862927,T20569_Secondary,407.2112,
40.91055165,-81.39156942,T20377_Secondary,407.4499,
40.91057731,-81.36436475,T20539_Secondary,407.4104,
40.91057844,-81.31646558,OH1P-2295607-455404-2295650-455479,404.33,A
40.91057967,-81.33152778,T20567_Secondary,407.211,
40.91059521,-81.41777199,OH1P-2267609-455047-2267747-454826,404.2507,B
40.9105974,-81.41800477,T20067_Secondary,407.4302,
40.91060161,-81.38915572,T20358_Secondary,407.4481,
40.91065186,-81.38210742,T20465_Secondary,409.1903,
40.91069203,-81.33062255,T20568_Secondary,407.2111,
40.91072962,-81.31791844,OH3P-2295205-455454-2295336-455608,406.5711,ABC
40.91073308,-81.41047312,OH3P-2269626-455122-2269634-455345,406.524,ABC
40.91073528,-81.4107059,T15783_Secondary,407.4701,
40.91075059,-81.40733845,T20046_Secondary,407.4751,
40.91075679,-81.41967751,T20070_Secondary,407.4304,
40.91078329,-81.37868198,T20470_Secondary,407.4031,
40.91078332,-81.31630729,OH3P-2295650-455479-2296248-455224,406.574,ABC
40.91086477,-81.32694824,OH1P-2292709-455469-2292552-454999,404.1408,C
40.91094103,-81.38344336,T20337_Secondary,407.4462,
40.91094903,-81.39901458,T20030_Secondary,407.4739,
40.91095869,-81.4000238,T20029_Secondary,407.4738,
40.91097627,-81.40548441,OH3P-2271003-455228-2271002-455134,406.5219,ABC
40.91097627,-81.40548441,OH3P-2271003-455228-2271020-455731,406.5214,ABC
40.91097627,-81.40548441,OH3P-2271003-455228-2271070-455224,406.5231,ABC
40.91098611,-81.40124084,T20028_Secondary,407.4737,
40.9110104,-81.35343171,OH3P-2285389-455425-2284981-455116,406.3492,ABC
40.91102053,-81.40236411,T20027_Secondary,407.4736,
40.91104136,-81.32694511,T20570_Secondary,407.2113,
40.91105119,-81.38568504,T20345_Secondary,407.4474,
40.91109215,-81.4040799,T20026_Secondary,407.4735,
40.91109482,-81.32350586,OH3P-2293659-455566-2293662-455680,406.5535,ABC
40.91111679,-81.31885082,OH3P-2294945-455591-2295205-455454,406.571,ABC
40.91112435,-81.38753371,T20348_Secondary,407.447,
40.91113691,-81.35359415,T20551_Secondary,409.1402,
40.91114831,-81.31743748,OH3P-2295336-455608-2295650-455479,406.5738,ABC
40.9112746,-81.38136875,OH3P-2277667-455421-2277530-455192,406.4607,ABC
40.9112746,-81.38136875,OH3P-2277667-455421-2277671-456472,406.4606,ABC
40.91134366,-81.41043184,OH3P-2269634-455345-2269618-455582,406.5201,ABC
40.91134587,-81.41066463,T20057_Secondary,409.2504,
40.91136108,-81.33299487,OH3P-2291035-455628-2290438-455647,406.3502,ABC
40.91136108,-81.33299487,OH3P-2291035-455628-2291026-455285,406.3503,ABC
40.91140045,-81.39382653,T20371_Secondary,407.4494,
40.91143448,-81.33515482,OH3P-2290438-455647-2289770-455659,406.3501,ABC
40.91144312,-81.36194609,OH3P-2283034-455552-2283018-455196,406.4832,ABC
40.91144312,-81.36194609,OH3P-2283034-455552-2283054-456049,406.4833,ABC
40.91144543,-81.36217888,T20543_Secondary,409.2106,
40.9114495,-81.41461124,T20078_Secondary,409.2402,
40.9114517,-81.41484403,OH3P-2268415-455369-2268410-455061,406.5132,ABC
40.91146165,-81.34222009,T20557_Secondary,409.1409,
40.91148428,-81.33282807,T20563_Secondary,409.1412,
40.9114921,-81.33757219,OH3P-2289770-455659-2289379-455667,406.35,ABC
40.91149334,-81.38455554,T20338_Secondary,407.4463,
40.91152848,-81.3389847,OH3P-2289379-455667-2288723-455691,406.3486,ABC
40.91153546,-81.36739444,T20482_Secondary,407.4048,
40.91156957,-81.38973684,T20359_Secondary,407.4482,
40.91157653,-81.36931547,T20481_Secondary,407.4047,
40.91161107,-81.33515172,T20562_Secondary,409.1413,
40.9116135,-81.32348844,OH3P-2293661-455755-2293696-456408,406.5527,ABC
40.91162026,-81.34135559,OH3P-2288723-455691-2288485-455695,406.3498,ABC
40.91163115,-81.34919548,T20555_Secondary,409.1407,
40.91163824,-81.34221701,OH3P-2288485-455695-2287648-455699,406.3497,ABC
40.91166869,-81.33756909,T20561_Secondary,409.1411,
40.91167996,-81.34524655,OH3P-2287648-455699-2286557-455731,406.3496,ABC
40.91170507,-81.33898161,T20560_Secondary,409.141,
40.91170791,-81.31794224,OH3P-2295193-455810-2295236-455868,406.62,ABC
40.91176327,-81.39190824,T20378_Secondary,407.4503,
40.91180204,-81.38551449,T20346_Secondary,407.4473,
40.91180774,-81.34919241,OH3P-2286557-455731-2285881-455784,406.3495,ABC
40.91180901,-81.39896905,T20025_Secondary,407.4732,
40.91180915,-81.31811526,OH3P-2295145-455846-2295187-455906,406.61,ABC
40.91184454,-81.40020678,T20024_Secondary,407.4734,
40.9118465,-81.40123695,T20023_Secondary,407.4733,
40.91184844,-81.40226712,T20022_Secondary,407.4726,
40.91185655,-81.34524347,T20556_Secondary,409.1408,
40.91193219,-81.31825875,OH3P-2295105-455891-2295142-455942,406.6,ABC
40.91197758,-81.35163482,OH3P-2285881-455784-2285389-455425,406.3491,ABC
40.91197758,-81.35163482,OH3P-2285881-455784-2286210-456065,406.349,ABC
40.91198856,-81.38091989,T20464_Secondary,409.2005,
40.91199083,-81.38115268,OH3P-2277723-455683-2277726-455966,406.4736,ABC
40.91199613,-81.41047937,OH3P-2269618-455582-2269642-455743,406.5241,ABC
40.91199834,-81.41071216,T20056_Secondary,407.4708,
40.91200494,-81.39759779,T20370_Secondary,407.449,
40.91200617,-81.40323421,T20021_Secondary,407.4724,
40.91202416,-81.38345422,T20339_Secondary,407.4465,
40.91203881,-81.3184171,OH3P-2295061-455929-2294945-455591,406.57,ABC
40.91203881,-81.3184171,OH3P-2295061-455929-2295096-455978,406.5701,ABC
40.91206553,-81.38772185,T20349_Secondary,407.4471,
40.91218833,-81.40743124,T15781_Secondary,407.4706,
40.91231715,-81.39458795,T20372_Secondary,407.4493,
40.91235691,-81.40540329,OH3P-2271020-455731-2271011-455836,406.5213,ABC
40.91236492,-81.40742833,OH3P-2270460-455727-2269642-455743,406.5221,ABC
40.91236492,-81.40742833,OH3P-2270460-455727-2270760-455715,406.5236,ABC
40.91238546,-81.40602182,OH3P-2270848-455739-2271020-455731,406.5242,ABC
40.91244722,-81.32052229,OH3P-2294477-456070-2294607-456438,406.56,ABC
40.91249291,-81.39833654,T20020_Secondary,407.4731,
40.91253719,-81.34148726,T20558_Secondary,407.2108,
40.91254261,-81.38449414,T20340_Secondary,407.4464,
40.91259143,-81.41049961,T15782_Secondary,407.4707,
40.91260904,-81.3197687,TMS-2294684-456132-2271160-459868,413.1005,ABC
40.91262111,-81.39969438,T20019_Secondary,407.473,
40.91262625,-81.32073763,OH3P-2294416-456134-2293696-456408,406.5501,ABC
40.91262625,-81.32073763,OH3P-2294416-456134-2294550-456463,406.55,ABC
40.91264447,-81.40542767,OH3P-2271011-455836-2271008-456098,406.5212,ABC
40.91264447,-81.40542767,OH3P-2271011-455836-2271084-455830,406.523,ABC
40.91265287,-81.38161497,OH3P-2277592-455922-2277583-456420,406.4376,ABC
40.91265287,-81.38161497,OH3P-2277592-455922-2277592-455439,406.4303,ABC
40.91265514,-81.38184776,T20460_Secondary,409.1809,
40.91270495,-81.40185748,T20018_Secondary,407.4729,
40.91270825,-81.41456542,T20065_Secondary,409.2403,
40.91271045,-81.41479822,OH3P-2268422-455827-2268415-455369,406.5131,ABC
40.91272261,-81.38628222,T20347_Secondary,407.4472,
40.9127257,-81.40403203,T20017_Secondary,407.4728,
40.9127274,-81.39350773,T20376_Secondary,407.4495,
40.91273758,-81.35042973,OH3P-2286210-456065-2286573-456376,406.3489,ABC
40.91276521,-81.39037631,T20380_Secondary,407.4504,
40.91280931,-81.36208258,T20544_Secondary,409.2107,
40.91286409,-81.35059218,T20550_Secondary,409.1404,
40.91287153,-81.38838797,T20350_Secondary,407.4475,
40.91288803,-81.39666346,T20373_Secondary,407.4491,
40.91298517,-81.38340887,T20341_Secondary,407.4466,
40.91333013,-81.32055858,OH3P-2294462-456391-2293735-456659,406.5402,ABC
40.91333013,-81.32055858,OH3P-2294462-456391-2294498-456485,406.5401,ABC
40.91333762,-81.40055752,T20016_Secondary,407.4727,
40.91336436,-81.40542828,OH3P-2271008-456098-2271034-456371,406.5211,ABC
40.91337664,-81.4050947,OH3P-2271100-456104-2271008-456098,406.5229,ABC
40.91343185,-81.40192866,T20015_Secondary,407.4725,
40.91347826,-81.415277,OH3P-2268286-456106-2268282-454971,406.5032,ABC
40.91348045,-81.41550979,T20064_Secondary,409.2312,
40.91351035,-81.32073644,OH3P-2294412-456456-2293776-456698,406.5301,ABC
40.91351035,-81.32073644,OH3P-2294412-456456-2294445-456509,406.5302,ABC
40.91353972,-81.40413302,T20014_Secondary,407.4723,
40.91357679,-81.34910119,OH3P-2286573-456376-2286721-456669,406.3488,ABC
40.91360942,-81.34151219,T20559_Secondary,407.2109,
40.91362227,-81.39320279,T20375_Secondary,407.4502,
40.91370182,-81.32555757,T20583_Secondary,409.2711,
40.9137792,-81.38438603,T20342_Secondary,407.4467,
40.91383021,-81.38964442,T20351_Secondary,407.4476,
40.91384021,-81.38611871,T20343_Secondary,407.4468,
40.91384698,-81.39139257,T20379_Secondary,407.4496,
40.91387841,-81.32555444,OH3P-2293079-456572-2292274-456697,406.5547,ABC
40.91387841,-81.32555444,OH3P-2293079-456572-2293696-456408,406.5529,ABC
40.91390934,-81.38763265,T20344_Secondary,407.4469,
40.91391754,-81.30655005,T15616_Secondary,407.4836,
40.91396558,-81.30677409,OH1P-2298269-456675-2297794-456631,404.2807,C
40.91399037,-81.39628844,T20374_Secondary,407.4492,
40.91406384,-81.40509915,T15780_Secondary,409.2503,
40.91407407,-81.32846479,T20582_Secondary,409.271,
40.91411169,-81.40532327,OH3P-2271034-456371-2271051-456686,406.5235,ABC
40.91415836,-81.38130542,OH3P-2277671-456472-2275166-456536,406.4602,ABC
40.91423166,-81.36175243,OH3P-2283074-456568-2283054-456049,406.4834,ABC
40.91423396,-81.36198523,T20545_Secondary,409.2108,
40.91425067,-81.32846167,OH3P-2292274-456697-2291669-456777,406.5546,ABC
40.91426156,-81.3903569,OH3P-2275169-456478-2272698-456601,406.4375,ABC
40.91426156,-81.3903569,OH3P-2275169-456478-2277583-456420,406.4302,ABC
40.91442296,-81.39036294,OH3P-2275166-456536-2273363-456613,406.4601,ABC
40.91446681,-81.34875272,T20549_Secondary,409.1405,
40.91449114,-81.33064777,OH3P-2291669-456777-2290993-456876,406.5545,ABC
40.914509,-81.39929236,T20427_Secondary,409.1808,
40.91456746,-81.38360055,T20433_Secondary,407.402,
40.91459191,-81.3861206,T20432_Secondary,407.4012,
40.91463346,-81.32392184,OHSEC1P-2293527-456854-2293695-457374,414.1013,ABC
40.91466773,-81.33064465,T20581_Secondary,409.2709,
40.91467286,-81.40256041,T20426_Secondary,409.1807,
40.91468559,-81.39928943,OH3P-2272698-456601-2271795-456649,406.4374,ABC
40.91469724,-81.39688328,OH3P-2273363-456613-2271286-456722,406.4626,ABC
40.91478717,-81.33308621,OH3P-2290993-456876-2290682-456917,406.5544,ABC
40.91479222,-81.3226921,OHSEC1P-2293866-456916-2293695-457374,414.1005,ABC
40.91483433,-81.38833104,T20431_Secondary,407.4009,
40.91485035,-81.33525493,T20579_Secondary,409.2707,
40.91494385,-81.4046316,OH3P-2271221-456676-2271172-456677,406.433,ABC
40.91494385,-81.4046316,OH3P-2271221-456676-2271795-456649,406.4301,ABC
40.91495713,-81.33302296,T20580_Secondary,409.2708,
40.91497612,-81.40524548,OH3P-2271051-456686-2271097-456677,406.521,ABC
40.9149937,-81.39033739,OH3P-2275171-456744-2275166-456536,406.4627,ABC
40.91502695,-81.33525182,OH3P-2290394-456955-2290682-456917,406.5543,ABC
40.91503974,-81.32027019,T251SS_Secondary,409.92,
40.91503974,-81.32027019,T252SS_Secondary,409.9201,
40.91506133,-81.3386313,T20577_Secondary,409.2705,
40.91506808,-81.34818788,OH3P-2286819-456922-2286721-456669,406.3487,ABC
40.91511187,-81.3370715,OH3P-2289890-456979-2290394-456955,406.5542,ABC
40.91515271,-81.38697075,T20438_Secondary,407.401,
40.91516414,-81.39389111,T20394_Secondary,407.3702,
40.91517021,-81.39107914,T20388_Secondary,407.4005,
40.91517992,-81.32448409,OHSEC1P-2293368-457051-2293695-457374,414.101,ABC
40.91519951,-81.39033565,OH3P-2275170-456819-2275175-456891,406.4728,ABC
40.91521811,-81.39604631,T20396_Secondary,407.3707,
40.91522626,-81.3118728,OH1P-2296853-457115-2297794-456631,404.2809,C
40.91523793,-81.33862821,OH3P-2289459-457019-2289890-456979,406.5541,ABC
40.9152593,-81.31210151,T15615_Secondary,407.4835,
40.91526566,-81.39754615,T20398_Secondary,407.371,
40.9152665,-81.34811585,OH3P-2286837-456995-2286989-457285,406.3485,ABC
40.91528847,-81.33706841,T20578_Secondary,409.2706,
40.91531107,-81.32606431,OHSEC1P-2292931-457092-2293695-457374,414.1015,ABC
40.91535088,-81.34213745,T20575_Secondary,409.2704,
40.91537476,-81.38479618,T20439_Secondary,407.4021,
40.9153919,-81.32261326,OHSEC1P-2293884-457135-2293695-457374,414.1006,ABC
40.91539503,-81.3903175,OH3P-2275175-456891-2275139-457559,406.4727,ABC
40.91542151,-81.41284139,T20013_Secondary,407.4722,
40.91542269,-81.34048986,OH3P-2288944-457080-2289459-457019,406.554,ABC
40.91543588,-81.39917495,T20399_Secondary,407.3704,
40.91544845,-81.38100679,OH3P-2277747-456943-2277726-455966,406.4709,ABC
40.91545072,-81.38123959,T20455_Secondary,409.2004,
40.91545331,-81.32787102,OHSEC1P-2292431-457138-2293695-457374,414.1014,ABC
40.91546509,-81.41261577,OH1P-2269012-456838-2269002-457135,404.2721,C
40.91552045,-81.40512615,OH3P-2271082-456885-2271051-456686,406.5209,ABC
40.91552405,-81.38767842,T20437_Secondary,407.4011,
40.91552747,-81.34213437,OH3P-2288489-457112-2288944-457080,406.5539,ABC
40.91559928,-81.34048677,T20576_Secondary,409.2703,
40.91565151,-81.34345802,OH3P-2288123-457152-2288489-457112,406.5538,ABC
40.91566793,-81.38306594,T20440_Secondary,407.4023,
40.91572625,-81.40512445,OH3P-2271081-456960-2271108-457213,406.5208,ABC
40.91572876,-81.39284696,T20392_Secondary,407.4006,
40.91580132,-81.32255943,OHSEC1P-2293897-457284-2293695-457374,414.1007,ABC
40.91581287,-81.34521798,OH3P-2287636-457205-2288123-457152,406.5537,ABC
40.91581979,-81.32433361,OHSEC1P-2293407-457284-2293695-457374,414.1011,ABC
40.9158281,-81.34345495,T20574_Secondary,409.2702,
40.91588604,-81.34607335,OH3P-2287399-457228-2287636-457205,406.5528,ABC
40.9159161,-81.34634177,OH3P-2287325-457238-2286989-457285,406.332,ABC
40.91598946,-81.34521491,T20573_Secondary,409.2701,
40.91600487,-81.34933838,T11017_Secondary,407.1907,
40.91605215,-81.32305372,T15541_Secondary,407.4901,
40.91605454,-81.32328653,OH3P-2293695-457374-2293631-458883,406.5421,ABC
40.91605454,-81.32328653,OH3P-2293695-457374-2293735-456659,406.542,ABC
40.91605602,-81.34755229,OH3P-2286989-457285-2286638-457307,406.3319,ABC
40.91605946,-81.41517963,OH3P-2268301-457046-2268286-456106,406.5031,ABC
40.91606166,-81.41541244,T20063_Secondary,409.2311,
40.91614298,-81.39110654,T20387_Secondary,407.4004,
40.91615326,-81.39560819,T20395_Secondary,407.3706,
40.91615916,-81.34909119,OH3P-2286564-457317-2286502-457324,406.3325,ABC
40.91615918,-81.38820694,T20436_Secondary,407.4022,
40.91618058,-81.34931504,OH3P-2286502-457324-2285672-457420,406.3342,ABC
40.91619676,-81.38980868,T20434_Secondary,407.4,
40.91623384,-81.39365468,T20393_Secondary,407.3703,
40.91625634,-81.39713627,T20400_Secondary,407.3709,
40.9162792,-81.41264005,OH1P-2269002-457135-2269000-457377,404.272,C
40.9162814,-81.41287285,T20012_Secondary,407.4721,
40.91629897,-81.32249401,OHSEC1P-2293913-457466-2293695-457374,414.1008,ABC
40.91630073,-81.35233457,T15348_Secondary,407.1913,
40.91631557,-81.38527904,T20445_Secondary,407.4028,
40.91638626,-81.32430596,OHSEC1P-2293412-457491-2293695-457374,414.1012,ABC
40.91641873,-81.39910032,T20401_Secondary,407.3705,
40.91642006,-81.40501553,OH3P-2271108-457213-2270818-457289,406.5206,ABC
40.91642006,-81.40501553,OH3P-2271108-457213-2271116-457551,406.5207,ABC
40.91643289,-81.38678894,T20442_Secondary,407.4014,
40.9164632,-81.40606395,T15779_Secondary,409.25,
40.91659965,-81.38252001,T20444_Secondary,407.4026,
40.91663979,-81.40606104,OH3P-2270818-457289-2270740-457321,406.5234,ABC
40.91669211,-81.35834507,T15347_Secondary,407.1912,
40.91671772,-81.36160967,OH3P-2283102-457475-2283074-456568,406.4815,ABC
40.91678419,-81.40660546,OH3P-2270667-457340-2270526-457378,406.52,ABC
40.91682463,-81.30906959,T15614_Secondary,407.4834,
40.91685325,-81.32239315,OHSEC1P-2293938-457668-2293695-457374,414.1009,ABC
40.91686225,-81.36163432,OH3P-2283094-457527-2282732-457623,406.3338,ABC
40.91686783,-81.35832175,OH3P-2284009-457541-2283179-457571,406.3305,ABC
40.91686783,-81.35832175,OH3P-2284009-457541-2285672-457420,406.3341,ABC
40.91689312,-81.40711553,OH1P-2270526-457378-2270540-457435,404.27,A
40.91689312,-81.40711553,OH3P-2270526-457378-2269864-457490,406.5205,ABC
40.91691501,-81.30926962,OH1P-2297564-457740-2297792-459452,404.2806,C
40.91691501,-81.30926962,OH1P-2297564-457740-2297794-456631,404.2808,C
40.91696207,-81.362944,T15344_Secondary,409.14,
40.91697921,-81.36132634,OH3P-2283179-457571-2283094-457527,406.3306,ABC
40.91698644,-81.3857599,T20448_Secondary,407.4016,
40.91700989,-81.39330632,T20390_Secondary,407.4007,
40.9170284,-81.36167312,OH3P-2283083-457588-2275111-459621,406.3605,ABC
40.91703774,-81.38762381,T20443_Secondary,407.4013,
40.91708746,-81.38334323,T20447_Secondary,407.4027,
40.91710544,-81.39175305,T20389_Secondary,407.4003,
40.91713161,-81.38468042,T20446_Secondary,407.4019,
40.91713866,-81.36294097,OH3P-2282732-457623-2280040-458230,406.334,ABC
40.91716982,-81.38986519,T20435_Secondary,407.4008,
40.91719056,-81.39543048,T20391_Secondary,407.3708,
40.91722526,-81.40950424,OH3P-2269864-457490-2269667-457510,406.5204,ABC
40.91722526,-81.40950424,OH3P-2269864-457490-2269871-457525,406.5226,ABC
40.91723044,-81.39041371,OH3P-2275139-457559-2275118-458106,406.4726,ABC
40.91723235,-81.36569292,OH3P-2281971-457647-2283102-457475,406.4804,ABC
40.91728567,-81.41021719,OH3P-2269667-457510-2269663-457565,406.5227,ABC
40.91730328,-81.40705834,OH1P-2270540-457527-2270560-457689,404.2705,A
40.91731079,-81.39761406,T20402_Secondary,407.3711,
40.91733211,-81.41262043,OH3P-2269002-457519-2268814-457526,406.5202,ABC
40.91733211,-81.41262043,OH3P-2269002-457519-2269000-457469,406.5228,ABC
40.91733211,-81.41262043,OH3P-2269002-457519-2269667-457510,406.5203,ABC
40.91734754,-81.39914327,T20403_Secondary,407.3712,
40.9173896,-81.41460822,OH3P-2268453-457533-2268422-455827,406.513,ABC
40.9173896,-81.41460822,OH3P-2268453-457533-2268739-457525,406.5111,ABC
40.91754486,-81.40410816,OH3P-2271354-457626-2271286-456722,406.46,ABC
40.91755559,-81.40497056,OH3P-2271115-457626-2271171-457977,406.5223,ABC
40.91760271,-81.38094147,OH3P-2277755-457728-2277747-456943,406.4735,ABC
40.91760498,-81.38117428,T20454_Secondary,409.2001,
40.91760793,-81.32213915,OHSEC1P-2294005-457944-2293695-457374,414.1018,ABC
40.91767348,-81.32793992,OHSEC1P-2292401-457946-2293695-457374,414.1016,ABC
40.91769965,-81.40817466,T20004_Secondary,407.4712,
40.91769978,-81.40675336,T15755_Secondary,407.4705,
40.91770362,-81.38219909,T20452_Secondary,407.4025,
40.91770556,-81.42323563,OH3P-2266067-457618-2265947-454637,406.4905,ABC
40.91770556,-81.42323563,OH3P-2266067-457618-2266154-457605,406.4924,ABC
40.91780606,-81.35659555,T15099_Secondary,407.2262,
40.91790096,-81.32257414,OHSEC1P-2293883-458049-2293695-457374,414.1017,ABC
40.91797724,-81.35665286,OH1P-2284465-457951-2283383-458053,404.157,B
40.91803671,-81.40916396,T20000_Secondary,407.4715,
40.91806242,-81.41505613,OH3P-2268326-457776-2268301-457046,406.503,ABC
40.91806462,-81.41528894,T20062_Secondary,409.231,
40.91808455,-81.40938809,OH1P-2269892-457804-2269870-457617,404.2707,B
40.91812434,-81.36050729,T15098_Secondary,407.2261,
40.91812639,-81.3464474,OH3P-2287285-458043-2286989-457285,406.3318,ABC
40.91823171,-81.40377651,T20429_Secondary,409.1901,
40.91823393,-81.40400933,OH3P-2271378-457877-2271354-457626,406.4673,ABC
40.91825126,-81.39657849,T20428_Secondary,407.37,
40.91826418,-81.3616189,OH3P-2283092-458038-2283083-457588,406.3661,ABC
40.91828148,-81.32279861,OHSEC1P-2293819-458187-2293631-458883,414.1026,ABC
40.91829551,-81.36056462,OH1P-2283383-458053-2283184-458039,404.1571,B
40.91829551,-81.36056462,OH1P-2283383-458053-2283383-458495,404.1572,B
40.91830304,-81.32316382,OHSEC1P-2293718-458193-2293631-458883,414.1025,ABC
40.91835411,-81.38455881,T20451_Secondary,407.4018,
40.91835907,-81.39860192,T20405_Secondary,407.3713,
40.91836686,-81.41026186,OH1P-2269649-457904-2269662-457657,404.2716,C
40.91836906,-81.41049467,T20008_Secondary,407.4717,
40.91838438,-81.40821781,OH1P-2270214-457917-2270213-457730,404.2713,B
40.91838659,-81.40845062,T20005_Secondary,407.4713,
40.91842417,-81.38701654,T20449_Secondary,407.4015,
40.91848817,-81.38325882,T20453_Secondary,407.4024,
40.9185007,-81.36503834,T15104_Secondary,407.2267,
40.9185637,-81.40497905,T15753_Secondary,409.2501,
40.91866626,-81.40912444,T20001_Secondary,407.471,
40.91867068,-81.36497517,OH1P-2282162-458174-2282132-458860,404.1577,B
40.91869861,-81.4066525,T15754_Secondary,407.4704,
40.9187141,-81.40934857,OH1P-2269900-458033-2269892-457804,404.2706,B
40.9187233,-81.37267614,T15346_Secondary,407.191,
40.91873179,-81.39023252,T20383_Secondary,409.2003,
40.91874645,-81.40687663,OH1P-2270583-458054-2270560-457689,404.2702,A
40.91874645,-81.40687663,OH1P-2270583-458054-2270769-458331,404.2704,A
40.91875529,-81.38559939,T20450_Secondary,407.4017,
40.91889248,-81.40818002,OH1P-2270222-458102-2269909-458107,404.2709,B
40.91889248,-81.40818002,OH1P-2270222-458102-2270214-457917,404.2712,B
40.91891585,-81.40931405,OH1P-2269909-458107-2269900-458033,404.2708,B
40.91891826,-81.39126387,T20385_Secondary,407.4002,
40.91896792,-81.39987382,T20406_Secondary,407.3714,
40.91906663,-81.32218895,OHSEC1P-2293984-458475-2293631-458883,414.1028,ABC
40.91912834,-81.34569284,T15349_Secondary,407.1914,
40.91917631,-81.34591692,OH3P-2287426-458427-2287293-458117,406.33,ABC
40.91917631,-81.34591692,OH3P-2287426-458427-2287743-459091,406.3343,ABC
40.91919307,-81.41432789,T20061_Secondary,409.2401,
40.91919527,-81.41456071,OH3P-2268458-458191-2268453-457533,406.5128,ABC
40.91919776,-81.32793752,OHSEC1P-2292394-458501-2293631-458883,414.1022,ABC
40.91923156,-81.39854329,T20407_Secondary,407.3715,
40.91930826,-81.40814825,OH1P-2270229-458254-2270222-458102,404.2714,B
40.91931047,-81.40838107,T20006_Secondary,407.4714,
40.91934319,-81.41025823,OH1P-2269646-458259-2269649-457904,404.2717,C
40.91948536,-81.409263,OH1P-2269920-458315-2269909-458107,404.271,B
40.91950033,-81.40619083,OH1P-2270769-458331-2270830-458622,404.2703,A
40.91950611,-81.36031107,T15100_Secondary,407.2263,
40.91951434,-81.41031568,T20009_Secondary,407.4718,
40.91952893,-81.40903737,T20002_Secondary,407.47,
40.91959055,-81.406391,T15752_Secondary,407.4703,
40.91962555,-81.31911441,OH1P-2294830-458690-2294939-459948,404.2821,C
40.91962794,-81.31934722,T15609_Secondary,407.4829,
40.91963972,-81.40408598,OH3P-2271350-458389-2271221-456676,406.43,ABC
40.91966869,-81.40381071,OH3P-2271426-458400-2271378-457877,406.4635,ABC
40.9198481,-81.39255947,T20384_Secondary,407.4001,
40.9198632,-81.40450686,OH3P-2271233-458469-2271171-457977,406.5225,ABC
40.9198632,-81.40450686,OH3P-2271233-458469-2271290-458840,406.5233,ABC
40.91988574,-81.39056066,OH3P-2275087-458526-2275118-458106,406.4733,ABC
40.92001809,-81.40801036,OH1P-2270264-458513-2270229-458254,404.2715,B
40.92004779,-81.40929744,OH1P-2269908-458519-2269920-458315,404.2711,B
40.92009136,-81.4090718,T20003_Secondary,407.4711,
40.92012873,-81.32218422,OHSEC1P-2293980-458862-2293631-458883,414.1023,ABC
40.92014452,-81.40817293,T20007_Secondary,407.4716,
40.92020281,-81.32367898,T15542_Secondary,407.4902,
40.92028122,-81.36229144,T15101_Secondary,407.2264,
40.92029695,-81.40595672,OH1P-2270830-458622-2270581-458622,404.2718,A
40.92030554,-81.40686007,OH1P-2270581-458622-2270415-458633,404.2719,A
40.92033046,-81.38073479,OH3P-2277800-458722-2277755-457728,406.4734,ABC
40.92035688,-81.37600304,T15086_Secondary,407.2624,
40.92043461,-81.39034979,T20381_Secondary,409.2,
40.92043686,-81.39058261,OH3P-2275078-458726-2275087-458526,406.4725,ABC
40.9204512,-81.36222826,OH1P-2282913-458833-2282587-458863,404.1574,B
40.92045246,-81.36144927,OH3P-2283128-458836-2283092-458038,406.366,ABC
40.92045411,-81.36178185,OH1P-2283036-458835-2282913-458833,404.1573,B
40.92046732,-81.39949165,T20408_Secondary,407.3716,
40.92048214,-81.40685716,T20010_Secondary,407.4719,
40.92049526,-81.40757192,T20011_Secondary,407.472,
40.92049773,-81.38072991,OH3P-2277800-458783-2281971-457647,406.4803,ABC
40.92053351,-81.34140301,T15537_Secondary,407.2095,
40.92054568,-81.36340695,OH1P-2282587-458863-2282132-458860,404.1575,B
40.92055405,-81.36505315,OH1P-2282132-458860-2282129-459366,404.1576,B
40.92056306,-81.40569825,T15751_Secondary,407.4702,
40.9206109,-81.40592238,OH1P-2270838-458736-2270830-458622,404.2701,A
40.92065068,-81.32797528,OHSEC1P-2292377-459031-2293631-458883,414.1021,ABC
40.9206521,-81.37220121,T15085_Secondary,407.2623,
40.92066387,-81.33499425,OH1P-2290437-459009-2289872-459016,404.1384,C
40.92070351,-81.33703864,OH1P-2289872-459016-2289837-460244,404.1385,C
40.9207073,-81.33476856,T15538_Secondary,407.2096,
40.92071011,-81.34139993,OH1P-2288667-459003-2289872-459016,404.1383,C
40.92072227,-81.36340393,T15102_Secondary,407.2265,
40.92075819,-81.38187919,T15345_Secondary,407.1911,
40.92077859,-81.37236371,OH1P-2280111-458915-2280503-460501,404.1892,A
40.92085474,-81.35201139,T15534_Secondary,407.2093,
40.92087937,-81.40428427,OH3P-2271290-458840-2271302-459121,406.5224,ABC
40.92090098,-81.39056857,OH3P-2275080-458895-2275078-458726,406.4731,ABC
40.92093391,-81.38185593,OH3P-2277487-458938-2275122-459560,406.3304,ABC
40.92093391,-81.38185593,OH3P-2277487-458938-2280040-458230,406.3339,ABC
40.9209666,-81.39854393,T20409_Secondary,407.3717,
40.92096958,-81.40448444,T15777_Secondary,409.2502,
40.9209834,-81.34440705,OH1P-2287835-459091-2288667-459003,404.1382,C
40.9209851,-81.34473964,OH3P-2287743-459091-2287836-459440,406.3344,ABC
40.92102592,-81.3520687,OH1P-2285717-459079-2287152-459451,404.1381,C
40.92103008,-81.39479942,T20410_Secondary,407.3718,
40.92114414,-81.322061,OHSEC1P-2294009-459232-2293631-458883,414.1024,ABC
40.92124105,-81.39604779,T20411_Secondary,407.3719,
40.92153463,-81.39680051,T20412_Secondary,407.373,
40.92158753,-81.32281469,OHSEC1P-2293798-459391-2293631-458883,414.1027,ABC
40.92160628,-81.30836007,OH1P-2297792-459452-2297573-460611,404.2805,C
40.92163932,-81.3085888,T15613_Secondary,407.4833,
40.92166247,-81.35885639,T15536_Secondary,407.2476,
40.92175007,-81.36095859,OH1P-2283258-459310-2283775-459286,404.1578,B
40.92175173,-81.36129118,OH3P-2283166-459310-2283128-458836,406.3732,ABC
40.92175678,-81.32799975,OHSEC1P-2292365-459433-2293631-458883,414.102,ABC
40.92181918,-81.34686175,T15535_Secondary,407.2094,
40.92184078,-81.39750904,T20413_Secondary,407.3725,
40.92186484,-81.39425975,T20414_Secondary,407.372,
40.92193991,-81.34438618,OH3P-2287836-459440-2287946-459982,406.3345,ABC
40.92194162,-81.34471877,OH1P-2287744-459439-2287152-459451,404.138,C
40.92196425,-81.38852434,OH3P-2275640-459290-2277800-458722,406.4702,ABC
40.9220188,-81.38878599,OH3P-2275567-459309-2275109-459424,406.4722,ABC
40.92203351,-81.36524014,T15103_Secondary,407.2266,
40.92232431,-81.39607343,T20415_Secondary,407.3727,
40.92235174,-81.39043795,OH3P-2275109-459424-2275079-458970,406.4724,ABC
40.92239423,-81.32804084,OHSEC1P-2292350-459665-2293631-458883,414.1019,ABC
40.92259812,-81.39040693,OH3P-2275116-459514-2272924-461009,406.4801,ABC
40.92259812,-81.39040693,OH3P-2275116-459514-2277800-458783,406.4802,ABC
40.9227242,-81.39038397,OH3P-2275122-459560-2271769-461223,406.3303,ABC
40.92279661,-81.39347192,T20416_Secondary,407.3721,
40.92289034,-81.39042284,OH3P-2275111-459621-2273694-460595,406.3659,ABC
40.92292231,-81.31878017,T15611_Secondary,407.4831,
40.92294137,-81.39173454,OH3P-2274748-459635-2275109-459424,406.4723,ABC
40.92303361,-81.3974457,T20419_Secondary,407.3726,
40.9230738,-81.32900002,OHSEC1P-2292082-459909-2293399-460445,414.1038,ABC
40.92307404,-81.31866103,OH1P-2294939-459948-2294704-460472,404.2804,C
40.92318688,-81.37592172,OH1P-2279116-459780-2279090-458811,404.1895,A
40.92321717,-81.32595048,OHSEC1P-2292924-459973-2293399-460445,414.1033,ABC
40.92323038,-81.37569605,T15084_Secondary,407.2622,
40.92330989,-81.41002219,OH3P-2269693-459705-2268492-459709,406.51,ABC
40.92336207,-81.41436975,OH3P-2268492-459709-2268458-458191,406.5101,ABC
40.92338072,-81.39560409,T20422_Secondary,407.3722,
40.92342557,-81.34396336,OH3P-2287946-459982-2288103-460949,406.3346,ABC
40.92342791,-81.34419619,T15350_Secondary,407.1915,
40.92345942,-81.39303304,T20382_Secondary,409.2002,
40.92358271,-81.39286632,OH3P-2274432-459864-2272924-460957,406.4701,ABC
40.92358271,-81.39286632,OH3P-2274432-459864-2274683-459672,406.4732,ABC
40.92359422,-81.41003832,OH3P-2269687-459809-2268363-459830,406.5,ABC
40.92369796,-81.41483051,OH3P-2268363-459830-2268326-457776,406.5029,ABC
40.92380786,-81.39405242,T20423_Secondary,407.3723,
40.92385467,-81.41003403,OH3P-2269687-459904-2266243-459958,406.49,ABC
40.92393414,-81.32661847,OHSEC1P-2292736-460232-2293399-460445,414.1029,ABC
40.92399543,-81.39747313,T20420_Secondary,407.3731,
40.9240829,-81.32489056,OHSEC1P-2293212-460292-2293399-460445,414.1034,ABC
40.92412211,-81.42249369,OH3P-2266243-459958-2266067-457618,406.4904,ABC
40.92424603,-81.3371626,T15539_Secondary,407.2097,
40.92432972,-81.32838347,OHSEC1P-2292246-460369-2293399-460445,414.1039,ABC
40.92436511,-81.39092876,T15097_Secondary,407.226,
40.92442083,-81.40462081,TMS-2271181-460129-2265177-437776,413.1006,ABC
40.92445123,-81.32443301,T15543_Secondary,407.4903,
40.92449464,-81.3242073,OH3P-2293399-460445-2293346-460590,406.5422,ABC
40.92449464,-81.3242073,OH3P-2293399-460445-2293631-458883,406.54,ABC
40.92455373,-81.31971266,T15610_Secondary,407.483,
40.92463344,-81.3956218,T20424_Secondary,407.3729,
40.92464913,-81.31648915,OH1P-2295531-460530-2294704-460472,404.2803,C
40.92468399,-81.32479904,OHSEC1P-2293235-460512-2293399-460445,414.1035,ABC
40.92471037,-81.32583,OHSEC1P-2292950-460517-2293399-460445,414.1032,ABC
40.92482572,-81.316486,T15612_Secondary,407.4832,
40.92491994,-81.39792385,T20418_Secondary,407.3728,
40.92493073,-81.36126883,OH3P-2283157-460468-2283166-459310,406.3731,ABC
40.92493304,-81.36150166,T15106_Secondary,409.1505,
40.92497769,-81.40775901,T241SS_Secondary,409.9,
40.92497769,-81.40775901,T242SS_Secondary,409.9001,
40.92497769,-81.40775901,T243SS_Secondary,409.9002,
40.92507364,-81.37109671,T15083_Secondary,407.2621,
40.92507792,-81.39247179,OH1P-2274534-460410-2274902-460140,404.1566,A
40.92510833,-81.31937782,OH1P-2294731-460686-2294704-460472,404.2802,C
40.92511714,-81.37087103,OH1P-2280503-460501-2280544-461247,404.1891,A
40.92513,-81.32691008,OHSEC1P-2292649-460666-2293399-460445,414.1037,ABC
40.92522973,-81.39235281,T15096_Secondary,407.2259,
40.9253034,-81.32498432,OHSEC1P-2293181-460737-2293399-460445,414.1036,ABC
40.92532124,-81.30454291,OH3P-2298828-460820-2299079-460822,406.5329,ABC
40.92533811,-81.32587489,OHSEC1P-2292934-460746-2293399-460445,414.1031,ABC
40.92537175,-81.30926105,OH1P-2297525-460820-2297527-460690,404.2801,C
40.92537175,-81.30926105,OH3P-2297525-460820-2297082-460834,406.5327,ABC
40.92537175,-81.30926105,OH3P-2297525-460820-2298828-460820,406.5328,ABC
40.92540478,-81.32119685,T15544_Secondary,407.4802,
40.9254262,-81.31086088,OH1P-2297082-460834-2297111-460926,404.28,B
40.9254262,-81.31086088,OH3P-2297082-460834-2294723-460834,406.5304,ABC
40.92544634,-81.32796073,OHSEC1P-2292357-460778-2293399-460445,414.104,ABC
40.92549783,-81.30453973,T15577_Secondary,407.4811,
40.92551374,-81.3193988,OH3P-2294723-460834-2294227-460852,406.5324,ABC
40.92551374,-81.3193988,OH3P-2294723-460834-2294730-460778,406.5325,ABC
40.92558137,-81.32119371,OH3P-2294227-460852-2293337-460869,406.5303,ABC
40.92560544,-81.39711153,T20421_Secondary,407.3724,
40.92561409,-81.39550367,OH3P-2273694-460595-2271709-461263,406.3604,ABC
40.92564751,-81.39343867,OH1P-2274265-460615-2274134-460740,404.1563,A
40.92564751,-81.39343867,OH1P-2274265-460615-2274534-460410,404.1565,A
40.92566026,-81.32441048,OH3P-2293337-460869-2293776-456698,406.53,ABC
40.92570818,-81.31830406,OH3P-2295024-460909-2294461-460904,406.5423,ABC
40.92570818,-81.31830406,OH3P-2295024-460909-2295029-461342,406.5445,ABC
40.92571652,-81.32034393,OH3P-2294461-460904-2293869-460918,406.5403,ABC
40.92573386,-81.39323556,T15092_Secondary,407.2256,
40.92573866,-81.32664371,OHSEC1P-2292720-460889-2293399-460445,414.103,ABC
40.92577656,-81.32275655,OH3P-2293794-460917-2293276-460912,406.5472,ABC
40.9257825,-81.32462893,OH3P-2293276-460912-2293326-460663,406.5473,ABC
40.92581529,-81.32993656,T15716_Secondary,407.2106,
40.92583177,-81.39533559,OH1P-2273740-460675-2273823-460798,404.1557,A
40.92583543,-81.32676822,OH3P-2292685-460924-2293276-460912,406.5418,ABC
40.92584629,-81.31332789,OHSEC1P-2296399-460978-2295994-461117,414.1233,ABC
40.92585537,-81.32031894,OH1P-2294467-460955-2294461-460904,404.29,C
40.92587734,-81.31443307,OHSEC1P-2296093-460985-2295994-461117,414.1232,ABC
40.92588345,-81.32732815,OH3P-2292530-460939-2292610-460923,406.3376,ABC
40.92588824,-81.31479471,OHSEC1P-2295993-460988-2295994-461117,414.1231,ABC
40.92588877,-81.41762363,T14828_Secondary,407.3067,
40.92589914,-81.31515635,OHSEC1P-2295893-460990-2295994-461117,414.123,ABC
40.92591004,-81.31551799,OHSEC1P-2295793-460993-2295994-461117,414.1229,ABC
40.9259197,-81.31066355,OH1P-2297134-461015-2297227-461190,404.281,B
40.92592094,-81.31587964,OHSEC1P-2295693-460996-2295994-461117,414.1228,ABC
40.92593184,-81.31624128,OHSEC1P-2295593-460998-2295994-461117,414.1227,ABC
40.92594273,-81.31660292,OHSEC1P-2295493-461001-2295282-461123,414.1223,ABC
40.92595363,-81.31696457,OHSEC1P-2295393-461003-2295282-461123,414.1222,ABC
40.9259605,-81.31859132,OHSEC1P-2294944-461000-2294699-461126,414.1174,ABC
40.92596452,-81.31732621,OHSEC1P-2295293-461006-2295282-461123,414.1221,ABC
40.92597445,-81.319023,OHSEC1P-2294824-461003-2294699-461126,414.1173,ABC
40.92597541,-81.31768785,OHSEC1P-2295193-461009-2295282-461123,414.1219,ABC
40.92598525,-81.32987328,OH3P-2291826-460967-2292530-460939,406.3484,ABC
40.92598533,-81.31938464,OHSEC1P-2294724-461006-2294699-461126,414.1172,ABC
40.92598572,-81.347984,T15532_Secondary,407.2091,
40.92598798,-81.31804837,OHSEC1P-2295094-461012-2295282-461123,414.1218,ABC
40.92599622,-81.31974628,OHSEC1P-2294624-461009-2294699-461126,414.1176,ABC
40.92603129,-81.4054027,OH3P-2270957-460713-2270558-460271,406.4089,ABC
40.92603129,-81.4054027,OH3P-2270957-460713-2271424-461196,406.4,ABC
40.92605013,-81.32011364,OHSEC1P-2294523-461027-2294699-461126,414.1177,ABC
40.92606116,-81.32191017,OHSEC1P-2294026-461024-2294193-461125,414.1171,ABC
40.92606157,-81.35056784,T15533_Secondary,407.2092,
40.92606707,-81.32067635,OHSEC1P-2294367-461031-2294193-461125,414.1168,ABC
40.9260718,-81.34334855,OH3P-2288103-460949-2288215-461475,406.3347,ABC
40.92607316,-81.31472712,T15608_Secondary,407.4926,
40.92607519,-81.39482648,T15088_Secondary,407.2252,
40.92607652,-81.32104601,OHSEC1P-2294265-461033-2294193-461125,414.1167,ABC
40.92608029,-81.34353113,OH3P-2288052-460951-2288103-460949,406.3379,ABC
40.926082,-81.34386374,OH1P-2287960-460950-2286822-460965,404.14,C
40.9260874,-81.32140766,OHSEC1P-2294165-461036-2294193-461125,414.1166,ABC
40.92609949,-81.32040277,OH1P-2294442-461044-2294468-461138,404.2907,C
40.92610593,-81.40099487,T15026_Secondary,407.259,
40.92613564,-81.31747958,T15606_Secondary,407.4924,
40.92614559,-81.3333094,OH3P-2290876-461012-2289000-461067,406.338,ABC
40.92614559,-81.3333094,OH3P-2290876-461012-2290885-461098,406.3475,ABC
40.92614559,-81.3333094,OH3P-2290876-461012-2291826-460967,406.3377,ABC
40.92616231,-81.34798093,OH1P-2286822-460965-2286108-460983,404.1401,C
40.92616542,-81.39502665,OH1P-2273823-460798-2273913-460896,404.1558,A
40.92618167,-81.39219347,T15091_Secondary,407.2255,
40.92618938,-81.35549722,T15107_Secondary,407.2269,
40.92619514,-81.34015926,T15540_Secondary,407.2098,
40.92624435,-81.31478434,OH1P-2295994-461117-2295282-461123,404.2918,B
40.92627191,-81.39239364,OH1P-2274550-460846-2274134-460740,404.1564,A
40.92628737,-81.31736043,OH1P-2295282-461123-2295289-461331,404.2917,B
40.92629311,-81.35188589,OH1P-2285743-460998-2286108-460983,404.1402,C
40.92631356,-81.31923736,T15600_Secondary,407.4918,
40.92631595,-81.3194702,OH1P-2294699-461126-2294468-461138,404.2908,C
40.9263342,-81.32153484,T15599_Secondary,407.4917,
40.9263571,-81.32030544,OH1P-2294468-461138-2294193-461125,404.2909,C
40.9263571,-81.32030544,OH1P-2294468-461138-2294516-461687,404.291,C
40.92636056,-81.35555454,OH1P-2284729-461009-2283982-461061,404.1581,C
40.92636056,-81.35555454,OH1P-2284729-461009-2284979-461022,404.158,C
40.92636511,-81.34009601,OH3P-2289000-461067-2288606-461077,406.3483,ABC
40.92639223,-81.31785301,OHSEC1P-2295146-461160-2295282-461123,414.1217,ABC
40.92639379,-81.31008598,T15618_Secondary,407.4838,
40.92640704,-81.34152121,OH3P-2288606-461077-2288103-460949,406.3378,ABC
40.92643164,-81.39469954,OH1P-2273913-460896-2273947-461070,404.1559,A
40.92643164,-81.39469954,OH1P-2273913-460896-2274134-460740,404.1562,A
40.92644267,-81.40434701,T14824_Secondary,407.3063,
40.92645028,-81.31981569,OHSEC1P-2294603-461174-2294699-461126,414.1175,ABC
40.92645786,-81.32730808,T15461_Secondary,407.2024,
40.92650381,-81.40207281,T14999_Secondary,407.2564,
40.9265302,-81.35825364,OH1P-2283982-461061-2283424-461077,404.1582,C
40.92655112,-81.36080513,OH1P-2283277-461060-2283424-461077,404.1583,C
40.92655278,-81.36113775,OH3P-2283185-461059-2283157-460468,406.3664,ABC
40.92659443,-81.36027194,OH1P-2283424-461077-2283466-461408,404.1584,C
40.92662397,-81.33335648,OH1P-2290861-461187-2290870-461356,404.1298,A
40.92664897,-81.31349647,OHSEC1P-2296348-461270-2295994-461117,414.1234,ABC
40.92665786,-81.4021867,OH1P-2271843-460952-2272118-460975,404.1865,C
40.9266633,-81.32092774,OHSEC1P-2294295-461247-2294193-461125,414.1164,ABC
40.92666556,-81.31784023,OHSEC1P-2295148-461259-2295282-461123,414.122,ABC
40.92667418,-81.32128939,OHSEC1P-2294195-461250-2294193-461125,414.1163,ABC
40.92667599,-81.3205668,OHSEC1P-2294394-461253-2294193-461125,414.1165,ABC
40.92668506,-81.32165103,OHSEC1P-2294095-461252-2294193-461125,414.1169,ABC
40.9266955,-81.31883049,OHSEC1P-2294874-461267-2294699-461126,414.1178,ABC
40.92669565,-81.32201323,OHSEC1P-2293995-461255-2294193-461125,414.117,ABC
40.92670018,-81.35819044,T15108_Secondary,407.227,
40.92671168,-81.40118872,OH1P-2272118-460975-2271944-461164,404.1866,C
40.92671168,-81.40118872,OH1P-2272118-460975-2272138-461701,404.1867,C
40.92671168,-81.40118872,OH1P-2272118-460975-2272143-460811,404.1868,C
40.92672167,-81.31976293,OHSEC1P-2294616-461273-2294699-461126,414.1179,ABC
40.92673654,-81.31444674,OHSEC1P-2296085-461298-2295994-461117,414.1235,ABC
40.92677672,-81.39571813,T15089_Secondary,407.2253,
40.92680318,-81.31012444,OH1P-2297279-461339-2297496-461915,404.2812,B
40.92680318,-81.31012445,OH1P-2297279-461339-2297227-461190,404.2811,B
40.92688823,-81.32516732,OH3P-2293122-461313-2293276-460912,406.5419,ABC
40.9268886,-81.32619547,T15460_Secondary,407.2023,
40.92689357,-81.31032451,T15617_Secondary,407.4837,
40.92690031,-81.31757986,OH1P-2295219-461346-2295289-461331,404.2916,B
40.92690153,-81.39957954,OH3P-2272562-461050-2272924-460957,406.47,ABC
40.92690209,-81.31791248,OH1P-2295127-461345-2295029-461342,404.2906,B
40.92690808,-81.39456876,OH1P-2273947-461070-2273951-461230,404.156,A
40.92691762,-81.3163037,OHSEC1P-2295571-461357-2295305-461445,414.1226,ABC
40.92694788,-81.39577555,OH1P-2273613-461080-2273604-461263,404.1569,A
40.92695162,-81.39434309,T15090_Secondary,407.2254,
40.92697583,-81.40406147,T14825_Secondary,407.3064,
40.92699458,-81.32861584,T15462_Secondary,407.2025,
40.92699585,-81.31971154,OHSEC1P-2294629-461373-2294699-461126,414.1201,ABC
40.92705341,-81.39986116,OH3P-2272484-461104-2272924-461009,406.48,ABC
40.92705979,-81.32625272,OH1P-2292821-461372-2292601-461380,404.1295,A
40.9270598,-81.32625272,OH1P-2292821-461372-2292938-461388,404.1294,A
40.92707538,-81.32528024,OH3P-2293090-461381-2293072-461436,406.3375,ABC
40.92708968,-81.33331588,OH1P-2290870-461356-2290885-461629,404.1299,A
40.92709075,-81.32705174,OH1P-2292601-461380-2292201-461395,404.1297,A
40.92709075,-81.32705174,OH1P-2292601-461380-2292320-461702,404.13,A
40.92709075,-81.32705174,OH1P-2292601-461380-2292595-461165,404.1296,A
40.92709204,-81.33354872,T15463_Secondary,407.2026,
40.92710603,-81.31782395,OHSEC1P-2295150-461420-2295305-461445,414.1224,ABC
40.92712265,-81.37568016,T15082_Secondary,407.262,
40.92716133,-81.37068529,OH1P-2280544-461247-2280586-462424,404.189,A
40.92716543,-81.30236967,T15578_Secondary,407.4812,
40.92716954,-81.31726071,OH1P-2295305-461445-2295289-461331,404.2915,B
40.92720328,-81.40600454,T14823_Secondary,407.3062,
40.92722807,-81.32534434,OH3P-2293072-461436-2292657-462575,406.3374,ABC
40.92722807,-81.32534434,OH3P-2293072-461436-2293017-461435,406.3476,ABC
40.9272454,-81.32062475,OHSEC1P-2294376-461460-2294516-461687,414.1182,ABC
40.92725582,-81.30256972,OH3P-2299364-461532-2299079-460822,406.5305,ABC
40.92727112,-81.31968424,OHSEC1P-2294635-461473-2294516-461687,414.1185,ABC
40.92727672,-81.37579399,OH1P-2279132-461270-2279116-459780,404.1894,A
40.92727672,-81.37579399,OH1P-2279132-461270-2280544-461247,404.1889,A
40.92728159,-81.41943676,T14809_Secondary,407.3048,
40.9273381,-81.31879297,OHSEC1P-2294881-461501-2294516-461687,414.118,ABC
40.92734613,-81.31725756,T15607_Secondary,407.4925,
40.927349,-81.39454682,OH1P-2273951-461230-2273604-461263,404.1567,A
40.927349,-81.39454682,OH1P-2273951-461230-2274261-461244,404.1561,A
40.92741378,-81.40180757,T15000_Secondary,407.2566,
40.92746559,-81.34269121,T15351_Secondary,407.1916,
40.92749336,-81.31781392,OHSEC1P-2295151-461561-2295305-461445,414.1225,ABC
40.9274978,-81.39325763,T15095_Secondary,407.2258,
40.92749815,-81.35987152,T15110_Secondary,407.2272,
40.92750045,-81.36010436,OH1P-2283466-461408-2283722-461645,404.1585,C
40.92751356,-81.34291532,OH3P-2288215-461475-2288453-462687,406.3348,ABC
40.92751631,-81.40736971,T14819_Secondary,407.3058,
40.92751761,-81.32061763,OHSEC1P-2294376-461559-2294516-461687,414.1183,ABC
40.92752848,-81.39799254,T15006_Secondary,407.2572,
40.92759356,-81.31977661,OHSEC1P-2294608-461590-2294516-461687,414.1184,ABC
40.92765005,-81.32164968,OHSEC1P-2294090-461604-2294516-461687,414.1181,ABC
40.92773764,-81.3849154,OH1P-2276610-461406-2279132-461270,404.1893,A
40.92778553,-81.38513955,T15087_Secondary,407.2625,
40.92779028,-81.32064442,OHSEC1P-2294367-461659-2294516-461687,414.1186,ABC
40.92783742,-81.3332483,OH1P-2290885-461629-2290613-462541,404.1305,A
40.92791817,-81.39578221,OH1P-2273607-461433-2273604-461263,404.1568,A
40.92792522,-81.40262264,OH3P-2271717-461412-2271739-461695,406.3951,ABC
40.92792632,-81.30215404,OH3P-2299475-461778-2299364-461532,406.533,ABC
40.92794977,-81.31990049,T15601_Secondary,407.4919,
40.92797047,-81.40174246,T15001_Secondary,407.2567,
40.92798348,-81.32804953,OH1P-2292320-461702-2292044-461971,404.1303,A
40.92799225,-81.41782721,T14810_Secondary,407.3049,
40.92800883,-81.40955449,T14818_Secondary,407.3057,
40.92801539,-81.40014802,OH1P-2272400-461454-2272402-461677,404.1838,C
40.92801539,-81.40014802,OH1P-2272400-461454-2272966-461228,404.1839,C
40.92803128,-81.32083166,OHSEC1P-2294314-461746-2294516-461687,414.1187,ABC
40.9280378,-81.40283935,OH3P-2271656-461452-2271424-461196,406.4082,ABC
40.92804889,-81.31931191,OHSEC3P-2294734-461758-2295038-462235,416.1227,ABC
40.92805894,-81.39992235,T15003_Secondary,407.2569,
40.92808933,-81.39583963,T15094_Secondary,407.2257,
40.92813929,-81.35893409,T15111_Secondary,407.2273,
40.9281416,-81.35916693,OH1P-2283722-461645-2283739-461968,404.1586,C
40.92815082,-81.31861527,OHSEC3P-2294926-461798-2295038-462235,416.1226,ABC
40.92815085,-81.4155028,T14812_Secondary,407.305,
40.92815344,-81.32798625,T15464_Secondary,407.2027,
40.92821842,-81.30683656,OH1P-2298180-461867-2297496-461915,404.2814,B
40.92821842,-81.30683656,OH1P-2298180-461867-2298237-462478,404.2816,B
40.92827389,-81.40384535,T14829_Secondary,407.3068,
40.92827687,-81.32104886,OHSEC1P-2294253-461834-2294307-462032,414.1191,ABC
40.9282812,-81.33085913,T15467_Secondary,407.203,
40.92829656,-81.41300886,T14814_Secondary,407.3054,
40.92830974,-81.40514429,T14827_Secondary,407.3066,
40.92832461,-81.33063341,OH1P-2291605-461816-2292044-461971,404.1304,A
40.92844404,-81.39736924,T15007_Secondary,407.2573,
40.92844947,-81.40787315,T14821_Secondary,407.306,
40.9284551,-81.39096223,T15025_Secondary,407.2589,
40.92849223,-81.32005584,OHSEC1P-2294527-461917-2294307-462032,414.1192,ABC
40.92850456,-81.3186597,OHSEC3P-2294912-461926-2295038-462235,416.1225,ABC
40.92851395,-81.32132836,OHSEC1P-2294175-461920-2294307-462032,414.119,ABC
40.92854736,-81.31085261,OH1P-2297069-461971-2297215-462561,404.2815,B
40.92854736,-81.31085261,OH1P-2297069-461971-2297496-461915,404.2813,B
40.92857685,-81.39294827,T15019_Secondary,407.25,
40.92862509,-81.39089912,OH1P-2274953-461708-2274970-462287,404.1864,B
40.92862764,-81.40013163,OH1P-2272402-461677-2272843-461704,404.184,C
40.92865002,-81.41737865,T14811_Secondary,407.3051,
40.92868655,-81.39853196,OH1P-2272843-461704-2273110-461652,404.1841,C
40.92870253,-81.40108452,OH1P-2272138-461701-2271831-461696,404.1834,C
40.92870253,-81.40108452,OH1P-2272138-461701-2271927-461487,404.1835,C
40.92870253,-81.40108452,OH1P-2272138-461701-2272157-461920,404.1837,C
40.92870253,-81.40108452,OH1P-2272138-461701-2272402-461677,404.1836,C
40.92871627,-81.32165419,OHSEC1P-2294084-461992-2294307-462032,414.1188,ABC
40.92872807,-81.40283782,OH3P-2271653-461704-2271656-461452,406.4051,ABC
40.92873396,-81.32903564,OH1P-2292044-461971-2292355-462123,404.1301,A
40.92874801,-81.39300568,OH1P-2274370-461746-2274331-462341,404.1843,C
40.92875968,-81.32025752,OHSEC1P-2294470-462013-2294307-462032,414.1189,ABC
40.92877333,-81.41138955,T14816_Secondary,407.3055,
40.92881603,-81.32084448,OH1P-2294307-462032-2294516-461687,404.2911,C
40.92884662,-81.31910364,OHSEC3P-2294788-462049-2295038-462235,416.1224,ABC
40.92886315,-81.39852903,T15005_Secondary,407.2571,
40.92888149,-81.32235997,OHSEC1P-2293888-462050-2293933-462209,414.1195,ABC
40.92888562,-81.32199471,OHSEC1P-2293989-462053-2293933-462209,414.1196,ABC
40.92892898,-81.4132251,T14813_Secondary,407.3052,
40.92896777,-81.32072534,T15602_Secondary,407.492,
40.92899493,-81.32054012,OHSEC1P-2294390-462098-2294307-462032,414.1194,ABC
40.92900377,-81.40970515,T14817_Secondary,407.3056,
40.92904764,-81.40422093,T14826_Secondary,407.3065,
40.92907178,-81.35886349,T15112_Secondary,407.2274,
40.92909444,-81.32645422,OH1P-2292756-462112-2292355-462123,404.1302,A
40.92912373,-81.40589428,T14822_Secondary,407.3061,
40.92918536,-81.31912188,OHSEC3P-2294781-462173-2295038-462235,416.1223,ABC
40.92921662,-81.32082962,OHSEC1P-2294309-462178-2294307-462032,414.1193,ABC
40.9292455,-81.35458685,OH1P-2284982-462064-2284979-461022,404.1579,C
40.92927104,-81.3264511,T15465_Secondary,407.2028,
40.92928103,-81.40174454,OH1P-2271953-461909-2272138-461701,404.1833,C
40.92930375,-81.40100745,OH1P-2272157-461920-2272167-462136,404.1842,C
40.92930597,-81.4012403,T15004_Secondary,407.257,
40.92931029,-81.32796271,T15466_Secondary,407.2029,
40.92931699,-81.32219071,OH1P-2293933-462209-2294307-462032,404.2912,C
40.92933516,-81.30036767,OH3P-2299962-462298-2299475-461778,406.5306,ABC
40.92933516,-81.30036767,OH3P-2299962-462298-2300182-462518,406.5375,ABC
40.92934677,-81.31819036,OH3P-2295038-462235-2295029-461342,406.5405,ABC
40.92934677,-81.31819036,OH3P-2295038-462235-2295061-462682,406.5444,ABC
40.92934917,-81.31842321,T15576_Secondary,409.2604,
40.929365,-81.32241482,T15603_Secondary,407.4921,
40.9293802,-81.4078417,T14820_Secondary,407.3059,
40.9294221,-81.3545838,T15109_Secondary,407.2271,
40.92944499,-81.32114301,OHSEC1P-2294221-462260-2293933-462209,414.12,ABC
40.92945218,-81.40180198,T15002_Secondary,407.2568,
40.92956986,-81.3215126,OHSEC1P-2294119-462304-2293933-462209,414.1199,ABC
40.9296192,-81.3196472,OHSEC3P-2294634-462329-2295038-462235,416.1222,ABC
40.92961928,-81.32192329,OHSEC1P-2294005-462320-2293933-462209,414.1198,ABC
40.92963947,-81.32231554,OHSEC1P-2293897-462326-2293933-462209,414.1197,ABC
40.9297804,-81.41237089,T14815_Secondary,407.3053,
40.92989328,-81.30636944,T15620_Secondary,407.484,
40.9298957,-81.30660229,OH1P-2298237-462478-2298382-463843,404.2818,B
40.929927,-81.32898537,OH1P-2292052-462406-2292271-462543,404.1308,A
40.92993212,-81.29956195,OH3P-2300182-462518-2300432-462633,406.5374,ABC
40.92999602,-81.39777415,T15009_Secondary,407.2576,
40.93004877,-81.4008409,T15008_Secondary,407.2574,
40.93016048,-81.3102964,OH1P-2297215-462561-2297516-464041,404.2817,B
40.93017101,-81.39103462,T15024_Secondary,407.2588,
40.93018739,-81.31847903,OHSEC1P-2294954-462540-2294687-462663,414.1216,ABC
40.93018976,-81.31976443,OHSEC1P-2294599-462536-2294687-462663,414.1213,ABC
40.93019715,-81.31884872,OHSEC1P-2294852-462542-2294687-462663,414.1215,ABC
40.93020776,-81.31921165,OHSEC1P-2294751-462545-2294687-462663,414.1214,ABC
40.93023819,-81.29865113,OH3P-2300432-462633-2300898-462764,406.5331,ABC
40.93025086,-81.31049647,T15619_Secondary,407.4839,
40.93026677,-81.31547417,OHSEC3P-2295784-462580-2295038-462235,416.1228,ABC
40.93029619,-81.32818777,OH1P-2292271-462543-2292503-462511,404.1307,A
40.93032196,-81.32705913,OH3P-2292583-462557-2292657-462575,406.3477,ABC
40.93034026,-81.39334459,T15020_Secondary,407.2585,
40.93036442,-81.31950317,T15605_Secondary,407.4923,
40.93036513,-81.3236847,OHSEC1P-2293515-462585-2293933-462209,414.1202,ABC
40.93036875,-81.32678747,OH3P-2292657-462575-2292416-463098,406.3373,ABC
40.93038888,-81.36058614,OH1P-2283319-462459-2283714-462472,404.1587,C
40.93039054,-81.36091877,OH3P-2283227-462458-2283185-461059,406.3666,ABC
40.93039272,-81.37048023,OH1P-2280586-462424-2280625-463858,404.1888,A
40.93039897,-81.33441165,T15468_Secondary,407.2031,
40.93040233,-81.29696166,T15579_Secondary,407.4813,
40.93043621,-81.37025453,T15081_Secondary,407.2619,
40.93046738,-81.32824502,T15470_Secondary,407.2033,
40.9305131,-81.32011681,OHSEC1P-2294500-462653-2294687-462663,414.1212,ABC
40.93053437,-81.31943987,OH1P-2294687-462663-2294664-462926,404.2914,B
40.93054696,-81.40955604,T14830_Secondary,407.3069,
40.93055881,-81.31833627,OH3P-2294991-462676-2295061-462682,406.5442,ABC
40.93056059,-81.3186689,OH1P-2294900-462675-2294687-462663,404.2913,B
40.93056207,-81.35903997,T15118_Secondary,407.2275,
40.93057405,-81.31808597,OH3P-2295061-462682-2295046-463531,406.5443,ABC
40.93066046,-81.32985105,OH1P-2291810-462670-2292052-462406,404.1306,A
40.93073591,-81.39608293,T15012_Secondary,407.2579,
40.93074106,-81.34179737,T15352_Secondary,407.19,
40.93080124,-81.41146445,T14831_Secondary,407.307,
40.93080184,-81.32121842,OHSEC1P-2294194-462754-2294687-462663,414.1211,ABC
40.93083138,-81.34199748,OH3P-2288453-462687-2288799-463328,406.3349,ABC
40.93083705,-81.32984793,T15469_Secondary,407.2032,
40.9308478,-81.29530043,OH3P-2301354-462868-2300898-462764,406.5307,ABC
40.93087634,-81.3184528,OHSEC1P-2294958-462791-2294664-462926,414.1209,ABC
40.93088277,-81.31882262,OHSEC1P-2294855-462792-2294664-462926,414.1208,ABC
40.93088996,-81.39619681,OH1P-2273478-462515-2273273-462508,404.1854,C
40.93088996,-81.39619681,OH1P-2273478-462515-2274023-462680,404.1848,C
40.93089943,-81.39749158,OH1P-2273121-462514-2273109-462167,404.185,C
40.93089943,-81.39749158,OH1P-2273121-462514-2273129-462925,404.1844,C
40.93089943,-81.39749158,OH1P-2273121-462514-2273181-462507,404.1847,C
40.93090112,-81.3192414,OHSEC1P-2294740-462797-2294664-462926,414.1204,ABC
40.93097575,-81.32007612,OHSEC1P-2294509-462821-2294664-462926,414.1205,ABC
40.93098456,-81.40347773,T14878_Secondary,407.3083,
40.93102651,-81.27851651,T15732_Secondary,407.4861,
40.9311145,-81.27262237,OH3P-2307618-463053-2307348-463064,406.5335,ABC
40.93112642,-81.32976002,T15471_Secondary,407.2034,
40.93115575,-81.27360094,OH3P-2307348-463064-2305991-463062,406.537,ABC
40.9312031,-81.27851326,OH3P-2305991-463062-2305662-463079,406.5372,ABC
40.93126169,-81.27970291,OH3P-2305662-463079-2305654-463160,406.5371,ABC
40.93127927,-81.39003214,T15023_Secondary,407.2587,
40.93127965,-81.33134691,OH1P-2291393-462890-2291816-462902,404.1309,A
40.93128011,-81.39077962,OH1P-2274973-462676-2274970-462287,404.1862,B
40.93128011,-81.39077962,OH1P-2274973-462676-2275118-462661,404.1863,B
40.93131799,-81.39143268,OH1P-2274793-462687-2274973-462676,404.1861,B
40.93132428,-81.39421807,OH1P-2274023-462680-2274331-462341,404.1849,C
40.93132625,-81.40142735,T15010_Secondary,407.2577,
40.93133234,-81.27359767,T15583_Secondary,407.4817,
40.93136073,-81.41503807,T14834_Secondary,407.3073,
40.93138322,-81.28163274,OH3P-2305128-463116-2305662-463079,406.5334,ABC
40.931423,-81.29063609,T15580_Secondary,407.4814,
40.93142851,-81.31956747,T15604_Secondary,407.4922,
40.93145237,-81.35859978,OH1P-2283863-462853-2283327-462853,404.1588,C
40.93146527,-81.31847455,OHSEC1P-2294949-463006-2294664-462926,414.1203,ABC
40.9314698,-81.3913137,T15022_Secondary,407.2586,
40.93147272,-81.36087399,OH3P-2283235-462852-2283227-462458,406.3665,ABC
40.9314761,-81.39409909,T15018_Secondary,407.2583,
40.93147788,-81.37618897,T15079_Secondary,407.2617,
40.93148404,-81.32001874,OHSEC1P-2294522-463007-2294664-462926,414.1206,ABC
40.93148932,-81.31919722,OHSEC1P-2294749-463012-2294664-462926,414.1207,ABC
40.93149037,-81.28579243,OH3P-2303978-463139-2303334-463150,406.5376,ABC
40.93149037,-81.28579243,OH3P-2303978-463139-2305128-463116,406.5333,ABC
40.93149584,-81.35837407,T15119_Secondary,407.2276,
40.9315115,-81.41269644,T14832_Secondary,407.3071,
40.93152672,-81.33109032,OH1P-2291463-462981-2291393-462890,404.131,A
40.93154813,-81.28842332,OH3P-2303251-463150-2302640-463160,406.5309,ABC
40.93155981,-81.2816295,T15582_Secondary,407.4816,
40.93160535,-81.40560908,T14861_Secondary,407.308,
40.93165447,-81.37618598,OH1P-2279003-462864-2278340-463537,404.1886,A
40.93165447,-81.37618598,OH1P-2279003-462864-2280177-463157,404.1887,A
40.93166696,-81.2857892,T15581_Secondary,407.4815,
40.93169516,-81.29267397,OH3P-2302076-463187-2301354-462868,406.5308,ABC
40.93169516,-81.29267397,OH3P-2302076-463187-2302640-463160,406.5332,ABC
40.9317322,-81.40264954,OH3P-2271692-462799-2271653-461704,406.4004,ABC
40.93173751,-81.27972503,OH1P-2305653-463252-2305717-463648,404.2837,B
40.93176993,-81.331002,OH3P-2291486-463070-2291497-463139,406.3478,ABC
40.93178686,-81.32093823,OHSEC1P-2294267-463114-2294664-462926,414.121,ABC
40.93181408,-81.32763622,OH3P-2292416-463098-2291497-463139,406.3372,ABC
40.93182196,-81.40862492,T14860_Secondary,407.3079,
40.93188708,-81.39885302,T15011_Secondary,407.2578,
40.93194714,-81.39250587,OH1P-2274493-462913-2274793-462687,404.186,B
40.93195997,-81.33095842,OH3P-2291497-463139-2290972-463679,406.3371,ABC
40.93199068,-81.39228018,T15021_Secondary,407.2584,
40.93200118,-81.410157,T14838_Secondary,407.3077,
40.93200593,-81.29280096,OH3P-2302039-463300-2302076-463187,406.5369,ABC
40.9320527,-81.41109885,T14833_Secondary,407.3072,
40.93205823,-81.39891046,OH1P-2272723-462931-2271965-462948,404.1845,C
40.93205823,-81.39891046,OH1P-2272723-462931-2273129-462925,404.1853,C
40.93209295,-81.36089153,OH3P-2283227-463078-2283235-462852,406.3667,ABC
40.93209526,-81.36112439,T15105_Secondary,407.2268,
40.93212023,-81.40378571,T14863_Secondary,407.3082,
40.93213123,-81.40165558,OH1P-2271965-462948-2271872-462957,404.1851,C
40.93213123,-81.40165558,OH1P-2271965-462948-2272015-462717,404.1852,C
40.93213123,-81.40165558,OH1P-2271965-462948-2272028-463279,404.1855,C
40.93216001,-81.40232245,OH3P-2271780-462956-2271739-461695,406.3953,ABC
40.93219487,-81.33332433,T15472_Secondary,407.2035,
40.93225007,-81.2928847,OH1P-2302015-463388-2301941-464016,404.2836,A
40.93226326,-81.37180978,T15080_Secondary,407.2618,
40.93228664,-81.32039159,OHSEC1P-2294415-463298-2294664-462926,414.1236,ABC
40.93228709,-81.39304865,OH1P-2274342-463035-2274493-462913,404.1859,B
40.93231807,-81.33315747,OH1P-2290888-463262-2291393-462890,404.1311,A
40.93235197,-81.34797909,T15547_Secondary,407.2101,
40.93248528,-81.34051353,T15353_Secondary,407.1917,
40.93252194,-81.34791586,OH1P-2286810-463282-2286895-463807,404.1395,B
40.93255432,-81.39757624,T15015_Secondary,407.2582,
40.93257561,-81.34071365,OH3P-2288799-463328-2289021-463723,406.335,ABC
40.93259178,-81.39279792,OH1P-2274410-463147-2274342-463035,404.1858,B
40.93259786,-81.39735055,OH1P-2273152-463133-2273155-463538,404.18,B
40.93259786,-81.39735055,OH1P-2273152-463133-2273657-463143,404.1846,B
40.93260771,-81.39552276,OH1P-2273657-463143-2274410-463147,404.1857,B
40.93271475,-81.40612427,T14862_Secondary,407.3081,
40.93275953,-81.39540379,T15016_Secondary,407.2565,
40.93276017,-81.40824494,T14864_Secondary,407.3084,
40.93276837,-81.39279498,T15017_Secondary,407.2575,
40.93279547,-81.32020033,OHSEC1P-2294465-463484-2294664-462926,414.1237,ABC
40.93281996,-81.27923999,T15731_Secondary,407.486,
40.93284471,-81.39911192,T15014_Secondary,407.2581,
40.93286684,-81.40135232,T15013_Secondary,407.258,
40.93297673,-81.41260703,T14836_Secondary,407.3075,
40.93303799,-81.40140976,OH1P-2272028-463279-2272600-463217,404.1856,C
40.93325077,-81.36073392,OH3P-2283265-463501-2283227-463078,406.3662,ABC
40.93325467,-81.33120399,T15476_Secondary,407.2039,
40.93330272,-81.32754537,T15475_Secondary,407.2038,
40.933309,-81.36051406,T15120_Secondary,407.2277,
40.93332107,-81.36074159,OH3P-2283262-463526-2283265-463501,406.3668,ABC
40.93334646,-81.27221969,T15584_Secondary,407.4818,
40.93334895,-81.27245255,OH3P-2307654-463867-2307618-463053,406.531,ABC
40.93334895,-81.27245255,OH3P-2307654-463867-2307670-464689,406.5336,ABC
40.9333695,-81.33474122,T15473_Secondary,407.2036,
40.93342463,-81.33114071,OH1P-2291440-463672-2292369-463641,404.1315,A
40.93346148,-81.33283264,OH3P-2290972-463679-2290621-464703,406.337,ABC
40.93346794,-81.33203468,OH1P-2291193-463685-2291440-463672,404.1314,A
40.93346968,-81.33236733,OH3P-2291101-463684-2290972-463679,406.3479,ABC
40.93347829,-81.33305464,OH3P-2290911-463685-2290972-463679,406.348,ABC
40.93348298,-81.37878114,T15078_Secondary,407.2616,
40.93349104,-81.4110173,T14837_Secondary,407.3076,
40.93354069,-81.33479849,OH1P-2290429-463701-2289918-464636,404.1312,A
40.93354069,-81.33479849,OH1P-2290429-463701-2290819-463684,404.1313,A
40.93357979,-81.34368769,T15531_Secondary,407.209,
40.93363355,-81.30577729,T15622_Secondary,407.4842,
40.93363596,-81.30601015,OH1P-2298382-463843-2298508-465085,404.282,B
40.93365134,-81.33989325,OH3P-2289021-463723-2289150-463959,406.3482,ABC
40.93370212,-81.27655602,T15733_Secondary,407.4862,
40.93370459,-81.27678888,OH1P-2306454-463980-2305725-464045,404.2839,B
40.93374976,-81.34362444,OH1P-2287989-463745-2286895-463807,404.1394,B
40.93374976,-81.34362444,OH1P-2287989-463745-2288550-463759,404.1393,B
40.93377813,-81.39082517,OH3P-2274949-463586-2273764-463604,406.3956,ABC
40.93386915,-81.39511401,OH3P-2273764-463604-2273154-463630,406.3957,ABC
40.93387127,-81.41566495,T14835_Secondary,407.3074,
40.9339095,-81.27942293,OH1P-2305725-464045-2305460-464109,404.284,B
40.9339095,-81.27942293,OH1P-2305725-464045-2305717-463648,404.2838,B
40.9339617,-81.39731841,OH3P-2273154-463630-2271793-463659,406.3955,ABC
40.93397418,-81.29288806,T15730_Secondary,407.4859,
40.93397662,-81.29312092,OH1P-2301941-464016-2301961-464563,404.2852,A
40.9340293,-81.31348119,OHSEC1P-2296316-463958-2296500-464502,414.1785,ABC
40.93408817,-81.40224349,OH3P-2271793-463659-2271780-462956,406.3952,ABC
40.93408941,-81.4025391,OH3P-2271711-463658-2271692-462799,406.4088,ABC
40.9340965,-81.28038147,OH1P-2305460-464109-2304850-464104,404.2841,B
40.9341202,-81.28665187,T15736_Secondary,407.4865,
40.93419216,-81.33922662,T11016_Secondary,407.1906,
40.93421099,-81.30913126,OH1P-2297516-464041-2297859-465595,404.2819,B
40.93424403,-81.30936003,T15621_Secondary,407.4841,
40.9342494,-81.36070061,OH3P-2283269-463865-2283262-463601,406.363,ABC
40.93427309,-81.28037822,T15734_Secondary,407.4863,
40.93427872,-81.31174011,OHSEC1P-2296795-464056-2296500-464502,414.1788,ABC
40.93428407,-81.28258625,T15735_Secondary,407.4864,
40.93429679,-81.28664864,OH1P-2303727-464158-2304850-464104,404.2842,B
40.93435866,-81.40353212,T14866_Secondary,407.3086,
40.9343665,-81.3319382,T15477_Secondary,407.204,
40.93438032,-81.36386995,OH3P-2282393-463901-2283269-463865,406.3629,ABC
40.93438648,-81.40998634,T14865_Secondary,407.3085,
40.93440526,-81.36481529,OH3P-2282132-463907-2280601-463946,406.3941,ABC
40.93440526,-81.36481529,OH3P-2282132-463907-2282318-463899,406.3964,ABC
40.93446752,-81.37419989,T15043_Secondary,407.2604,
40.93451498,-81.39389511,OH1P-2274098-463843-2274718-463823,404.1871,C
40.93452386,-81.37854181,OH1P-2278339-463901-2278340-463537,404.1885,A
40.93453983,-81.41131118,T14839_Secondary,407.3078,
40.9345431,-81.33193509,OH1P-2291215-464077-2291243-464709,404.1318,A
40.93456857,-81.37035353,OH3P-2280601-463946-2280465-463950,406.3954,ABC
40.93457524,-81.3647521,T15042_Secondary,407.2603,
40.93458994,-81.39153309,T15028_Secondary,407.2592,
40.93459269,-81.39508156,OH1P-2273769-463867-2273763-463696,404.1869,C
40.93459269,-81.39508156,OH1P-2273769-463867-2273790-464089,404.1872,C
40.93459269,-81.39508156,OH1P-2273769-463867-2274098-463843,404.187,C
40.93462334,-81.31814708,OH3P-2295024-464157-2294980-464995,406.5477,ABC
40.93462334,-81.31814708,OH3P-2295024-464157-2295046-463531,406.5416,ABC
40.93462574,-81.31837995,OHSEC3P-2295024-464157-2294451-463850,416.12,ABC
40.93462574,-81.31837995,OHSEC3P-2295024-464157-2294452-464967,416.1202,ABC
40.93462574,-81.31837995,OHSEC3P-2295024-464157-2295425-464121,416.1201,ABC
40.93462574,-81.31837995,T14500_Secondary,409.26,
40.93464411,-81.37419689,OH3P-2279539-463960-2278315-463989,406.3982,ABC
40.93464411,-81.37419689,OH3P-2279539-463960-2280465-463950,406.3965,ABC
40.93466407,-81.3889634,T11001_Secondary,409.1601,
40.93466679,-81.39377613,T15027_Secondary,407.2591,
40.93476042,-81.37084298,T11003_Secondary,407.2542,
40.93476794,-81.37862587,OH3P-2278315-463989-2278267-464000,406.3983,ABC
40.93479053,-81.38912598,OH3P-2275414-463960-2274949-463586,406.394,ABC
40.93480318,-81.37906848,OH3P-2278192-464001-2277954-464011,406.3939,ABC
40.93483998,-81.37992922,OH3P-2277954-464011-2277584-464037,406.3938,ABC
40.93491147,-81.31166711,OHSEC1P-2296812-464287-2296500-464502,414.1789,ABC
40.93492806,-81.3931815,T15031_Secondary,407.2595,
40.93493121,-81.38208231,OH3P-2277359-464037-2276811-464053,406.3984,ABC
40.93493121,-81.38208231,OH3P-2277359-464037-2277509-464038,406.3963,ABC
40.93499465,-81.38406354,OH3P-2276811-464053-2275414-463960,406.39,ABC
40.9350101,-81.36065178,OH3P-2283279-464142-2283269-463865,406.3631,ABC
40.9351012,-81.38201916,T15041_Secondary,409.1606,
40.93519971,-81.39499855,OH1P-2273790-464089-2274293-464061,404.1875,C
40.935276,-81.40034078,T15030_Secondary,407.2594,
40.93531007,-81.39695582,OH1P-2273248-464122-2273790-464089,404.1873,C
40.93533615,-81.31162198,OHSEC1P-2296823-464441-2296500-464502,414.1784,ABC
40.93534193,-81.40962736,T14867_Secondary,407.3087,
40.935342,-81.31273116,T15715_Secondary,407.5011,
40.9353993,-81.40017404,OH1P-2272359-464143-2273248-464122,404.1874,C
40.93541986,-81.36065058,OH3P-2283278-464291-2283279-464217,406.3669,ABC
40.93541986,-81.36065058,OH3P-2283278-464291-2283295-464784,406.3733,ABC
40.93546188,-81.39683684,T15029_Secondary,407.2593,
40.93547491,-81.292788,T15745_Secondary,407.4874,
40.93547735,-81.29302087,OH1P-2301961-464563-2301586-465168,404.2853,A
40.9355132,-81.31278838,OH1P-2296500-464502-2296531-465300,404.3036,A
40.9355431,-81.36048377,T15121_Secondary,407.2278,
40.93559985,-81.41487197,T14868_Secondary,407.3088,
40.93560237,-81.27235268,OH3P-2307670-464689-2307690-465295,406.5337,ABC
40.93560486,-81.27258555,T15585_Secondary,407.4819,
40.93567609,-81.33955378,T15549_Secondary,407.2103,
40.93576664,-81.32468578,OHSEC1P-2293212-464549-2292869-465344,414.1241,ABC
40.93577994,-81.34166423,T15530_Secondary,407.2089,
40.93583728,-81.31168123,OHSEC1P-2296804-464624-2296500-464502,414.1782,ABC
40.93585268,-81.33955069,OH1P-2289105-464526-2288860-464544,404.1387,B
40.93590616,-81.41212283,T14869_Secondary,407.3089,
40.93591128,-81.34043657,OH1P-2288860-464544-2288553-464547,404.1391,B
40.93591541,-81.31399482,OHSEC1P-2296164-464644-2296500-464502,414.1786,ABC
40.93592837,-81.33873169,OH3P-2289331-464556-2289150-463959,406.3324,ABC
40.93592837,-81.33873169,OH3P-2289331-464556-2289442-465037,406.3364,ABC
40.93593009,-81.33906435,OH1P-2289239-464556-2289105-464526,404.1386,B
40.9359317,-81.34154512,OH1P-2288553-464547-2288550-463759,404.1392,B
40.93595813,-81.4044694,T14874_Secondary,407.3094,
40.93596941,-81.40151489,T10604_Secondary,407.2818,
40.93611346,-81.40769517,T14873_Secondary,407.3093,
40.93616108,-81.40222467,OH3P-2271789-464414-2271711-463658,406.409,ABC
40.93620958,-81.34733305,T15548_Secondary,407.2102,
40.93625256,-81.33257883,OH1P-2291029-464697-2291243-464709,404.1317,A
40.93625754,-81.34755719,OH1P-2286891-464644-2286646-464653,404.1397,B
40.93625754,-81.34755719,OH1P-2286891-464644-2286895-463807,404.1396,B
40.936277,-81.33180232,OH1P-2291243-464709-2291093-465701,404.1319,A
40.9362785,-81.3334716,OH1P-2290782-464703-2291029-464697,404.1316,A
40.93628405,-81.33405285,OH3P-2290621-464703-2290690-464703,406.3481,ABC
40.9362993,-81.35149554,T15545_Secondary,407.2099,
40.9363033,-81.33659686,T15474_Secondary,407.2037,
40.93638546,-81.31164908,OHSEC1P-2296810-464824-2296500-464502,414.1783,ABC
40.93642916,-81.33257572,T15478_Secondary,407.2041,
40.93646359,-81.31396272,OHSEC1P-2296171-464843-2296500-464502,414.1787,ABC
40.93646927,-81.35143231,OH1P-2285819-464707-2286646-464653,404.1398,B
40.93649691,-81.40955647,T14870_Secondary,407.309,
40.93678802,-81.37983231,OH3P-2277972-464721-2277954-464011,406.3937,ABC
40.93692379,-81.31826421,OH3P-2294980-464995-2294918-466296,406.5441,ABC
40.93693363,-81.31161694,OHSEC1P-2296816-465023-2296531-465300,414.1781,ABC
40.93698998,-81.30526543,T15623_Secondary,407.4843,
40.93701177,-81.31393063,OHSEC1P-2296177-465043-2296531-465300,414.178,ABC
40.93701979,-81.41059402,T14877_Secondary,407.3097,
40.93703337,-81.29767173,T15746_Secondary,407.4875,
40.93704381,-81.34049178,T15550_Secondary,407.2104,
40.93710633,-81.39236588,T15033_Secondary,407.2596,
40.9371291,-81.39538644,OH1P-2273673-464790-2273700-465398,404.1877,A
40.9371291,-81.39538644,OH1P-2273673-464790-2274491-464855,404.1878,A
40.93715026,-81.29434555,OH1P-2301586-465168-2301502-465791,404.2857,A
40.93717696,-81.39561063,T15032_Secondary,407.252,
40.93720332,-81.29760837,OH1P-2300685-465175-2300451-465941,404.2856,A
40.93720332,-81.29760837,OH1P-2300685-465175-2301586-465168,404.2855,A
40.9372204,-81.3404887,OH1P-2288839-465020-2288868-465264,404.1388,B
40.9372645,-81.29322775,T15748_Secondary,407.4877,
40.93726551,-81.27224868,OH3P-2307690-465295-2307622-465977,406.5338,ABC
40.93726694,-81.29346063,OH1P-2301830-465214-2301586-465168,404.2854,A
40.9373083,-81.4005452,T10605_Secondary,407.2819,
40.93730881,-81.27202289,T15586_Secondary,407.482,
40.93731073,-81.33862513,OH1P-2289353-465060-2289097-465255,404.1389,B
40.93734579,-81.37955142,T15044_Secondary,407.2605,
40.93739052,-81.34851604,OH1P-2286620-465053-2286646-464653,404.1399,B
40.93739369,-81.37977559,OH3P-2277985-464942-2277972-464796,406.3966,ABC
40.93743847,-81.34874019,T15546_Secondary,407.21,
40.93748181,-81.3115848,OHSEC1P-2296822-465223-2296531-465300,414.1779,ABC
40.93753852,-81.31326384,OHSEC1P-2296358-465238-2296531-465300,414.1778,ABC
40.9375522,-81.40488762,T14872_Secondary,407.3092,
40.93755715,-81.40832607,T14871_Secondary,407.3091,
40.93755879,-81.31437555,OHSEC1P-2296051-465241-2296119-465381,414.1773,ABC
40.93763602,-81.41479621,T14875_Secondary,407.3095,
40.9376416,-81.31735768,OH3P-2295227-465260-2294980-464995,406.5486,ABC
40.9377,-81.31240445,T15714_Secondary,407.501,
40.93770241,-81.31263732,OH1P-2296531-465300-2296646-465675,404.3035,A
40.93770428,-81.3380824,OH3P-2289501-465206-2289442-465037,406.3365,ABC
40.93776484,-81.31412656,T15713_Secondary,407.5009,
40.93778383,-81.32589074,T15625_Secondary,407.4927,
40.93787539,-81.41175409,T14876_Secondary,407.3096,
40.93787733,-81.31703525,OH3P-2295315-465347-2295227-465260,406.5478,ABC
40.93788882,-81.34037275,OH1P-2288868-465264-2289097-465255,404.139,B
40.93789258,-81.40233183,OH3P-2271751-465044-2271789-464414,406.4001,ABC
40.93790448,-81.33801948,OH3P-2289518-465279-2289623-465776,406.3366,ABC
40.93793607,-81.27978597,T15739_Secondary,407.4868,
40.93794143,-81.3141234,OH1P-2296119-465381-2296138-465806,404.3031,A
40.93794216,-81.31652783,OHSEC3P-2295455-465372-2295051-466292,416.1213,ABC
40.93795135,-81.31131684,OHSEC1P-2296894-465395-2296854-465551,414.1766,ABC
40.93796042,-81.32588762,OH1P-2292869-465344-2293872-465321,404.2923,B
40.93796504,-81.31369547,OHSEC1P-2296237-465391-2296119-465381,414.1774,ABC
40.93797013,-81.31228487,OHSEC1P-2296627-465398-2296531-465300,414.1777,ABC
40.93799556,-81.31459956,OHSEC1P-2295987-465399-2296119-465381,414.1772,ABC
40.93800044,-81.31305303,OHSEC1P-2296414-465407-2296531-465300,414.1775,ABC
40.9380245,-81.28431741,T15740_Secondary,407.4869,
40.93802515,-81.32762699,OHSEC1P-2292388-465361-2292869-465344,414.124,ABC
40.93802515,-81.33947918,T15551_Secondary,407.2105,
40.93806274,-81.31175769,OHSEC1P-2296772-465434-2296854-465551,414.1762,ABC
40.93806351,-81.3108377,OHSEC1P-2297026-465438-2296854-465551,414.1764,ABC
40.93806848,-81.40444487,T10504_Secondary,407.2812,
40.93811105,-81.27545409,T15738_Secondary,407.4867,
40.93811266,-81.27978272,OH1P-2305605-465574-2304352-465589,404.2847,A
40.93820109,-81.28431417,OH1P-2304352-465589-2303004-465739,404.2848,A
40.93823785,-81.33596425,OH3P-2290084-465408-2290621-464703,406.3369,ABC
40.93824248,-81.31367628,OHSEC1P-2296241-465492-2296119-465381,414.1771,ABC
40.93826965,-81.31458352,OHSEC1P-2295990-465499-2296119-465381,414.1768,ABC
40.93828764,-81.27545083,OH1P-2306800-465655-2305605-465574,404.2846,A
40.93828764,-81.27545083,OH1P-2306800-465655-2307443-466273,404.2859,A
40.9383207,-81.31214182,OHSEC1P-2296664-465527-2296854-465551,414.1767,ABC
40.93839292,-81.31289765,OHSEC1P-2296455-465550-2296531-465300,414.1776,ABC
40.9384238,-81.41091831,T10404_Secondary,407.2803,
40.93842416,-81.31122944,T15712_Secondary,407.5008,
40.93848858,-81.289191,T15741_Secondary,407.487,
40.93849622,-81.30804464,T15624_Secondary,407.4844,
40.93852396,-81.31367666,OHSEC1P-2296239-465595-2296119-465381,414.177,ABC
40.93854374,-81.31456747,OHSEC1P-2295993-465599-2296119-465381,414.1769,ABC
40.93855424,-81.36051789,OH3P-2283299-465433-2283295-464784,406.3636,ABC
40.93855655,-81.36075077,T11004_Secondary,407.2219,
40.9385938,-81.31080741,OHSEC1P-2297032-465631-2296854-465551,414.1765,ABC
40.93860905,-81.38714834,T15039_Secondary,407.2601,
40.9386454,-81.40668452,T15595_Secondary,407.2809,
40.93867983,-81.32830341,OHSEC1P-2292198-465597-2292869-465344,414.1239,ABC
40.9386917,-81.40075539,T10606_Secondary,407.282,
40.93869733,-81.41288128,T10403_Secondary,407.2802,
40.93872853,-81.31219988,OH1P-2296646-465675-2296644-465925,404.3033,A
40.93872853,-81.31219988,OH1P-2296646-465675-2296854-465551,404.3034,A
40.93873164,-81.31129653,OHSEC1P-2296896-465680-2296854-465551,414.1761,ABC
40.93875606,-81.31320565,OHSEC1P-2296368-465681-2296456-465854,414.1748,ABC
40.93877905,-81.38708521,OH1P-2275959-465421-2275838-465446,404.1881,A
40.93877905,-81.38708521,OH1P-2275959-465421-2276757-466126,404.1882,A
40.93881171,-81.40962531,T10406_Secondary,407.2804,
40.93881725,-81.31182663,OHSEC1P-2296749-465709-2296854-465551,414.1763,ABC
40.93882495,-81.31370058,OHSEC1P-2296231-465705-2296024-465809,414.1758,ABC
40.93883379,-81.38822263,OH1P-2275645-465437-2275746-465445,404.188,A
40.93883379,-81.38822263,OH3P-2275645-465437-2275292-465463,406.3961,ABC
40.93884154,-81.314552,OHSEC1P-2295996-465707-2296024-465809,414.1755,ABC
40.93884775,-81.31293675,OHSEC1P-2296442-465716-2296456-465854,414.174,ABC
40.93887293,-81.32871399,OHSEC1P-2292084-465666-2292869-465344,414.1238,ABC
40.93891929,-81.38949662,OH3P-2275292-465463-2274713-465485,406.3962,ABC
40.93894153,-81.31259608,OHSEC1P-2296536-465751-2296456-465854,414.1742,ABC
40.93898671,-81.29445472,T15749_Secondary,407.4878,
40.93900013,-81.39159345,OH3P-2274713-465485-2273676-465486,406.3958,ABC
40.93903885,-81.39534502,OH3P-2273676-465486-2273201-465515,406.3959,ABC
40.93905448,-81.31282397,T15709_Secondary,407.5005,
40.93905559,-81.32401434,OHSEC1P-2293381-465750-2293236-466327,414.1269,ABC
40.93907615,-81.31467241,T15711_Secondary,407.5007,
40.93907658,-81.32793532,OHSEC1P-2292298-465743-2292101-466090,414.1253,ABC
40.93910492,-81.32265383,OHSEC1P-2293757-465773-2293852-465876,414.125,ABC
40.93910504,-81.40454084,T10505_Secondary,407.2811,
40.93910818,-81.31403471,OH1P-2296138-465806-2296456-465854,404.303,A
40.93911954,-81.31444665,OH1P-2296024-465809-2296138-465806,404.3032,A
40.93912581,-81.31126755,OHSEC1P-2296902-465823-2296644-465925,414.1752,ABC
40.93913197,-81.39923861,OH3P-2272600-465507-2272256-465525,406.4017,ABC
40.93913197,-81.39923861,OH3P-2272600-465507-2272612-466125,406.4019,ABC
40.93913447,-81.39706193,OH3P-2273201-465515-2272675-465507,406.396,ABC
40.93913999,-81.27246191,OH3P-2307622-465977-2307585-466359,406.5339,ABC
40.93914247,-81.27269479,T15587_Secondary,407.4821,
40.93917463,-81.33223281,T15479_Secondary,407.2042,
40.93917672,-81.3915905,T15034_Secondary,407.2597,
40.93919459,-81.40048467,OH3P-2272256-465525-2271733-465531,406.4018,ABC
40.93922925,-81.40264744,OH3P-2271658-465530-2271751-465044,406.4013,ABC
40.93923946,-81.41187605,T10405_Secondary,407.2806,
40.93926025,-81.41720795,T14808_Secondary,407.3047,
40.93926447,-81.33761274,OH3P-2289623-465776-2289528-465799,406.3507,ABC
40.93926447,-81.33761274,OH3P-2289623-465776-2290019-465445,406.3368,ABC
40.93927817,-81.325336,OHSEC1P-2293015-465826-2293236-466327,414.1268,ABC
40.9393046,-81.32629467,OHSEC1P-2292750-465832-2293236-466327,414.1267,ABC
40.93931219,-81.2981833,T15747_Secondary,407.4876,
40.93933743,-81.32711999,OHSEC1P-2292522-465841-2292101-466090,414.1254,ABC
40.9393512,-81.31386985,OHSEC1P-2296182-465896-2296024-465809,414.1757,ABC
40.9393849,-81.32230324,OH1P-2293852-465876-2293872-465321,404.2922,B
40.9393849,-81.32230324,OH1P-2293852-465876-2293877-466288,404.2921,B
40.93938666,-81.31428803,OHSEC1P-2296066-465907-2296024-465809,414.1756,ABC
40.93938728,-81.32253613,T15627_Secondary,407.4929,
40.9393996,-81.3134275,OHSEC1P-2296304-465915-2296456-465854,414.1743,ABC
40.93939996,-81.31468222,OHSEC1P-2295957-465910-2296024-465809,414.1753,ABC
40.93941409,-81.33492433,OH1P-2290365-465840-2291093-465701,404.132,A
40.93941457,-81.31219485,OH1P-2296644-465925-2296456-465854,404.3029,A
40.93942282,-81.33754209,OH3P-2289642-465834-2289623-465776,406.3367,ABC
40.93944303,-81.31128335,OHSEC1P-2296896-465939-2296644-465925,414.1751,ABC
40.93945635,-81.31282123,OHSEC1P-2296471-465938-2296456-465854,414.1741,ABC
40.93945795,-81.31196908,T15710_Secondary,407.5006,
40.93952199,-81.31872861,OHSEC3P-2294839-465940-2295051-466292,416.1214,ABC
40.93952916,-81.41329021,T10402_Secondary,407.2801,
40.93955159,-81.30413857,OHSEC1P-2298869-466005-2298512-466440,414.1718,ABC
40.93959068,-81.33492123,T15480_Secondary,407.2043,
40.93965153,-81.30016386,OHSEC1P-2299967-466057-2299668-466881,414.1739,ABC
40.93973082,-81.31126647,OHSEC1P-2296899-466044-2296644-465925,414.1749,ABC
40.93973425,-81.3121398,OH1P-2296658-466042-2296644-465925,404.3028,A
40.93978834,-81.31819548,OHSEC3P-2294985-466039-2295051-466292,416.1215,ABC
40.93979326,-81.32835353,OHSEC1P-2292179-466003-2292101-466090,414.1258,ABC
40.93982987,-81.32873849,OHSEC1P-2292072-466014-2292101-466090,414.1257,ABC
40.9398352,-81.30141256,OHSEC1P-2299621-466119-2299668-466881,414.1738,ABC
40.93985271,-81.31248474,OHSEC1P-2296562-466084-2296456-465854,414.1747,ABC
40.93985868,-81.31979391,OHSEC1P-2294543-466058-2293852-465876,414.1252,ABC
40.93986663,-81.3128452,OHSEC1P-2296462-466087-2296456-465854,414.1746,ABC
40.93986686,-81.3165138,OHSEC3P-2295449-466074-2295051-466292,416.1218,ABC
40.93987884,-81.31320685,OHSEC1P-2296362-466090-2296456-465854,414.1745,ABC
40.93989104,-81.31356849,OHSEC1P-2296262-466093-2296456-465854,414.1744,ABC
40.93990325,-81.31393014,OHSEC1P-2296162-466097-2296024-465809,414.176,ABC
40.93990859,-81.32101399,OHSEC1P-2294206-466072-2293852-465876,414.1251,ABC
40.93991545,-81.31429179,OHSEC1P-2296063-466100-2296024-465809,414.1759,ABC
40.93992789,-81.31466052,OHSEC1P-2295961-466103-2296024-465809,414.1754,ABC
40.93993211,-81.32171005,OHSEC1P-2294013-466078-2293852-465876,414.1249,ABC
40.93997003,-81.3175778,OHSEC3P-2295155-466107-2295051-466292,416.1217,ABC
40.93998651,-81.31213743,OH1P-2296657-466134-2296651-466233,404.2901,A
40.94001723,-81.32787573,OHSEC1P-2292310-466086-2292101-466090,414.1259,ABC
40.94003232,-81.31124879,OHSEC1P-2296903-466154-2296644-465925,414.175,ABC
40.94003637,-81.32862961,OH1P-2292101-466090-2292125-466362,404.2926,B
40.9400486,-81.32698663,OHSEC1P-2292555-466101-2292101-466090,414.126,ABC
40.94005097,-81.40083085,T10601_Secondary,407.2815,
40.94006937,-81.32885842,T15628_Secondary,407.493,
40.94011407,-81.40502402,T10506_Secondary,407.2813,
40.94013357,-81.41016861,T10407_Secondary,407.2805,
40.94014107,-81.31874744,OHSEC3P-2294831-466165-2295051-466292,416.1216,ABC
40.94016975,-81.30608782,OHSEC1P-2298328-466223-2298512-466440,414.1713,ABC
40.94019116,-81.27257331,OH1P-2307585-466359-2307507-466339,404.2843,A
40.94019116,-81.27257331,OH1P-2307585-466359-2307518-466420,404.2844,B
40.94019116,-81.27257331,OH3P-2307585-466359-2308012-466708,406.5378,ABC
40.94019136,-81.3070077,OHSEC1P-2298073-466228-2297931-466407,414.1707,ABC
40.9401992,-81.31549668,T15574_Secondary,409.2601,
40.94024641,-81.32937576,OHSEC1P-2291894-466164-2292101-466090,414.1256,ABC
40.94026023,-81.31215574,OH3P-2296651-466233-2295728-466263,406.5406,ABC
40.94027096,-81.40594292,T10502_Secondary,407.2808,
40.94028604,-81.32370002,OHSEC1P-2293462-466199-2293236-466327,414.1266,ABC
40.94028646,-81.39707815,OH1P-2273192-465935-2273177-465604,404.1876,A
40.94030336,-81.31794757,T15575_Secondary,409.2603,
40.94031569,-81.3106965,OHSEC1P-2297054-466259-2296937-466468,414.1699,ABC
40.94031977,-81.3294543,OHSEC1P-2291872-466190-2292101-466090,414.1255,ABC
40.94033636,-81.32301492,OHSEC1P-2293651-466220-2293852-465876,414.1248,ABC
40.94034871,-81.30456589,OHSEC1P-2298747-466294-2298512-466440,414.1712,ABC
40.94034952,-81.31169452,OHSEC1P-2296778-466267-2296937-466468,414.1695,ABC
40.94037579,-81.31549352,OH3P-2295728-466263-2295051-466292,406.5404,ABC
40.94039457,-81.37941232,T15045_Secondary,407.2606,
40.94040976,-81.3969114,T15035_Secondary,407.2599,
40.94043169,-81.40298404,OH3P-2271559-465967-2271658-465530,406.4037,ABC
40.94044247,-81.3796365,OH3P-2278009-466053-2277985-464942,406.3901,ABC
40.94045173,-81.40786183,T10501_Secondary,407.2807,
40.94045202,-81.30603365,OHSEC1P-2298341-466326-2298512-466440,414.1714,ABC
40.9404524,-81.31911429,OH1P-2294728-466277-2294045-466313,404.2919,B
40.94046357,-81.30696885,OHSEC1P-2298083-466327-2297931-466407,414.1708,ABC
40.94049612,-81.31842605,OH3P-2294918-466296-2295051-466292,406.544,ABC
40.9405086,-81.31257344,OHSEC3P-2296534-466322-2296657-466633,416.1229,ABC
40.94051219,-81.30751846,T15702_Secondary,407.5,
40.94051266,-81.3221934,OH1P-2293877-466288-2293236-466327,404.2924,B
40.94051266,-81.3221934,OH1P-2293877-466288-2294045-466313,404.292,B
40.94051597,-81.31879233,OH3P-2294816-466301-2294918-466296,406.5424,ABC
40.94056707,-81.30846094,OHSEC1P-2297670-466359-2297441-466704,414.1691,ABC
40.94057815,-81.27297766,OH1P-2307472-466499-2307049-467044,404.2845,B
40.94058047,-81.30541096,T15703_Secondary,407.5001,
40.94059151,-81.31068046,OHSEC1P-2297057-466359-2296937-466468,414.1692,ABC
40.94061802,-81.30505883,OHSEC1P-2298610-466390-2298512-466440,414.1717,ABC
40.94062366,-81.33717118,OH3P-2289739-466272-2289659-465907,406.3472,ABC
40.94062367,-81.31168031,OHSEC1P-2296780-466367-2296937-466468,414.1696,ABC
40.94068879,-81.30751529,OH1P-2297931-466407-2297963-466553,404.3021,B
40.9407182,-81.31111258,T15700_Secondary,407.4998,
40.94072436,-81.30598976,OHSEC1P-2298352-466426-2298512-466440,414.1715,ABC
40.94072844,-81.33586708,T15482_Secondary,407.2045,
40.94073146,-81.38394041,T15040_Secondary,407.2602,
40.94073391,-81.31390701,OHSEC3P-2296165-466399-2295728-466263,416.1204,ABC
40.94074172,-81.33181117,T15481_Secondary,407.2044,
40.94074409,-81.33204406,OH1P-2291155-466335-2290853-466355,404.1325,C
40.94075263,-81.36043629,OH3P-2283311-466235-2283299-465433,406.36,ABC
40.94075263,-81.36043629,OH3P-2283311-466235-2283303-466299,406.367,ABC
40.94075327,-81.32157915,T15626_Secondary,407.4928,
40.94075432,-81.31451201,OHSEC3P-2295998-466404-2295728-466263,416.1203,ABC
40.94075494,-81.36066918,T15122_Secondary,407.2279,
40.94075706,-81.30540778,OH1P-2298512-466440-2298535-466802,404.3025,B
40.9407574,-81.31841043,OHSEC3P-2294921-466391-2295051-466292,416.1219,ABC
40.94076966,-81.31497075,OHSEC3P-2295871-466408-2295728-466263,416.1208,ABC
40.94078094,-81.31527507,OHSEC3P-2295787-466411-2295728-466263,416.1207,ABC
40.94078263,-81.32852871,OH1P-2292125-466362-2293236-466327,404.2925,B
40.94078373,-81.31216594,OH3P-2296645-466424-2296651-466233,406.5415,ABC
40.94078373,-81.31216594,OH3P-2296645-466424-2296657-466633,406.546,ABC
40.94078894,-81.30306839,OHSEC1P-2299159-466460-2298835-466742,414.173,ABC
40.94079332,-81.41230226,T10401_Secondary,407.28,
40.94079547,-81.31577247,OHSEC3P-2295649-466415-2295728-466263,416.1206,ABC
40.94080495,-81.31325732,OHSEC3P-2296344-466428-2296657-466633,416.1231,ABC
40.94081053,-81.33313615,OH1P-2290853-466355-2290587-466361,404.1324,C
40.94081624,-81.30983157,OHSEC1P-2297290-466445-2297441-466704,414.1689,ABC
40.9408188,-81.31642401,OHSEC3P-2295469-466421-2295728-466263,416.1205,ABC
40.94082192,-81.32450752,T15629_Secondary,407.4932,
40.94082761,-81.39916562,OH3P-2272612-466125-2272625-466819,406.402,ABC
40.94082948,-81.30687139,OHSEC1P-2298108-466461-2297931-466407,414.1709,ABC
40.94083513,-81.31690799,OHSEC3P-2295335-466425-2295728-466263,416.1209,ABC
40.94083685,-81.3340975,OH1P-2290587-466361-2290337-466386,404.1323,C
40.94083685,-81.3340975,OH1P-2290587-466361-2290808-466790,404.1326,C
40.94085813,-81.39964084,T10603_Secondary,407.2817,
40.94086623,-81.31065753,OHSEC1P-2297062-466460-2296937-466468,414.1693,ABC
40.94088447,-81.33893832,T11015_Secondary,407.1905,
40.94089036,-81.30501494,OHSEC1P-2298620-466490-2298512-466440,414.1711,ABC
40.94089479,-81.31110941,OH1P-2296937-466468-2296972-466778,404.3017,B
40.94089782,-81.3116661,OHSEC1P-2296783-466467-2296937-466468,414.1697,ABC
40.94089841,-81.33580381,OH1P-2290115-466378-2289998-466405,404.1321,C
40.94089841,-81.33580381,OH1P-2290115-466378-2290337-466386,404.1322,C
40.94090197,-81.30907645,OHSEC1P-2297498-466479-2297441-466704,414.169,ABC
40.94091188,-81.31255297,OHSEC3P-2296538-466469-2296657-466633,416.123,ABC
40.94092251,-81.32339698,OHSEC1P-2293542-466432-2293236-466327,414.1264,ABC
40.94092449,-81.31864199,OHSEC3P-2294856-466451-2295051-466292,416.122,ABC
40.94092917,-81.3081054,OHSEC1P-2297766-466492-2297931-466407,414.171,ABC
40.94095579,-81.34237461,T15358_Secondary,407.1922,
40.94096369,-81.40409363,T10508_Secondary,407.281,
40.94097824,-81.33655786,OH3P-2289907-466404-2289782-466410,406.3381,ABC
40.94097886,-81.32277627,OHSEC1P-2293714-466455-2294045-466313,414.1242,ABC
40.94098712,-81.33313304,T15484_Secondary,407.2047,
40.94099325,-81.32369123,OHSEC1P-2293461-466457-2293236-466327,414.1263,ABC
40.94099669,-81.30594588,OHSEC1P-2298363-466525-2298512-466440,414.1716,ABC
40.94099824,-81.33700918,OH3P-2289782-466410-2289755-466346,406.3316,ABC
40.94102213,-81.33851549,OH3P-2289366-466413-2289782-466410,406.3315,ABC
40.9410347,-81.32065864,OHSEC1P-2294298-466483-2294045-466313,414.1245,ABC
40.94105921,-81.30441516,OHSEC1P-2298785-466553-2298835-466742,414.1723,ABC
40.94105923,-81.32420351,OHSEC1P-2293319-466479-2293236-466327,414.1262,ABC
40.94106018,-81.33891495,OH3P-2289255-466425-2288638-466452,406.3357,ABC
40.94106018,-81.33891495,OH3P-2289255-466425-2289291-466411,406.3323,ABC
40.94108392,-81.34742992,T15357_Secondary,407.1921,
40.94108796,-81.30739142,OH1P-2297963-466553-2298073-466860,404.302,B
40.9410889,-81.33499686,T15483_Secondary,407.2046,
40.94111005,-81.38943926,OH1P-2275298-466261-2275268-465552,404.1879,A
40.94112017,-81.30398515,OHSEC1P-2298904-466577-2298835-466742,414.1725,ABC
40.94113042,-81.2710109,OH3P-2308012-466708-2308177-466826,406.534,ABC
40.94113151,-81.34235124,OH3P-2288305-466438-2286908-466467,406.3354,ABC
40.94113442,-81.31059536,OHSEC1P-2297078-466558-2296937-466468,414.1694,ABC
40.94113594,-81.36045755,OH3P-2283304-466374-2283313-466576,406.3634,ABC
40.94115675,-81.34114622,OH3P-2288638-466452-2288305-466438,406.3355,ABC
40.94115675,-81.34114622,OH3P-2288638-466452-2288650-467048,406.3356,ABC
40.94116269,-81.30497105,OHSEC1P-2298631-466589-2298835-466742,414.1719,ABC
40.94117197,-81.3116519,OHSEC1P-2296786-466567-2296937-466468,414.1698,ABC
40.9411742,-81.40263816,T10602_Secondary,407.2816,
40.94118603,-81.31253877,OHSEC3P-2296540-466569-2296657-466633,416.1232,ABC
40.94119772,-81.3497633,T15356_Secondary,407.192,
40.94122463,-81.35265993,T15355_Secondary,407.1919,
40.94125964,-81.34740657,OH3P-2286908-466467-2286263-466500,406.3353,ABC
40.94128664,-81.3894363,T15037_Secondary,407.2598,
40.94131896,-81.31775143,OHSEC3P-2295100-466598-2295051-466292,416.1221,ABC
40.94132812,-81.32834102,OHSEC1P-2292175-466562-2292146-466939,414.1276,ABC
40.94133178,-81.32744264,OHSEC1P-2292423-466566-2292146-466939,414.1272,ABC
40.94133625,-81.40331066,OH3P-2271465-466295-2271540-466039,406.404,ABC
40.94134507,-81.3092744,T15699_Secondary,407.4997,
40.94135804,-81.3560682,T15354_Secondary,407.1918,
40.94135824,-81.30159779,OHSEC1P-2299562-466673-2299668-466881,414.1737,ABC
40.94136016,-81.31234694,T15632_Secondary,409.2602,
40.94137343,-81.34973995,OH3P-2286263-466500-2285463-466499,406.3352,ABC
40.94140696,-81.31051264,OHSEC1P-2297099-466657-2297441-466704,414.1688,ABC
40.94143312,-81.30492783,OHSEC1P-2298642-466688-2298835-466742,414.172,ABC
40.94144132,-81.30375171,OHSEC1P-2298967-466695-2298835-466742,414.1726,ABC
40.94144612,-81.31163769,OHSEC1P-2296788-466667-2296966-466919,414.1677,ABC
40.9414594,-81.40491964,T10507_Secondary,407.2814,
40.94146954,-81.30681019,OHSEC1P-2298122-466694-2298073-466860,414.1703,ABC
40.94148313,-81.30402598,T15704_Secondary,407.5002,
40.94152166,-81.30927123,OH1P-2297441-466704-2296972-466778,404.3016,B
40.94152758,-81.31280418,OHSEC3P-2296465-466692-2296657-466633,416.1233,ABC
40.94153376,-81.35604487,OH3P-2284521-466535-2283854-466558,406.3314,ABC
40.94153376,-81.35604487,OH3P-2284521-466535-2285463-466499,406.3351,ABC
40.94157882,-81.38657678,OH3P-2276087-466442-2275645-465437,406.3912,ABC
40.94160153,-81.30775742,OHSEC1P-2297859-466738-2298073-466860,414.1704,ABC
40.94162208,-81.35873031,OH3P-2283779-466558-2283313-466576,406.3632,ABC
40.94162671,-81.38680097,T15038_Secondary,407.26,
40.9416423,-81.33616901,OH3P-2290011-466647-2289782-466410,406.3317,ABC
40.94168882,-81.36041512,OH3P-2283313-466576-2283309-466984,406.3633,ABC
40.94172026,-81.31162348,OHSEC1P-2296791-466767-2296966-466919,414.1678,ABC
40.94172032,-81.30392005,OHSEC1P-2298919-466796-2298835-466742,414.1727,ABC
40.9417265,-81.3222903,OHSEC1P-2293844-466729-2294045-466313,414.1243,ABC
40.94172732,-81.31684752,OHSEC3P-2295348-466750-2295728-466263,416.121,ABC
40.94173427,-81.30573489,OHSEC1P-2298417-466794-2298073-466860,414.17,ABC
40.94174819,-81.31409712,OHSEC3P-2296107-466768-2295728-466263,416.1212,ABC
40.94174873,-81.30891,OHSEC1P-2297540-466788-2297441-466704,414.1686,ABC
40.94175153,-81.30530976,OH1P-2298535-466802-2298551-467044,404.3023,B
40.94175153,-81.30530976,OH1P-2298535-466802-2298835-466742,404.3024,B
40.94175316,-81.30114528,T15706_Secondary,407.5004,
40.94176136,-81.32331373,OHSEC1P-2293561-466738-2293236-466327,414.1265,ABC
40.94176343,-81.30626361,OHSEC1P-2298271-466803-2298073-466860,414.1702,ABC
40.94179565,-81.30328355,OHSEC1P-2299094-466826-2298835-466742,414.1729,ABC
40.94179824,-81.29707282,OH1P-2300810-466851-2301502-465791,404.2858,A
40.94180306,-81.31565076,OHSEC3P-2295678-466782-2295728-466263,416.1211,ABC
40.94183646,-81.31022718,OHSEC1P-2297176-466815-2297441-466704,414.1687,ABC
40.94184738,-81.30083169,OHSEC1P-2299771-466854-2299668-466881,414.1736,ABC
40.94186068,-81.3127861,OHSEC3P-2296469-466814-2296657-466633,416.1234,ABC
40.94187129,-81.30485467,OHSEC1P-2298660-466848-2298835-466742,414.1721,ABC
40.94188443,-81.29686953,T15750_Secondary,407.4879,
40.94189219,-81.32868882,OHSEC1P-2292076-466766-2292146-466939,414.1275,ABC
40.94191499,-81.3276665,OHSEC1P-2292358-466778-2292146-466939,414.1271,ABC
40.94191843,-81.30379485,OHSEC1P-2298952-466869-2298835-466742,414.1728,ABC
40.94192347,-81.30674304,T15701_Secondary,407.4999,
40.94192436,-81.30120247,OH1P-2299668-466881-2299412-466939,404.3027,B
40.94192589,-81.30697593,OH1P-2298073-466860-2298043-467092,404.3019,B
40.94198661,-81.30425052,OHSEC1P-2298826-466892-2298835-466742,414.1724,ABC
40.94199441,-81.31160927,OHSEC1P-2296793-466867-2296966-466919,414.1679,ABC
40.94209416,-81.30212613,OH1P-2299412-466939-2298551-467044,404.3026,B
40.94209416,-81.30212613,OH1P-2299412-466939-2299412-467237,404.3013,B
40.94209567,-81.33556291,OH3P-2290176-466815-2290056-466693,406.3326,ABC
40.94213069,-81.31098029,OH1P-2296966-466919-2296972-466778,404.3015,B
40.94213069,-81.31098029,OH1P-2296966-466919-2296980-467108,404.3006,B
40.9421331,-81.31121318,T15698_Secondary,407.4996,
40.94213334,-81.31276955,OHSEC3P-2296472-466913-2296657-466633,416.1235,ABC
40.94213888,-81.30737065,OHSEC1P-2297963-466936-2298073-466860,414.1706,ABC
40.94214195,-81.30481075,OHSEC1P-2298670-466946-2298835-466742,414.1722,ABC
40.9421491,-81.31999265,OHSEC1P-2294477-466892-2294045-466313,414.1247,ABC
40.94215723,-81.33315612,T15485_Secondary,407.2048,
40.94215779,-81.30773473,OHSEC1P-2297863-466941-2298073-466860,414.1705,ABC
40.94216885,-81.30672527,OHSEC1P-2298141-466949-2298073-466860,414.1701,ABC
40.94217677,-81.30820469,OHSEC1P-2297733-466946-2297441-466704,414.1683,ABC
40.94219006,-81.32120846,OHSEC1P-2294141-466902-2294045-466313,414.1246,ABC
40.94219575,-81.30867464,OHSEC1P-2297603-466951-2297441-466704,414.1682,ABC
40.94220543,-81.31894054,OHSEC1P-2294767-466916-2294045-466313,414.1244,ABC
40.94221873,-81.30921177,OHSEC1P-2297454-466958-2297441-466704,414.1685,ABC
40.94222908,-81.40114545,T10704_Secondary,407.2827,
40.94223913,-81.30974908,OHSEC1P-2297306-466963-2297441-466704,414.1684,ABC
40.94225372,-81.31011059,OHSEC1P-2297206-466967-2296966-466919,414.1681,ABC
40.94226143,-81.27453584,T15737_Secondary,407.4866,
40.94227152,-81.31057939,OHSEC1P-2297076-466972-2296966-466919,414.168,ABC
40.94231708,-81.32820365,T15630_Secondary,407.4931,
40.94235788,-81.31159097,OHSEC1P-2296796-466999-2296966-466919,414.1676,ABC
40.94236508,-81.3284278,OH1P-2292146-466939-2292125-466362,404.2927,B
40.94247791,-81.3300141,OHSEC1P-2291707-466974-2292146-466939,414.1277,ABC
40.94252724,-81.32685405,OHSEC1P-2292580-467004-2292146-466939,414.1273,ABC
40.94254088,-81.30170124,OHSEC1P-2299527-467104-2299412-467237,414.1735,ABC
40.9425583,-81.31300604,OHSEC3P-2296405-467067-2296657-466633,416.1236,ABC
40.94256554,-81.30707326,OH1P-2298043-467092-2298551-467044,404.3022,B
40.94260916,-81.30360653,OHSEC1P-2299001-467121-2299412-467237,414.1731,ABC
40.94264957,-81.31091968,OH1P-2296980-467108-2296859-467136,404.3005,B
40.94264957,-81.31091968,OH1P-2296980-467108-2296960-467443,404.3007,B
40.94264957,-81.31091968,OH1P-2296980-467108-2297386-467119,404.3014,B
40.9426628,-81.30945161,OH1P-2297386-467119-2298043-467092,404.3018,B
40.94272031,-81.31196985,OH3P-2296690-467130-2296657-466633,406.5408,ABC
40.94272031,-81.31196985,OH3P-2296690-467130-2296705-467622,406.5461,ABC
40.94273121,-81.31168995,OH1P-2296767-467135-2296690-467130,404.2902,B
40.94273322,-81.39909017,OH3P-2272625-466819-2272645-467311,406.4105,ABC
40.94273698,-81.40990107,T14885_Secondary,407.3103,
40.94275535,-81.39955631,T10706_Secondary,407.2825,
40.94278994,-81.32457099,OHSEC1P-2293209-467108-2293236-466327,414.1261,ABC
40.9427913,-81.10547001,T421SS_Secondary,409.84,
40.94279151,-81.34107411,OH3P-2288650-467048-2288662-467665,406.3395,ABC
40.94279386,-81.341307,T15359_Secondary,407.1924,
40.94283866,-81.40294192,T10701_Secondary,407.2821,
40.94283939,-81.30944844,T15697_Secondary,407.4995,
40.94288057,-81.31259577,OHSEC3P-2296516-467186-2296705-467622,416.124,ABC
40.94290929,-81.30187843,T15705_Secondary,407.5003,
40.94290941,-81.31444581,OHSEC3P-2296005-467190-2296705-467622,416.1246,ABC
40.94297514,-81.3102901,OHSEC1P-2297153-467229-2297386-467119,414.1674,ABC
40.94300514,-81.30299246,OHSEC1P-2299168-467268-2299412-467237,414.1732,ABC
40.94304113,-81.30445784,OHSEC1P-2298763-467275-2299412-467237,414.1734,ABC
40.9431314,-81.31109743,OHSEC1P-2296929-467283-2296960-467443,414.1658,ABC
40.9431543,-81.31163916,OHSEC1P-2296779-467289-2296960-467443,414.1655,ABC
40.94316047,-81.31279136,OHSEC3P-2296461-467287-2296705-467622,416.1239,ABC
40.94322153,-81.30882833,OHSEC1P-2297555-467325-2297386-467119,414.1673,ABC
40.94323499,-81.30918967,OHSEC1P-2297455-467328-2297386-467119,414.1672,ABC
40.94324115,-81.32896491,OHSEC1P-2291993-467256-2292146-466939,414.1274,ABC
40.94324625,-81.32790659,OHSEC1P-2292285-467262-2292146-466939,414.127,ABC
40.94324829,-81.30955119,OHSEC1P-2297356-467332-2297386-467119,414.1671,ABC
40.94326171,-81.30991277,OHSEC1P-2297256-467335-2297386-467119,414.1675,ABC
40.94328537,-81.36034003,OH3P-2283326-467158-2283306-467059,406.3643,ABC
40.9433357,-81.31048226,OHSEC1P-2297098-467360-2296960-467443,414.1659,ABC
40.94335911,-81.3319332,T15487_Secondary,407.205,
40.94339387,-81.40169159,T10707_Secondary,407.2824,
40.94346182,-81.31750237,OHSEC1P-2295158-467379-2295120-468252,414.1646,ABC
40.94352481,-81.31120445,T15694_Secondary,407.4992,
40.94356819,-81.31097867,OH1P-2296960-467443-2296973-467675,404.3008,B
40.94360822,-81.3022307,OHSEC1P-2299376-467490-2299412-467237,414.1733,ABC
40.94368859,-81.40007306,T10705_Secondary,407.2826,
40.94371096,-81.31258178,OHSEC3P-2296516-467489-2296705-467622,416.1241,ABC
40.94373757,-81.38563319,OH3P-2276337-467232-2276087-466442,406.3913,ABC
40.94374099,-81.31116836,OHSEC1P-2296906-467505-2296960-467443,414.1657,ABC
40.94376492,-81.40448434,T10726_Secondary,409.1701,
40.94378419,-81.34746987,T15166_Secondary,407.2313,
40.94379339,-81.30764525,OHSEC1P-2297879-467537-2298116-467635,414.1663,ABC
40.94380951,-81.40398368,OH3P-2271268-467194-2271208-467193,406.4012,ABC
40.94380951,-81.40398368,OH3P-2271268-467194-2271465-466295,406.4016,ABC
40.94383165,-81.33502537,T15459_Secondary,407.2022,
40.9438342,-81.36033946,OH3P-2283324-467358-2283326-467158,406.3637,ABC
40.9438365,-81.36057236,T11005_Secondary,407.222,
40.94385518,-81.31354744,OHSEC3P-2296249-467538-2296705-467622,416.1238,ABC
40.94385976,-81.33858551,T15458_Secondary,407.2021,
40.9438891,-81.31257058,OHSEC3P-2296518-467554-2296705-467622,416.1242,ABC
40.94393935,-81.31645846,OHSEC3P-2295444-467557-2296705-467622,416.1244,ABC
40.94394648,-81.30538467,OHSEC1P-2298503-467602-2298116-467635,414.166,ABC
40.94396078,-81.3474668,OH1P-2286879-467450-2286848-467677,404.1652,B
40.94397693,-81.30643822,OHSEC1P-2298212-467609-2298116-467635,414.1661,ABC
40.94400283,-81.33508265,OH1P-2290299-467511-2289349-467508,404.1293,B
40.94403618,-81.31423885,OHSEC3P-2296057-467601-2296705-467622,416.1237,ABC
40.94405305,-81.30678499,OH1P-2298116-467635-2298420-468069,404.3011,B
40.94405694,-81.3113423,OHSEC1P-2296857-467619-2296960-467443,414.1656,ABC
40.94406126,-81.40322847,T10702_Secondary,407.2829,
40.94407093,-81.31189179,OH3P-2296705-467622-2296724-467974,406.5476,ABC
40.94407334,-81.31212469,T15633_Secondary,409.2605,
40.94408204,-81.33207985,OH1P-2291128-467551-2291110-467305,404.1329,C
40.94408204,-81.33207985,OH1P-2291128-467551-2291136-467815,404.1328,C
40.94408247,-81.39866222,OH1P-2272737-467312-2273205-467583,404.19,A
40.94408402,-81.39899492,OH3P-2272645-467311-2272660-467944,406.4106,ABC
40.94411818,-81.30851536,OH1P-2297637-467652-2296973-467675,404.3009,B
40.94411818,-81.30851536,OH1P-2297637-467652-2298116-467635,404.301,B
40.9441212,-81.30123628,OHSEC1P-2299648-467681-2299279-468067,414.167,ABC
40.94413757,-81.30373087,OHSEC1P-2298959-467678-2299279-468067,414.1666,ABC
40.94420647,-81.33333903,OH1P-2290780-467592-2291128-467551,404.1327,C
40.94422964,-81.30678182,T15695_Secondary,407.4993,
40.94423319,-81.33390644,OH3P-2290623-467599-2290176-466815,406.3301,ABC
40.94423319,-81.33390644,OH3P-2290623-467599-2290563-467613,406.3391,ABC
40.94423319,-81.33390644,OH3P-2290623-467599-2290659-468380,406.3358,ABC
40.94423319,-81.33390644,OH3P-2290623-467599-2290688-467591,406.3392,ABC
40.94424738,-81.30204008,OHSEC1P-2299425-467724-2299279-468067,414.1668,ABC
40.94425224,-81.31250916,OHSEC3P-2296533-467686-2296705-467622,416.1243,ABC
40.94426514,-81.33025762,OHSEC1P-2291631-467625-2292332-468580,414.128,ABC
40.94427511,-81.33445765,OH1P-2290471-467613-2290299-467511,404.1292,B
40.94433002,-81.37925844,T11002_Secondary,407.2541,
40.94433229,-81.37949135,OH3P-2278031-467470-2278009-466053,406.3967,ABC
40.94436179,-81.40414269,OH3P-2271221-467395-2271268-467194,406.4003,ABC
40.94437592,-81.31908659,OHSEC1P-2294716-467707-2295120-468252,414.1643,ABC
40.94437819,-81.35050586,T15168_Secondary,407.2315,
40.94438748,-81.34839707,T15167_Secondary,407.2314,
40.9444422,-81.34122611,T15360_Secondary,407.1925,
40.9444641,-81.36696044,T15129_Secondary,407.2286,
40.94448213,-81.31560309,OHSEC3P-2295678-467758-2296705-467622,416.1245,ABC
40.94448564,-81.34100034,OH3P-2288662-467665-2288606-468380,406.3396,ABC
40.94455478,-81.3505028,OH1P-2286037-467656-2286218-467674,404.1655,B
40.94456407,-81.348394,OH1P-2286620-467667-2286218-467674,404.1654,B
40.94456407,-81.348394,OH1P-2286620-467667-2286848-467677,404.1653,B
40.94457858,-81.31020619,OHSEC3P-2297168-467814-2296751-468529,416.125,ABC
40.94458242,-81.3475662,OH1P-2286848-467677-2286727-468065,404.1651,B
40.9446407,-81.36695743,OH1P-2281492-467628-2282015-467728,404.1597,A
40.94479013,-81.40974953,T14887_Secondary,407.3105,
40.94484923,-81.31351353,OHSEC3P-2296253-467900-2296705-467622,416.1247,ABC
40.94484981,-81.33181213,T15486_Secondary,407.2049,
40.94489845,-81.36505802,OH1P-2282015-467728-2282337-467945,404.1598,A
40.94490115,-81.39715405,T15036_Secondary,407.3195,
40.94490486,-81.40214444,T10788_Secondary,407.2823,
40.94492219,-81.40050606,T10709_Secondary,407.2833,
40.94501065,-81.33042122,OHSEC1P-2291582-467896-2292332-468580,414.1281,ABC
40.94503624,-81.31180547,OH3P-2296724-467974-2296718-468134,406.548,ABC
40.945046,-81.32017844,OHSEC1P-2294411-467947-2295120-468252,414.1642,ABC
40.94507832,-81.30344185,OHSEC1P-2299034-468021-2299279-468067,414.1667,ABC
40.94512891,-81.31236672,OHSEC1P-2296568-468006-2296266-468105,414.1635,ABC
40.94516227,-81.3614013,T15131_Secondary,407.2288,
40.9452332,-81.30566335,OH1P-2298420-468069-2299279-468067,404.3012,B
40.9452342,-81.31346058,T15691_Secondary,407.4989,
40.94523905,-81.36027183,OH3P-2283336-467870-2283324-467358,406.3663,ABC
40.94523905,-81.36027183,OH3P-2283336-467870-2283483-467862,406.3734,ABC
40.94530526,-81.36388716,T15130_Secondary,407.2287,
40.94532564,-81.31001441,OH3P-2297217-468087-2297124-468097,406.5479,ABC
40.94533886,-81.36139826,OH1P-2283024-467902-2283244-467869,404.1601,A
40.94535013,-81.35155528,OH1P-2285743-467942-2286037-467656,404.1656,B
40.9453575,-81.41141617,T14886_Secondary,407.3104,
40.94536493,-81.30248785,T15696_Secondary,407.4994,
40.94537697,-81.30788283,OHSEC1P-2297806-468113-2298116-467635,414.1664,ABC
40.9453851,-81.31375173,OHSEC1P-2296185-468094-2296266-468105,414.1638,ABC
40.94538763,-81.33518443,T15456_Secondary,407.2019,
40.94539735,-81.36202389,OH1P-2282851-467921-2282851-468154,404.1606,A
40.94539735,-81.36202389,OH1P-2282851-467921-2283024-467902,404.16,A
40.9454008,-81.34936241,T15169_Secondary,407.2316,
40.94541079,-81.31345742,OH1P-2296266-468105-2296228-468325,404.3,C
40.94543556,-81.31229649,OHSEC1P-2296586-468118-2296266-468105,414.1637,ABC
40.94544044,-81.35175545,T15170_Secondary,407.2317,
40.94547563,-81.3118188,OH3P-2296718-468134-2296751-468529,406.5462,ABC
40.94547563,-81.3118188,OH3P-2296718-468134-2297124-468097,406.5487,ABC
40.94548185,-81.36388414,OH1P-2282337-467945-2282851-467921,404.1599,A
40.94548892,-81.3060565,OHSEC1P-2298310-468161-2298116-467635,414.1662,ABC
40.94550929,-81.31409336,OHSEC1P-2296090-468138-2296266-468105,414.1639,ABC
40.94552625,-81.31465986,OHSEC1P-2295933-468142-2295743-468654,414.1654,ABC
40.94554686,-81.31529284,OHSEC1P-2295758-468147-2295743-468654,414.1651,ABC
40.94556669,-81.40393155,T10703_Secondary,407.2828,
40.94556746,-81.31592582,OHSEC1P-2295583-468152-2295743-468654,414.165,ABC
40.94557077,-81.34929917,OH1P-2286365-468030-2286489-468280,404.1648,B
40.94563879,-81.27044636,OH3P-2308145-468352-2308145-468602,406.5342,ABC
40.94563879,-81.27044636,OH3P-2308145-468352-2308177-466826,406.5341,ABC
40.94564128,-81.27067926,T15588_Secondary,407.4822,
40.94565228,-81.34798483,OH1P-2286727-468065-2286489-468280,404.1649,B
40.94566561,-81.313186,OHSEC1P-2296339-468198-2296266-468105,414.1634,ABC
40.94579754,-81.39843657,T10712_Secondary,407.283,
40.94582029,-81.39890928,OH3P-2272660-467944-2272687-468632,406.4021,ABC
40.94582037,-81.36106305,T15134_Secondary,407.2291,
40.94582209,-81.30373425,OHSEC1P-2298949-468291-2299279-468067,414.1665,ABC
40.94586086,-81.31782935,T15692_Secondary,407.499,
40.94587269,-81.3111318,OHSEC3P-2296906-468282-2296751-468529,416.1249,ABC
40.94592387,-81.30966699,OHSEC3P-2297310-468306-2296751-468529,416.1251,ABC
40.94597509,-81.36553627,T15132_Secondary,407.2289,
40.94598575,-81.31232631,OHSEC1P-2296575-468318-2296266-468105,414.1636,ABC
40.94601665,-81.34732256,OH1P-2286909-468200-2286727-468065,404.165,B
40.94601771,-81.31358282,OH1P-2296228-468325-2295782-468319,404.3001,C
40.94601856,-81.31519661,OH1P-2295782-468319-2295120-468252,404.3003,C
40.94601856,-81.31519661,OH1P-2295782-468319-2295743-468654,404.3002,C
40.94603663,-81.36201289,OH1P-2282851-468154-2282869-468463,404.1607,A
40.94603663,-81.36201289,OH1P-2282851-468154-2283082-468134,404.1605,A
40.9460384,-81.40922614,T14888_Secondary,407.3106,
40.94607515,-81.36335308,OH1P-2282480-468163-2282235-468171,404.1603,A
40.94607515,-81.36335308,OH1P-2282480-468163-2282851-468154,404.1604,A
40.94607841,-81.33621038,T15455_Secondary,407.2018,
40.94610292,-81.34711932,T15165_Secondary,407.2312,
40.94610601,-81.36423977,OH1P-2282235-468171-2281910-468174,404.1602,A
40.94610981,-81.32398152,OHSEC1P-2293355-468320-2292332-468580,414.1278,ABC
40.94612096,-81.27523287,T15744_Secondary,407.4873,
40.94615994,-81.27994031,T15742_Secondary,407.4871,
40.94618345,-81.40255118,T10708_Secondary,407.2822,
40.94620218,-81.33191121,OH1P-2291165-468324-2291159-468493,404.1331,C
40.94624512,-81.36328987,T15133_Secondary,407.229,
40.94625286,-81.34883853,OH1P-2286489-468280-2286313-468387,404.1647,B
40.946255,-81.33620728,OH1P-2289978-468327-2289746-468423,404.129,B
40.94626204,-81.32012079,OHSEC1P-2294421-468390-2295120-468252,414.1644,ABC
40.94629162,-81.33318367,OH1P-2290813-468352-2291165-468324,404.133,C
40.94629336,-81.33351639,OH3P-2290721-468351-2290659-468380,406.3393,ABC
40.94629755,-81.27522961,OH1P-2306820-468574-2306812-469951,404.285,C
40.94629838,-81.33426396,OH1P-2290514-468350-2290333-468351,404.1288,B
40.94630689,-81.33492148,OH1P-2290333-468351-2290292-468669,404.1286,B
40.94630689,-81.33492148,OH1P-2290333-468351-2290327-468032,404.1287,B
40.94633653,-81.27993706,OH1P-2305520-468570-2306820-468574,404.2851,C
40.94636199,-81.33394199,OH3P-2290603-468375-2290659-468380,406.3394,ABC
40.94638759,-81.3284414,OHSEC1P-2292122-468405-2292332-468580,414.1279,ABC
40.94641833,-81.35117734,T15172_Secondary,407.2319,
40.94642924,-81.31400347,OHSEC1P-2296110-468474-2296268-468727,414.1628,ABC
40.94644055,-81.31481972,OHSEC1P-2295884-468475-2295743-468654,414.1649,ABC
40.94644964,-81.34117143,OH3P-2288606-468380-2288582-468610,406.3397,ABC
40.94645199,-81.34140434,T15361_Secondary,407.1926,
40.94647269,-81.31581671,OHSEC1P-2295609-468483-2295743-468654,414.1652,ABC
40.94655605,-81.31144733,T15634_Secondary,409.2606,
40.94656882,-81.40531974,T10727_Secondary,409.17,
40.94657715,-81.38496146,OH3P-2276509-468269-2276337-467232,406.3914,ABC
40.94658383,-81.31263267,OHSEC1P-2296488-468535-2296268-468727,414.1631,ABC
40.94659492,-81.35117428,OH1P-2285842-468397-2286313-468387,404.1646,B
40.94661632,-81.40503602,OH3P-2270964-468213-2271014-468218,406.4011,ABC
40.94662855,-81.40485579,OH3P-2271014-468218-2271221-467395,406.401,ABC
40.94665273,-81.3999568,T10710_Secondary,407.2832,
40.9466674,-81.38516168,T10964_Secondary,407.2527,
40.9466751,-81.35642764,T15175_Secondary,407.2322,
40.9467212,-81.34940505,T15171_Secondary,407.2318,
40.94674215,-81.35887552,T15174_Secondary,407.2321,
40.94674555,-81.35423165,T15176_Secondary,407.2323,
40.94675739,-81.36177121,T15135_Secondary,407.2292,
40.94678967,-81.33175798,T15488_Secondary,407.2051,
40.94686172,-81.32767232,OH1P-2292332-468580-2292146-466939,404.2928,B
40.94686646,-81.33998637,T15452_Secondary,407.2015,
40.94686691,-81.33846625,T15457_Secondary,407.202,
40.94689964,-81.35434546,OH1P-2284965-468496-2284390-468471,404.1629,B
40.94689964,-81.35434546,OH1P-2284965-468496-2285054-468792,404.163,B
40.94690972,-81.32789649,T15631_Secondary,407.4933,
40.94691875,-81.35887248,OH1P-2283714-468487-2284390-468471,404.1628,B
40.94694715,-81.40160848,T10711_Secondary,407.2831,
40.94697862,-81.31713998,OHSEC1P-2295241-468662-2295120-468252,414.1641,ABC
40.94698982,-81.3164922,OHSEC1P-2295420-468668-2295743-468654,414.1647,ABC
40.94699386,-81.35985045,OH1P-2283444-468510-2283714-468487,404.1627,B
40.94699552,-81.36018317,OH3P-2283352-468510-2283336-467870,406.3674,ABC
40.94699599,-81.36332068,T15138_Secondary,407.2295,
40.94703111,-81.31180818,OH3P-2296713-468701-2296751-468529,406.5463,ABC
40.94703454,-81.31208929,OH1P-2296636-468701-2296713-468701,404.2903,C
40.94703633,-81.312422,OH1P-2296544-468701-2296268-468727,404.2998,C
40.94704038,-81.41426288,T14923_Secondary,407.3123,
40.94704306,-81.33998328,OH1P-2288931-468601-2289351-468606,404.1245,B
40.94706057,-81.35311501,T15173_Secondary,407.232,
40.94707615,-81.34062763,OH1P-2288753-468610-2288931-468601,404.1285,B
40.94707786,-81.34096035,OH3P-2288661-468610-2288582-468610,406.3398,ABC
40.94708125,-81.34124646,OH3P-2288582-468610-2288509-469145,406.3399,ABC
40.94708789,-81.41106064,OH1P-2269298-468364-2269288-468409,404.2046,A
40.94709583,-81.31794084,OHSEC1P-2295019-468702-2295120-468252,414.164,ABC
40.9471099,-81.31537886,T15693_Secondary,407.4991,
40.94711793,-81.31341963,OH1P-2296268-468727-2296228-468325,404.2999,C
40.94712033,-81.31365254,T15690_Secondary,407.4988,
40.94713444,-81.31951994,OHSEC1P-2294583-468710-2295120-468252,414.1645,ABC
40.94716716,-81.36337803,OH1P-2282468-468561-2282854-468856,404.1611,A
40.9471838,-81.35294816,OH1P-2285349-468605-2285264-468856,404.1634,B
40.9471838,-81.35294816,OH1P-2285349-468605-2285842-468397,404.1635,B
40.94721647,-81.31402777,OHSEC1P-2296099-468760-2296268-468727,414.1627,ABC
40.94724595,-81.31485303,OHSEC1P-2295871-468768-2295743-468654,414.1648,ABC
40.9472576,-81.41134116,T14912_Secondary,407.3119,
40.9472986,-81.31574476,OHSEC1P-2295625-468784-2295743-468654,414.1653,ABC
40.94730609,-81.31183669,OHSEC3P-2296704-468801-2296751-468529,416.1248,ABC
40.94731892,-81.3122306,OHSEC1P-2296595-468804-2296268-468727,414.1633,ABC
40.94735089,-81.33510914,T15453_Secondary,407.2016,
40.94735757,-81.31300249,OHSEC1P-2296382-468816-2296268-468727,414.163,ABC
40.94738097,-81.33699958,OH1P-2289753-468735-2289746-468423,404.1291,B
40.94738303,-81.36406166,OH1P-2282279-468637-2282468-468561,404.1612,A
40.94744422,-81.40556762,T10724_Secondary,409.1703,
40.9474805,-81.40510908,OH3P-2270940-468527-2271014-468218,406.4015,ABC
40.94748597,-81.40528371,OH3P-2270892-468529-2270940-468527,406.4014,ABC
40.94754615,-81.39953067,T10715_Secondary,407.2838,
40.94755756,-81.33699649,T15454_Secondary,407.2017,
40.94759734,-81.40297933,T10714_Secondary,407.2837,
40.94764104,-81.40900078,T14889_Secondary,407.3107,
40.94770766,-81.39878129,OH3P-2272687-468632-2272732-470144,406.4022,ABC
40.9478261,-81.3141035,OHSEC1P-2296075-468982-2296268-468727,414.1629,ABC
40.94784515,-81.31298462,OHSEC1P-2296384-468993-2296268-468727,414.1626,ABC
40.94785488,-81.31216978,OHSEC1P-2296609-469000-2296268-468727,414.1632,ABC
40.9478734,-81.34970169,T15163_Secondary,407.231,
40.94787563,-81.35324572,OH1P-2285264-468856-2285054-468792,404.1631,B
40.94789048,-81.35188997,T15164_Secondary,407.2311,
40.94789736,-81.30125985,OHSEC1P-2299623-469057-2299279-468067,414.1669,ABC
40.94791712,-81.3150616,OHSEC1P-2295810-469012-2295814-469246,414.1623,ABC
40.94796228,-81.36196934,OH1P-2282854-468856-2282761-469097,404.161,A
40.94802003,-81.35498304,OH1P-2284783-468902-2284640-468959,404.1626,B
40.948023,-81.35694782,T15178_Secondary,407.2325,
40.94804457,-81.35200378,OH1P-2285606-468922-2285264-468856,404.1633,B
40.94804457,-81.35200378,OH1P-2285606-468922-2286243-468932,404.1644,B
40.94804999,-81.34969863,OH1P-2286243-468932-2286698-468949,404.1645,B
40.94805979,-81.33200959,OH1P-2291128-469000-2291159-468493,404.1332,C
40.94807871,-81.34781457,T15162_Secondary,407.2309,
40.94808969,-81.33526915,T15451_Secondary,407.2014,
40.94809862,-81.31566907,OHSEC1P-2295642-469075-2295814-469246,414.1621,ABC
40.94809914,-81.36111403,T15136_Secondary,407.2293,
40.94810164,-81.35850824,T15179_Secondary,407.2326,
40.94812309,-81.41607115,T14922_Secondary,407.3122,
40.94814326,-81.35481619,T15177_Secondary,407.2324,
40.94814604,-81.33180632,T15489_Secondary,407.2052,
40.94816777,-81.31068384,OHSEC3P-2297018-469119-2296751-468529,416.1252,ABC
40.94817744,-81.31423572,OHSEC1P-2296037-469110-2295814-469246,414.1619,ABC
40.94819959,-81.35694478,OH1P-2284240-468960-2284640-468959,404.1624,B
40.94820447,-81.33733265,T15450_Secondary,407.2013,
40.94822564,-81.36127658,OH1P-2283044-468954-2282854-468856,404.1609,A
40.94826032,-81.33973682,T15449_Secondary,407.2012,
40.94826628,-81.33526604,OH1P-2290228-469064-2290412-469073,404.1283,B
40.94827823,-81.3585052,OH1P-2283809-468983-2284240-468960,404.1623,B
40.94830792,-81.31300635,OHSEC1P-2296376-469162-2296445-469289,414.1617,ABC
40.94831366,-81.35939526,OH1P-2283563-468993-2283809-468983,404.1622,B
40.94831575,-81.40176167,T10713_Secondary,407.2836,
40.94833554,-81.3361622,OH1P-2289980-469086-2289978-468327,404.1289,B
40.94833554,-81.3361622,OH1P-2289980-469086-2290228-469064,404.1284,B
40.94833572,-81.36014503,OH3P-2283356-468998-2283273-468997,406.3675,ABC
40.94833572,-81.36014503,OH3P-2283356-468998-2283352-468510,406.3673,ABC
40.94833572,-81.36014503,OH3P-2283356-468998-2283471-468992,406.3635,ABC
40.94833677,-81.36077713,OH1P-2283181-468996-2283044-468954,404.1608,A
40.94834911,-81.33427866,OH3P-2290500-469097-2290438-469568,406.339,ABC
40.94834911,-81.33427866,OH3P-2290500-469097-2290659-468380,406.3359,ABC
40.94837565,-81.33738995,OH1P-2289641-469096-2289529-469103,404.1282,B
40.94840309,-81.31213869,OHSEC1P-2296615-469200-2296445-469289,414.1615,ABC
40.94843029,-81.33967355,OH1P-2289010-469107-2288861-469140,404.1278,B
40.9484366,-81.31520206,T15689_Secondary,407.4987,
40.94844967,-81.37897634,T15046_Secondary,407.2607,
40.94845194,-81.37920926,OH3P-2278090-468972-2278031-467470,406.3968,ABC
40.94846779,-81.31451065,OHSEC1P-2295960-469214-2295814-469246,414.1625,ABC
40.94847539,-81.33906468,OH1P-2289178-469126-2289010-469107,404.1279,B
40.94847539,-81.33906468,OH1P-2289178-469126-2289529-469103,404.1281,B
40.94850633,-81.36446284,OH1P-2282162-469045-2282279-468637,404.1613,A
40.9485264,-81.34020909,OH1P-2288861-469140-2288844-469344,404.1277,B
40.94852914,-81.34087585,OH1P-2288677-469139-2288861-469140,404.1276,B
40.94853086,-81.34120857,OH3P-2288585-469138-2288509-469145,406.3401,ABC
40.94853141,-81.34183385,OH3P-2288413-469136-2288509-469145,406.34,ABC
40.94855345,-81.34148304,OH3P-2288509-469145-2288461-469520,406.3413,ABC
40.94860667,-81.31252668,T15688_Secondary,407.4986,
40.94865469,-81.31275085,OH1P-2296445-469289-2296293-469646,404.2992,A
40.9486554,-81.41451002,T14927_Secondary,407.3125,
40.94866727,-81.31325808,OHSEC1P-2296305-469292-2296445-469289,414.1616,ABC
40.94867631,-81.36439964,T15147_Secondary,407.2296,
40.94871159,-81.40038502,T10717_Secondary,407.2835,
40.94871521,-81.4061588,T10728_Secondary,409.1704,
40.94874799,-81.31567234,OHSEC1P-2295637-469312-2295814-469246,414.162,ABC
40.94878263,-81.36240618,T15137_Secondary,407.2294,
40.94881816,-81.40559209,OH3P-2270801-469013-2270940-468527,406.4009,ABC
40.94883133,-81.35315237,T15161_Secondary,407.2308,
40.94883365,-81.35338529,OH1P-2285221-469204-2285264-468856,404.1632,B
40.94883365,-81.35338529,OH1P-2285221-469204-2285287-469497,404.164,B
40.94887418,-81.2701967,T15589_Secondary,407.4823,
40.94887667,-81.27042962,OH3P-2308133-469532-2308093-470820,406.5343,ABC
40.94887667,-81.27042962,OH3P-2308133-469532-2308145-468602,406.5311,ABC
40.9488933,-81.31497823,OHSEC1P-2295828-469368-2295814-469246,414.1624,ABC
40.94889388,-81.31236927,OHSEC1P-2296549-469378-2296445-469289,414.1614,ABC
40.94891635,-81.38442224,OH3P-2276647-469123-2276509-468269,406.3928,ABC
40.94892827,-81.40348201,T10723_Secondary,407.2834,
40.94893329,-81.33252302,T15490_Secondary,407.2053,
40.94897566,-81.31851357,OHSEC1P-2294852-469384-2294875-469799,414.1593,ABC
40.94899588,-81.31425403,OH1P-2296028-469408-2295814-469246,404.3004,A
40.9490066,-81.38462247,T10963_Secondary,407.2528,
40.94903237,-81.31352274,OHSEC1P-2296230-469424-2296293-469646,414.161,ABC
40.94905075,-81.40899002,T14913_Secondary,407.312,
40.94905909,-81.33902124,OH1P-2289187-469339-2289178-469126,404.128,B
40.94909498,-81.31166078,OH3P-2296744-469453-2296713-468701,406.5493,ABC
40.94910447,-81.3325803,OH1P-2290966-469379-2290885-469601,404.1333,C
40.94918454,-81.31073657,OHSEC3P-2296999-469490-2296751-468529,416.1253,ABC
40.94922317,-81.31520906,OHSEC1P-2295763-469487-2295814-469246,414.1622,ABC
40.94923568,-81.33901815,T15447_Secondary,407.201,
40.94925736,-81.3401983,T15431_Secondary,407.1995,
40.94930927,-81.31243259,OHSEC1P-2296530-469529-2296293-469646,414.1613,ABC
40.94933572,-81.31385453,OHSEC1P-2296137-469533-2296293-469646,414.1611,ABC
40.94937249,-81.41124225,T14914_Secondary,407.3121,
40.94943244,-81.36296246,T15124_Secondary,407.2281,
40.94943931,-81.41260982,T14925_Secondary,407.3124,
40.94949563,-81.32296938,OHSEC1P-2293618-469557-2292332-468580,414.1283,ABC
40.9494986,-81.33572725,T15445_Secondary,407.2008,
40.94953975,-81.33745494,T15446_Secondary,407.2009,
40.9495563,-81.31532512,OHSEC1P-2295729-469608-2295814-469246,414.1618,ABC
40.94956822,-81.36161052,T15125_Secondary,407.2282,
40.9495827,-81.34164019,OH3P-2288461-469520-2288481-470305,406.3454,ABC
40.94958505,-81.34187312,T15362_Secondary,407.1927,
40.94960353,-81.40080225,T10720_Secondary,407.2841,
40.94960903,-81.36295943,OH1P-2282572-469452-2281495-470005,404.1596,A
40.94960903,-81.36295943,OH1P-2282572-469452-2282785-469675,404.1589,A
40.94962154,-81.33387759,OH1P-2290605-469562-2290885-469601,404.1334,C
40.94962244,-81.35501998,T15160_Secondary,407.2307,
40.94962327,-81.33421032,OH3P-2290513-469562-2290438-469568,406.3473,ABC
40.94963481,-81.35313192,OH1P-2285287-469497-2285845-469465,404.1643,B
40.94965106,-81.35094696,T15158_Secondary,407.2305,
40.94965217,-81.32769731,OHSEC1P-2292312-469597-2292332-468580,414.1282,ABC
40.94968219,-81.3346815,OH3P-2290382-469582-2290438-469568,406.3389,ABC
40.94968392,-81.33501423,OH1P-2290291-469581-2290111-469573,404.1267,B
40.94968458,-81.31305874,T15687_Secondary,407.4985,
40.94970536,-81.31392377,OHSEC1P-2296116-469667-2296293-469646,414.1608,ABC
40.94970972,-81.33739166,OH1P-2289634-469582-2289530-469614,404.127,B
40.94971274,-81.35522017,OH1P-2284709-469518-2284640-468959,404.1625,B
40.94971413,-81.31243788,OHSEC1P-2296526-469676-2296293-469646,414.1612,ABC
40.94971662,-81.33286018,OH1P-2290885-469601-2290854-469821,404.1335,C
40.9497394,-81.36166788,OH1P-2282928-469504-2282785-469675,404.159,A
40.94976575,-81.33630362,OH1P-2289934-469606-2289634-469582,404.1269,B
40.94976575,-81.33630362,OH1P-2289934-469606-2289940-469794,404.1266,B
40.94976575,-81.33630362,OH1P-2289934-469606-2290111-469573,404.1268,B
40.94980102,-81.3377649,OH1P-2289530-469614-2289198-469620,404.1271,B
40.94980102,-81.3377649,OH1P-2289530-469614-2289476-469983,404.1265,B
40.94982153,-81.40593262,OH3P-2270702-469377-2270766-469392,406.4007,ABC
40.94982153,-81.40593262,OH3P-2270702-469377-2270801-469013,406.4008,ABC
40.94984207,-81.35253536,T15159_Secondary,407.2306,
40.94984886,-81.4029993,T10722_Secondary,407.2839,
40.94991342,-81.40541856,T10725_Secondary,409.1702,
40.9499172,-81.41391055,T14929_Secondary,407.3127,
40.94992566,-81.38416667,OH3P-2276713-469492-2276647-469123,406.3927,ABC
40.94992625,-81.31517222,OHSEC1P-2295770-469743-2295781-469902,414.1597,ABC
40.9499544,-81.34013199,OH1P-2288876-469661-2288887-470161,404.1274,B
40.9499544,-81.34013199,OH1P-2288876-469661-2289198-469620,404.1273,B
40.949983,-81.31574299,OHSEC1P-2295612-469762-2295781-469902,414.1596,ABC
40.94999616,-81.35264917,OH1P-2285418-469630-2285287-469497,404.1641,B
40.95002295,-81.30719889,OHSEC3P-2297972-469808-2296780-470532,416.1258,ABC
40.95004238,-81.40203911,T10721_Secondary,407.284,
40.95004588,-81.37890555,T15047_Secondary,407.2608,
40.95004815,-81.37913847,OH3P-2278102-469554-2278090-468972,406.3969,ABC
40.95004815,-81.37913847,OH3P-2278102-469554-2278126-470489,406.397,ABC
40.95007927,-81.27542181,T15743_Secondary,407.4872,
40.95010057,-81.40899267,T14880_Secondary,407.3099,
40.95010616,-81.34001285,T15430_Secondary,407.1994,
40.95011325,-81.31840954,OH1P-2294875-469799-2295781-469902,404.2996,A
40.95014627,-81.31863837,T15684_Secondary,407.4982,
40.95014935,-81.31318561,OHSEC1P-2296317-469832-2296425-470014,414.1605,ABC
40.95016353,-81.31389109,OHSEC1P-2296122-469834-2296293-469646,414.1609,ABC
40.95018578,-81.31232942,OHSEC1P-2296554-469848-2296425-470014,414.1607,ABC
40.95021408,-81.36218048,OH1P-2282785-469675-2282900-469888,404.1591,A
40.95024609,-81.35721128,T15151_Secondary,407.2298,
40.95027766,-81.33604082,T15444_Secondary,407.2007,
40.95029126,-81.33902912,OH1P-2289179-469787-2289198-469620,404.1272,B
40.95032184,-81.35919252,T15150_Secondary,407.2297,
40.95036259,-81.31512482,OH1P-2295781-469902-2295933-469908,404.2995,A
40.95037269,-81.31457295,OH1P-2295933-469908-2296028-469408,404.2997,A
40.95037269,-81.31457295,OH1P-2295933-469908-2296229-470006,404.2994,A
40.95040786,-81.33276034,T15491_Secondary,407.2054,
40.95040897,-81.35184415,T15157_Secondary,407.2304,
40.95042268,-81.35720824,OH1P-2284157-469769-2284507-469962,404.1616,B
40.95045803,-81.3187271,OHSEC1P-2294785-469924-2294875-469799,414.1591,ABC
40.95046785,-81.33902603,T15448_Secondary,407.2011,
40.95048147,-81.40618408,OH3P-2270630-469617-2270702-469377,406.4002,ABC
40.95049632,-81.41740527,T14928_Secondary,407.3126,
40.95049843,-81.35918948,OH1P-2283609-469789-2284157-469769,404.1615,B
40.95053048,-81.35429296,OH1P-2284962-469819-2284841-469994,404.1638,B
40.95053255,-81.31506149,T15685_Secondary,407.4983,
40.9505407,-81.3595099,OH1P-2283521-469804-2283609-469789,404.1614,B
40.95056345,-81.36006165,OH3P-2283368-469810-2283316-469815,406.3671,ABC
40.95056345,-81.36006165,OH3P-2283368-469810-2283356-468998,406.3676,ABC
40.95056345,-81.36006165,OH3P-2283368-469810-2283429-469803,406.3672,ABC
40.95057367,-81.31190749,OH3P-2296668-469991-2296752-469999,406.5439,ABC
40.95057547,-81.31224023,OH1P-2296576-469991-2296425-470014,404.299,A
40.95058193,-81.36058296,OH1P-2283224-469815-2283127-469974,404.1593,A
40.95059307,-81.31160568,OH3P-2296752-469999-2296744-469453,406.5464,ABC
40.9506017,-81.31558783,OHSEC1P-2295652-469988-2295781-469902,414.1598,ABC
40.95062998,-81.31349587,OH1P-2296229-470006-2296293-469646,404.2991,A
40.95063392,-81.38769273,T10918_Secondary,407.2518,
40.95064635,-81.31278738,OH1P-2296425-470014-2296229-470006,404.2993,A
40.95070273,-81.36155382,T15126_Secondary,407.2283,
40.95072014,-81.3148941,OHSEC1P-2295843-470033-2295781-469902,414.1594,ABC
40.95072248,-81.31524192,OHSEC1P-2295747-470033-2295781-469902,414.1599,ABC
40.95077489,-81.40721864,T14879_Secondary,407.3098,
40.95079302,-81.36175402,OH1P-2282900-469888-2283020-470060,404.1592,A
40.9508163,-81.31272404,T15686_Secondary,407.4984,
40.95084788,-81.31436786,OHSEC1P-2295987-470082-2295781-469902,414.1595,ABC
40.95085019,-81.35573081,T15152_Secondary,407.2299,
40.95085407,-81.35112202,OH1P-2285836-469948-2285639-469848,404.1642,B
40.95085407,-81.35112202,OH1P-2285836-469948-2285675-470256,404.1637,B
40.95086691,-81.38369171,OH3P-2276840-469836-2276713-469492,406.3926,ABC
40.95088606,-81.38606325,T10917_Secondary,407.2519,
40.95095716,-81.38389194,T10962_Secondary,407.2529,
40.95096386,-81.35341082,OH1P-2285203-469980-2284962-469819,404.1639,B
40.95098761,-81.33800218,T15443_Secondary,407.2006,
40.9509955,-81.36689622,T15123_Secondary,407.228,
40.95100385,-81.31363746,OHSEC1P-2296188-470141-2296425-470014,414.1603,ABC
40.95100732,-81.35318504,T15155_Secondary,407.2302,
40.95101627,-81.35472186,OH1P-2284841-469994-2284614-470190,404.1618,B
40.95102339,-81.36092847,OH1P-2283127-469974-2283020-470060,404.1594,A
40.95102821,-81.31281932,OHSEC1P-2296414-470153-2296425-470014,414.1604,ABC
40.95105713,-81.31207566,OHSEC1P-2296619-470167-2296425-470014,414.1606,ABC
40.95108599,-81.33674275,T15442_Secondary,407.2005,
40.95110255,-81.35451862,T15154_Secondary,407.2301,
40.9511087,-81.40873536,T14882_Secondary,407.3101,
40.95110969,-81.36072523,T15127_Secondary,407.2284,
40.95117225,-81.33653948,OH1P-2289862-470118-2289652-470541,404.1263,B
40.95120821,-81.3186821,OHSEC1P-2294794-470197-2294875-469799,414.1592,ABC
40.95143669,-81.31572944,OHSEC1P-2295608-470291-2295781-469902,414.16,ABC
40.95148626,-81.31510309,OHSEC1P-2295781-470312-2295781-469902,414.1601,ABC
40.95151289,-81.41374222,T14931_Secondary,407.3129,
40.95154691,-81.31436508,OHSEC1P-2295985-470337-2295781-469902,414.1602,ABC
40.95156113,-81.35553501,OH1P-2284614-470190-2284507-469962,404.1617,B
40.95163033,-81.41532501,T14930_Secondary,407.3128,
40.95163872,-81.4056264,T10730_Secondary,407.2842,
40.95167178,-81.39818097,T10734_Secondary,407.2846,
40.95167628,-81.31297068,OHSEC3P-2296369-470389-2296780-470532,416.1256,ABC
40.95169999,-81.32226767,OHSEC1P-2293801-470363-2293773-471253,414.1543,ABC
40.95170437,-81.35169034,OH1P-2285675-470256-2286078-470562,404.1636,B
40.95173659,-81.34152957,OH3P-2288481-470305-2288521-470852,406.3455,ABC
40.95173893,-81.3417625,T15363_Secondary,407.1928,
40.95175164,-81.40655284,OH3P-2270522-470078-2270630-469617,406.4005,ABC
40.95176419,-81.38686467,T10915_Secondary,407.2515,
40.95176469,-81.33976066,T15429_Secondary,407.1993,
40.95176718,-81.32450843,OHSEC1P-2293182-470379-2293061-470633,414.1511,ABC
40.95180315,-81.32551621,OHSEC1P-2292904-470388-2293061-470633,414.1507,ABC
40.95180317,-81.32751594,OHSEC1P-2292351-470381-2292258-470683,414.1498,ABC
40.95181266,-81.33998485,OH1P-2288907-470338-2288887-470161,404.1275,B
40.95182853,-81.38780383,T10916_Secondary,407.2516,
40.95183847,-81.30933521,OHSEC3P-2297372-470462-2296780-470532,416.1257,ABC
40.95183865,-81.32651081,OHSEC1P-2292629-470397-2293061-470633,414.1506,ABC
40.95185566,-81.39854946,OH3P-2272732-470144-2273311-470640,406.4023,ABC
40.95190406,-81.41205675,T14936_Secondary,407.3134,
40.95196497,-81.38546828,T10914_Secondary,407.2517,
40.95196857,-81.404309,T10732_Secondary,407.2844,
40.95197039,-81.40252057,T10731_Secondary,407.2843,
40.95198996,-81.38310006,OH3P-2276998-470247-2276840-469836,406.3925,ABC
40.95200869,-81.36213723,OH1P-2282788-470329-2283020-470060,404.1595,A
40.9520329,-81.31205257,OHSEC3P-2296621-470522-2296780-470532,416.1255,ABC
40.95203747,-81.33847954,T15441_Secondary,407.2004,
40.95205236,-81.35413123,OH1P-2284999-470374-2284614-470190,404.1619,B
40.95205236,-81.35413123,OH1P-2284999-470374-2285675-470256,404.1621,B
40.95205287,-81.31147633,OH3P-2296780-470532-2296752-469999,406.5466,ABC
40.95205528,-81.31170926,T15635_Secondary,409.2607,
40.95206068,-81.32350962,OHSEC1P-2293456-470490-2293061-470633,414.1512,ABC
40.95208022,-81.3833003,T10961_Secondary,407.253,
40.9521068,-81.40082269,T10733_Secondary,407.2845,
40.95217994,-81.31599688,OHSEC1P-2295531-470561-2295918-470880,414.1571,ABC
40.95218528,-81.3621342,T15128_Secondary,407.2285,
40.95219406,-81.32833534,OHSEC1P-2292123-470520-2292258-470683,414.1497,ABC
40.9521985,-81.41748612,T14932_Secondary,407.313,
40.95224917,-81.40885411,T14881_Secondary,407.31,
40.95225933,-81.31515579,OHSEC1P-2295763-470593-2295918-470880,414.1576,ABC
40.9522979,-81.32487597,T15671_Secondary,407.4969,
40.95233576,-81.3175718,OHSEC1P-2295095-470612-2295064-471094,414.1565,ABC
40.95234108,-81.33727873,OH1P-2289652-470541-2289322-470490,404.1264,B
40.95234108,-81.33727873,OH1P-2289652-470541-2289923-470623,404.1262,B
40.9523619,-81.31317684,OHSEC1P-2296309-470638-2295918-470880,414.1573,ABC
40.95237304,-81.31369588,OHSEC1P-2296165-470640-2295918-470880,414.1572,ABC
40.952385,-81.33623871,T15440_Secondary,407.2003,
40.95240743,-81.31236678,OHSEC3P-2296532-470658-2296780-470532,416.1254,ABC
40.95241148,-81.27027668,T15590_Secondary,407.4824,
40.95241397,-81.27050961,OH3P-2308093-470820-2308107-470913,406.5344,ABC
40.95243389,-81.4139653,OH1P-2268471-470301-2268588-470473,404.2047,A
40.95245594,-81.39934677,T10735_Secondary,407.2847,
40.95246909,-81.32493324,OH1P-2293061-470633-2292491-470720,404.298,C
40.95248317,-81.34999402,T15156_Secondary,407.2303,
40.9524976,-81.3226218,OHSEC1P-2293700-470652-2293773-471253,414.1542,ABC
40.95253032,-81.30240763,T15717_Secondary,407.4847,
40.95253112,-81.35021822,OH1P-2286078-470562-2286080-472221,404.1658,B
40.95253516,-81.31147078,OH3P-2296779-470707-2296682-470718,406.5425,ABC
40.95253516,-81.31147078,OH3P-2296779-470707-2296780-470532,406.5465,ABC
40.95253516,-81.31147078,OH3P-2296779-470707-2296817-472010,406.5411,ABC
40.95255618,-81.336296,OH1P-2289923-470623-2290092-470657,404.1261,B
40.95256651,-81.31626656,OHSEC1P-2295454-470701-2295918-470880,414.157,ABC
40.95256935,-81.31215443,OH1P-2296590-470717-2296298-470788,404.2986,B
40.95260431,-81.35406944,OH1P-2285013-470575-2284999-470374,404.162,B
40.95261244,-81.37877456,T15048_Secondary,407.2609,
40.95261731,-81.31976427,OHSEC1P-2294488-470706-2295064-471094,414.1569,ABC
40.95263021,-81.29934053,T15718_Secondary,407.4848,
40.95263672,-81.32783996,OH1P-2292258-470683-2292491-470720,404.2979,C
40.95263909,-81.32807289,T15670_Secondary,407.4968,
40.95266658,-81.31419548,OHSEC1P-2296026-470745-2295918-470880,414.1578,ABC
40.95270027,-81.30234427,OH1P-2299299-470802-2300129-470852,404.2822,A
40.95270875,-81.33536072,OH3P-2290180-470682-2290245-470687,406.3388,ABC
40.95270977,-81.31482789,OHSEC1P-2295851-470758-2295918-470880,414.1577,ABC
40.9527219,-81.33512703,OH3P-2290245-470687-2290438-469568,406.336,ABC
40.95275964,-81.29443569,T15719_Secondary,407.4849,
40.95276126,-81.33453652,OH1P-2290408-470704-2290535-470720,404.1336,C
40.95276299,-81.33486926,OH3P-2290316-470703-2290245-470687,406.3474,ABC
40.95277411,-81.31320733,OH1P-2296298-470788-2295918-470880,404.2987,B
40.95277428,-81.35400621,T15153_Secondary,407.23,
40.95279966,-81.33407607,OH1P-2290535-470720-2290457-471053,404.1337,C
40.95279966,-81.33407607,OH1P-2290535-470720-2290968-470759,404.1338,C
40.9528068,-81.29933734,OH1P-2300129-470852-2300534-470869,404.2823,A
40.95280831,-81.38264082,OH3P-2277121-470547-2276998-470247,406.3915,ABC
40.95280831,-81.38264082,OH3P-2277121-470547-2277220-470805,406.3924,ABC
40.95283086,-81.31523746,OHSEC1P-2295737-470801-2295918-470880,414.1575,ABC
40.95286568,-81.3145846,T15681_Secondary,407.4979,
40.95287348,-81.27045278,OH3P-2308106-470988-2308105-471258,406.5322,ABC
40.95287666,-81.36497938,OH1P-2281999-470635-2281497-471107,404.1504,C
40.95287792,-81.32606079,OHSEC1P-2292748-470778-2293061-470633,414.1509,ABC
40.95287798,-81.31545534,OHSEC1P-2295677-470817-2295918-470880,414.1574,ABC
40.95287944,-81.28923142,OH3P-2302920-470917-2303173-471214,406.5323,ABC
40.95288958,-81.33227108,T15493_Secondary,407.2056,
40.9528927,-81.29116479,OH3P-2302386-470915-2302920-470917,406.5377,ABC
40.95290145,-81.29754679,OH3P-2300623-470894-2300717-470922,406.5367,ABC
40.95291511,-81.38645899,T10912_Secondary,407.2512,
40.95292602,-81.3244748,OHSEC1P-2293186-470801-2293061-470633,414.1504,ABC
40.95292958,-81.2943723,OH3P-2301500-470916-2302386-470915,406.5316,ABC
40.95294407,-81.31314399,T15682_Secondary,407.498,
40.95295092,-81.32527609,OHSEC1P-2292964-470807-2293061-470633,414.151,ABC
40.95295428,-81.32365785,OHSEC1P-2293411-470814-2293061-470633,414.1505,ABC
40.95295606,-81.38783588,T10913_Secondary,407.2513,
40.95297571,-81.29720373,OH3P-2300717-470922-2301500-470916,406.5317,ABC
40.95298031,-81.38492736,T10911_Secondary,407.2514,
40.95298674,-81.32183237,OHSEC1P-2293915-470833-2293773-471253,414.1539,ABC
40.95298866,-81.32871101,OHSEC1P-2292015-470808-2292258-470683,414.1499,ABC
40.95299991,-81.36481253,T10519_Secondary,407.2203,
40.95303746,-81.31185538,OHSEC1P-2296670-470889-2296298-470788,414.1584,ABC
40.95304227,-81.31458145,OH1P-2295918-470880-2295572-470968,404.2988,B
40.95304242,-81.3124008,OHSEC1P-2296520-470889-2296298-470788,414.1583,ABC
40.95306396,-81.41366474,T14934_Secondary,407.3132,
40.95306718,-81.31279933,OHSEC1P-2296410-470896-2296298-470788,414.1582,ABC
40.95306766,-81.32764511,OHSEC1P-2292309-470841-2292258-470683,414.1501,ABC
40.95314318,-81.2751385,OH1P-2306811-471068-2306812-469951,404.2849,C
40.95318502,-81.31723359,OHSEC1P-2295184-470923-2295064-471094,414.1567,ABC
40.95319247,-81.32983149,OHSEC1P-2291705-470878-2292258-470683,414.1502,ABC
40.9531953,-81.39643048,OH3P-2273311-470640-2273604-471639,406.4024,ABC
40.95323317,-81.3132965,OHSEC1P-2296271-470955-2296298-470788,414.1581,ABC
40.95323783,-81.34135749,OH3P-2288521-470852-2288437-471621,406.3456,ABC
40.95324017,-81.34159043,T15364_Secondary,407.1929,
40.95326294,-81.31769924,OHSEC1P-2295055-470949-2295064-471094,414.1566,ABC
40.9532646,-81.32640478,OHSEC1P-2292651-470917-2293061-470633,414.1508,ABC
40.9532866,-81.41667234,T14933_Secondary,407.3131,
40.95329523,-81.31582634,OH1P-2295572-470968-2295680-471343,404.2985,B
40.95333353,-81.31437495,OHSEC1P-2295973-470987-2296298-470788,414.1579,ABC
40.95334492,-81.3137881,OHSEC1P-2296135-470994-2296298-470788,414.158,ABC
40.95336259,-81.2753027,OH3P-2306764-471147-2306761-471219,406.5373,ABC
40.95343552,-81.39696719,T10737_Secondary,407.2849,
40.95345753,-81.31494952,OHSEC1P-2295814-471030-2295680-471343,414.1586,ABC
40.95349265,-81.2732751,T15591_Secondary,407.4825,
40.95351113,-81.32121076,OHSEC1P-2294084-471026-2293773-471253,414.1538,ABC
40.95351331,-81.38227255,OH3P-2277220-470805-2277389-471208,406.3923,ABC
40.95353617,-81.31782841,T15680_Secondary,407.4978,
40.95354091,-81.33821724,T15439_Secondary,407.2002,
40.95355615,-81.32275573,OHSEC1P-2293657-471037-2293280-471271,414.1527,ABC
40.95356094,-81.27531155,OH3P-2306761-471219-2306247-471456,406.5346,ABC
40.95356094,-81.27531155,OH3P-2306761-471219-2307323-471267,406.5345,ABC
40.95359449,-81.2881002,T14502_Secondary,407.4801,
40.95359615,-81.31552978,OHSEC1P-2295653-471079-2295680-471343,414.1585,ABC
40.95360356,-81.3824728,T10960_Secondary,407.2526,
40.95361542,-81.27195054,OH3P-2307689-471252-2308105-471258,406.5321,ABC
40.95361746,-81.40707976,OH3P-2270368-470756-2270522-470078,406.4006,ABC
40.95364018,-81.26921851,OH3P-2308443-471272-2308105-471258,406.532,ABC
40.95365935,-81.31766148,OH1P-2295064-471094-2295572-470968,404.2989,B
40.95366683,-81.32357398,OHSEC1P-2293431-471074-2293280-471271,414.1526,ABC
40.95366839,-81.40851396,T14883_Secondary,407.3102,
40.95366924,-81.27327183,OH3P-2307323-471267-2307614-471252,406.5312,ABC
40.95368491,-81.28830031,OH3P-2303173-471214-2303389-471478,406.5315,ABC
40.95369048,-81.32518017,OHSEC1P-2292987-471077-2293280-471271,414.1528,ABC
40.95369299,-81.40658781,T10742_Secondary,407.285,
40.95369356,-81.3244332,OHSEC1P-2293193-471081-2293280-471271,414.1525,ABC
40.9537394,-81.3373895,OH1P-2289615-471050-2289404-471036,404.1257,B
40.9537394,-81.3373895,OH1P-2289615-471050-2289834-471070,404.1256,B
40.95378251,-81.29983741,OH3P-2299986-471206-2300717-470922,406.5352,ABC
40.95379577,-81.32767793,OHSEC1P-2292297-471106-2292258-470683,414.15,ABC
40.95387288,-81.33639194,T15438_Secondary,407.2001,
40.95388772,-81.32615966,OHSEC1P-2292716-471145-2293280-471271,414.1529,ABC
40.95388919,-81.3343981,T15492_Secondary,407.2055,
40.95389239,-81.38544531,T10910_Secondary,407.2506,
40.95389986,-81.41090511,T14935_Secondary,407.3133,
40.9539202,-81.31872206,OHSEC1P-2294770-471185-2295064-471094,414.1568,ABC
40.95393535,-81.32159374,OHSEC1P-2293976-471180-2293773-471253,414.154,ABC
40.95394239,-81.31584678,OHSEC1P-2295564-471204-2295680-471343,414.1589,ABC
40.95400495,-81.35918162,OH3P-2283595-471067-2283368-469810,406.3677,ABC
40.95401795,-81.3221629,T15676_Secondary,407.4974,
40.95403462,-81.32411333,T15674_Secondary,407.4972,
40.95405358,-81.38802984,T10907_Secondary,407.2504,
40.95405833,-81.32887164,OHSEC1P-2291966-471197-2292258-470683,414.1503,ABC
40.95408683,-81.41364878,T14939_Secondary,407.3137,
40.95409597,-81.31530266,OHSEC1P-2295713-471262-2295680-471343,414.159,ABC
40.95409753,-81.41243149,T14937_Secondary,407.3135,
40.95412598,-81.41545578,T14941_Secondary,407.3139,
40.95413145,-81.35934418,T15148_Secondary,409.1506,
40.95414451,-81.32232539,OH1P-2293773-471253-2293280-471271,404.2977,C
40.95415531,-81.28251888,T15593_Secondary,407.4827,
40.95417968,-81.28475285,T15594_Secondary,407.4828,
40.95419112,-81.36677409,OH1P-2281497-471107-2281281-471334,404.1502,C
40.95421122,-81.32411019,OH1P-2293280-471271-2293007-471295,404.2976,C
40.95421183,-81.31710118,OHSEC1P-2295216-471297-2294905-471665,414.1564,ABC
40.95421191,-81.39237943,T15050_Secondary,407.2503,
40.95422728,-81.31874676,OHSEC1P-2294761-471297-2294905-471665,414.1563,ABC
40.95422855,-81.40059731,T10746_Secondary,407.2856,
40.95427237,-81.31519432,T15683_Secondary,407.4981,
40.9542851,-81.32691917,OH1P-2292504-471287-2291894-471901,404.297,C
40.9542851,-81.32691917,OH1P-2292504-471287-2292491-470720,404.2978,C
40.9542851,-81.32691917,OH1P-2292504-471287-2293007-471295,404.2975,C
40.95428865,-81.3250989,OH1P-2293007-471295-2293109-472028,404.2974,C
40.95429565,-81.33960271,T15428_Secondary,407.1992,
40.95429827,-81.39217622,OH1P-2274481-471056-2274568-472100,404.1883,A
40.95430588,-81.31953736,OHSEC1P-2294543-471322-2294905-471665,414.1562,ABC
40.95431101,-81.40336567,T10754_Secondary,407.2854,
40.95431436,-81.36660724,T10518_Secondary,407.2202,
40.9543319,-81.28251564,OH3P-2304767-471472-2306247-471456,406.5313,ABC
40.95434362,-81.33982691,OH1P-2288939-471261-2289373-471583,404.1259,B
40.95434962,-81.28468944,OH3P-2304167-471470-2304767-471472,406.5347,ABC
40.95438561,-81.31425885,OHSEC1P-2296000-471371-2295680-471343,414.1588,ABC
40.95438956,-81.30169722,OH3P-2299469-471420-2299913-471225,406.5353,ABC
40.95439979,-81.2875028,OH3P-2303389-471478-2304167-471470,406.5314,ABC
40.954401,-81.27709527,T15592_Secondary,407.4826,
40.95442086,-81.36132307,T10529_Secondary,407.2209,
40.95443193,-81.38373662,T10906_Secondary,407.2511,
40.95459745,-81.36132004,OH1P-2283001-471275-2282462-471295,404.1511,A
40.95461228,-81.38163962,OH3P-2277389-471208-2277538-471558,406.3922,ABC
40.95462394,-81.32039216,OHSEC1P-2294305-471435-2293773-471253,414.1541,ABC
40.95467211,-81.36327234,OH1P-2282462-471295-2282473-471636,404.151,A
40.95467441,-81.36350528,T10528_Secondary,407.2207,
40.95470253,-81.38183986,T10959_Secondary,407.2524,
40.95471981,-81.38784647,T10904_Secondary,407.2509,
40.95476794,-81.31529373,OHSEC1P-2295712-471506-2295680-471343,414.1587,ABC
40.95478459,-81.32327232,OHSEC1P-2293509-471483-2293294-472050,414.1531,ABC
40.9547929,-81.32446006,OHSEC1P-2293181-471481-2293294-472050,414.153,ABC
40.95479394,-81.32183092,OHSEC1P-2293907-471491-2293294-472050,414.1532,ABC
40.9548221,-81.36754452,OH1P-2281281-471334-2281290-471678,404.1501,C
40.95485522,-81.40864885,T14884_Secondary,407.2861,
40.95487903,-81.32565451,OHSEC1P-2292850-471508-2292801-471847,414.152,ABC
40.9548792,-81.31633107,OHSEC1P-2295425-471543-2294905-471665,414.1559,ABC
40.95488405,-81.32651107,OHSEC1P-2292614-471507-2292801-471847,414.1519,ABC
40.95491961,-81.30310287,OH3P-2299078-471608-2299469-471420,406.5354,ABC
40.95492553,-81.36486403,OH1P-2282021-471382-2282066-471628,404.1517,B
40.95493572,-81.31715057,OHSEC1P-2295199-471561-2294905-471665,414.1558,ABC
40.95495981,-81.3277818,OHSEC1P-2292262-471530-2291894-471901,414.1493,ABC
40.95497345,-81.36508825,T10524_Secondary,407.2215,
40.95500664,-81.38567014,T10905_Secondary,407.251,
40.95502097,-81.30386408,T15708_Secondary,407.4846,
40.95504115,-81.33818084,T15437_Secondary,407.1923,
40.95505673,-81.40757262,OH3P-2270225-471279-2270368-470756,406.4093,ABC
40.95511027,-81.41728361,T14940_Secondary,407.3138,
40.95514677,-81.3184126,T15679_Secondary,407.4977,
40.95516097,-81.33745822,OH1P-2289589-471567-2289615-471050,404.126,B
40.95517448,-81.40204887,T10751_Secondary,407.2859,
40.95517722,-81.41058606,T14938_Secondary,407.3136,
40.9551832,-81.39992724,T10741_Secondary,407.2852,
40.95519092,-81.30380071,OH3P-2298884-471704-2299013-471645,406.5366,ABC
40.95521233,-81.33823814,OH1P-2289373-471583-2289589-471567,404.1258,B
40.95523876,-81.31183922,OHSEC1P-2296664-471691-2296817-472010,414.1161,ABC
40.95525537,-81.33547879,OH1P-2290135-471609-2290573-471805,404.1339,C
40.9552571,-81.33581155,OH3P-2290043-471608-2289975-471629,406.3387,ABC
40.95531732,-81.33605805,OH3P-2289975-471629-2290245-470687,406.3361,ABC
40.955329,-81.33620224,OH3P-2289935-471633-2289975-471629,406.3386,ABC
40.95533073,-81.336535,OH1P-2289843-471632-2289589-471567,404.1255,B
40.95534914,-81.41566897,T14942_Secondary,407.314,
40.95535094,-81.30166101,OH3P-2299474-471770-2299469-471420,406.5355,ABC
40.95535133,-81.3416266,OH3P-2288437-471621-2288437-471786,406.3457,ABC
40.95535367,-81.34185954,T15365_Secondary,407.193,
40.95536669,-81.37870703,T15049_Secondary,407.261,
40.95536896,-81.37893997,OH3P-2278132-471493-2278126-470489,406.3902,ABC
40.95536896,-81.37893997,OH3P-2278132-471493-2278142-471712,406.3971,ABC
40.95536981,-81.31061564,OHSEC1P-2297001-471743-2296817-472010,414.1156,ABC
40.95553445,-81.31902838,OHSEC1P-2294677-471772-2294905-471665,414.1557,ABC
40.95554887,-81.38542225,T10903_Secondary,407.2508,
40.95555674,-81.30165899,OH3P-2299474-471845-2299471-471983,406.5356,ABC
40.95556755,-81.38108714,OH3P-2277538-471558-2277483-472047,406.391,ABC
40.95560486,-81.36298429,T10527_Secondary,407.2208,
40.95560646,-81.38770173,T10901_Secondary,407.2505,
40.95560716,-81.36321724,OH1P-2282473-471636-2282477-471830,404.1508,A
40.95561007,-81.31274544,OHSEC1P-2296412-471823-2296817-472010,414.1162,ABC
40.95561107,-81.38086136,T10958_Secondary,407.2525,
40.95563513,-81.38661204,T10902_Secondary,407.2507,
40.95565372,-81.36577186,OH1P-2281767-471644-2281881-471773,404.1516,B
40.95569075,-81.32533223,OHSEC1P-2292935-471805-2292801-471847,414.1522,ABC
40.95570165,-81.36599608,T10523_Secondary,407.2214,
40.95576134,-81.36726265,T10517_Secondary,407.2201,
40.95576363,-81.36749559,OH1P-2281290-471678-2281427-472016,404.1503,C
40.95577219,-81.32648877,OHSEC1P-2292615-471830-2292801-471847,414.1521,ABC
40.95578354,-81.32425543,OHSEC1P-2293232-471843-2293294-472050,414.1536,ABC
40.95581003,-81.32581569,OH1P-2292801-471847-2293109-472028,404.2972,C
40.9558124,-81.32604864,T15673_Secondary,407.4971,
40.95581651,-81.3650018,OH1P-2281979-471706-2282011-472169,404.1514,B
40.95581651,-81.3650018,OH1P-2281979-471706-2282066-471628,404.1518,B
40.95589172,-81.30188972,T15555_Secondary,407.4803,
40.95590886,-81.32351631,OHSEC1P-2293436-471891-2293294-472050,414.1537,ABC
40.9559287,-81.39532338,OH3P-2273604-471639-2273656-471759,406.4032,ABC
40.95593508,-81.30166389,OH3P-2299471-471983-2299540-473365,406.5326,ABC
40.95593976,-81.36483495,T10522_Secondary,407.2213,
40.95595429,-81.33388225,T15494_Secondary,407.2057,
40.95596157,-81.39555228,T10736_Secondary,407.2848,
40.95597867,-81.41331532,T14943_Secondary,407.3141,
40.95599041,-81.4105583,T14952_Secondary,407.315,
40.95599572,-81.3293317,T15669_Secondary,407.4967,
40.95600508,-81.36535209,OH1P-2281881-471773-2281979-471706,404.1515,B
40.9560275,-81.31086683,OHSEC1P-2296929-471982-2296817-472010,414.1155,ABC
40.9560306,-81.40375051,T10755_Secondary,407.2858,
40.95606164,-81.40626695,T10749_Secondary,407.2851,
40.9560685,-81.3300691,OHSEC1P-2291625-471925-2291894-471901,414.1495,ABC
40.95610907,-81.31126796,OH3P-2296817-472010-2296825-472117,406.5437,ABC
40.95613847,-81.3631922,OH1P-2282477-471830-2282474-471988,404.1507,A
40.95613847,-81.3631922,OH1P-2282477-471830-2282920-471838,404.1509,A
40.9561425,-81.3613554,T10530_Secondary,407.221,
40.9561571,-81.31149214,T15572_Secondary,407.4916,
40.95617512,-81.37889155,OH3P-2278141-471787-2278159-472101,406.3936,ABC
40.95624363,-81.33765987,T15432_Secondary,407.1996,
40.95628238,-81.3398524,T15427_Secondary,407.1991,
40.95635065,-81.32401989,OH1P-2293294-472050-2293109-472028,404.2973,C
40.95638737,-81.30774016,T15707_Secondary,407.4845,
40.95639406,-81.32379408,T15675_Secondary,407.4973,
40.95640364,-81.32022894,OHSEC1P-2294341-472084-2294905-471665,414.156,ABC
40.95642431,-81.411912,T14954_Secondary,407.3152,
40.95643777,-81.31081606,OHSEC1P-2296941-472132-2296817-472010,414.1158,ABC
40.95645545,-81.3950599,OH3P-2273674-471832-2273799-472217,406.4033,ABC
40.95645897,-81.33984931,OH1P-2288922-472031-2289511-472023,404.1246,B
40.95649856,-81.31907143,OHSEC1P-2294660-472123-2294905-471665,414.1561,ABC
40.95650059,-81.4001369,T10740_Secondary,407.2857,
40.95651389,-81.32639751,OHSEC1P-2292637-472101-2292801-471847,414.1523,ABC
40.95655732,-81.3076768,OH3P-2297807-472187-2298884-471704,406.5318,ABC
40.95656986,-81.36296273,T10526_Secondary,407.2206,
40.95657217,-81.36319568,OH1P-2282474-471988-2282462-472435,404.1506,A
40.95660649,-81.31123267,OH3P-2296825-472191-2296819-472579,406.5414,ABC
40.95662062,-81.30989246,OHSEC1P-2297195-472202-2296817-472010,414.116,ABC
40.9566211,-81.41540783,T14946_Secondary,407.3144,
40.95662274,-81.35880669,OH3P-2283686-472022-2283595-471067,406.3601,ABC
40.95662274,-81.35880669,OH3P-2283686-472022-2283636-472359,406.3678,ABC
40.95663222,-81.37011948,T10511_Secondary,409.15,
40.95668577,-81.36675377,T10516_Secondary,407.2205,
40.95668806,-81.36698672,OH1P-2281427-472016-2281420-472370,404.15,C
40.95670904,-81.35860343,T15149_Secondary,409.1507,
40.95673554,-81.32573993,OHSEC1P-2292818-472184-2292801-471847,414.1524,ABC
40.9567863,-81.37023335,OH3P-2280529-472040-2280815-472305,406.3607,ABC
40.95680488,-81.37103784,OH3P-2280307-472044-2280529-472040,406.3608,ABC
40.95680701,-81.34241749,OH3P-2288211-472149-2288437-471786,406.3458,ABC
40.95680935,-81.34265044,T15366_Secondary,407.1931,
40.95682407,-81.37150817,OH3P-2280177-472050-2280232-472044,406.3933,ABC
40.95687559,-81.40963235,T14953_Secondary,407.3151,
40.95688307,-81.3294138,OHSEC1P-2291802-472224-2291894-471901,414.1496,ABC
40.95691202,-81.32345673,OHSEC1P-2293447-472257-2293294-472050,414.1535,ABC
40.95692999,-81.37485248,OH3P-2279253-472076-2278705-472096,406.3932,ABC
40.95692999,-81.37485248,OH3P-2279253-472076-2280177-472050,406.3931,ABC
40.95697603,-81.38200349,T10957_Secondary,409.1603,
40.95698365,-81.3106897,OHSEC1P-2296973-472331-2296817-472010,414.1159,ABC
40.95698655,-81.38308628,T10955_Secondary,407.2523,
40.95700461,-81.37683389,OH3P-2278705-472096-2278570-472105,406.393,ABC
40.95700872,-81.30896825,OH3P-2297448-472347-2297200-472470,406.5319,ABC
40.95700872,-81.30896825,OH3P-2297448-472347-2297807-472187,406.5365,ABC
40.95702055,-81.38528915,T10953_Secondary,407.2521,
40.95703653,-81.37881384,OH3P-2278159-472101-2277942-472110,406.3908,ABC
40.95703812,-81.37759718,OH3P-2278495-472106-2278159-472101,406.3929,ABC
40.95703999,-81.40293953,T10750_Secondary,407.2855,
40.95708364,-81.36463043,T10521_Secondary,407.2212,
40.95708594,-81.36486338,OH1P-2282011-472169-2281955-472370,404.1513,B
40.95709724,-81.38750379,T10951_Secondary,407.2522,
40.95710132,-81.37995205,OH3P-2277844-472121-2277482-472122,406.3907,ABC
40.95710132,-81.37995205,OH3P-2277844-472121-2277867-472110,406.3974,ABC
40.95710202,-81.32414362,OHSEC1P-2293257-472324-2293294-472050,414.1534,ABC
40.95710659,-81.37484948,T10592_Secondary,407.2538,
40.95711718,-81.38126152,OH3P-2277482-472122-2277278-472132,406.3916,ABC
40.95713843,-81.38246935,OH3P-2277149-472125-2276979-472132,406.3919,ABC
40.95715263,-81.38200051,OH3P-2277278-472132-2277149-472125,406.3918,ABC
40.95716314,-81.38308331,OH3P-2276979-472132-2276692-472133,406.392,ABC
40.95717498,-81.38412027,OH3P-2276692-472133-2276370-472137,406.3921,ABC
40.95717573,-81.32490239,OHSEC1P-2293047-472348-2292886-472680,414.1516,ABC
40.95718121,-81.37683089,T10591_Secondary,407.2537,
40.95719714,-81.38528618,OH3P-2276370-472137-2275994-472155,406.3909,ABC
40.9572171,-81.31937635,OHSEC1P-2294573-472383-2294435-472648,414.1554,ABC
40.95725335,-81.35006732,T15188_Secondary,407.2336,
40.95726023,-81.38664895,OH3P-2275994-472155-2275871-472160,406.3906,ABC
40.9572681,-81.31100928,OHSEC1P-2296883-472433-2296817-472010,414.1157,ABC
40.95727384,-81.38750083,OH3P-2275758-472157-2275565-472161,406.3917,ABC
40.95727792,-81.37994907,T15051_Secondary,409.1607,
40.95727931,-81.38709241,OH3P-2275871-472160-2275758-472157,406.3911,ABC
40.95729185,-81.3882003,OH3P-2275565-472161-2274544-472189,406.3972,ABC
40.95731503,-81.38246637,T10956_Secondary,409.1604,
40.95734847,-81.36907222,T10512_Secondary,407.22,
40.95735158,-81.3841173,T10954_Secondary,409.1602,
40.95737082,-81.32205532,OHSEC1P-2293832-472429-2293294-472050,414.1533,ABC
40.9574047,-81.39189581,OH3P-2274544-472189-2274260-472193,406.3973,ABC
40.9574115,-81.31012275,OH3P-2297127-472489-2296819-472579,406.5412,ABC
40.95741438,-81.32921126,OHSEC1P-2291856-472419-2291894-471901,414.1494,ABC
40.9574145,-81.39746825,T10745_Secondary,407.286,
40.95743011,-81.3931942,OH3P-2274185-472194-2273799-472217,406.4042,ABC
40.95744481,-81.40820931,OH3P-2270038-472147-2270225-471279,406.4092,ABC
40.95745591,-81.38708944,T10952_Secondary,409.16,
40.95746844,-81.38819733,T10950_Secondary,407.2502,
40.95746994,-81.41693492,T14945_Secondary,407.3143,
40.95748364,-81.33303437,T15496_Secondary,407.2059,
40.95750766,-81.39459316,OH3P-2273799-472217-2273851-472513,406.4043,ABC
40.95757928,-81.41429493,T14944_Secondary,407.3142,
40.95759522,-81.3355701,T15495_Secondary,407.2058,
40.95763812,-81.36482501,T11199_Secondary,407.2211,
40.957639,-81.3316342,OH1P-2291185-472491-2291181-472938,404.1343,C
40.95764042,-81.36505796,OH1P-2281955-472370-2281924-472486,404.1512,B
40.95764231,-81.32602171,OHSEC1P-2292735-472513-2292886-472680,414.1515,ABC
40.95766023,-81.33303126,OH1P-2290799-472494-2291185-472491,404.1342,C
40.95766687,-81.40541134,T10743_Secondary,407.2853,
40.95775364,-81.35901619,OH3P-2283623-472433-2283565-472728,406.3622,ABC
40.95776641,-81.33562739,OH1P-2290082-472523-2290799-472494,404.1341,C
40.95777856,-81.31980331,T15678_Secondary,407.4976,
40.95778735,-81.33606941,OH1P-2289960-472529-2290082-472523,404.134,C
40.95778908,-81.33640218,OH3P-2289868-472529-2289806-472551,406.3385,ABC
40.95779036,-81.31221218,OH3P-2296548-472619-2296819-472579,406.5413,ABC
40.95779908,-81.36321858,OH1P-2282462-472435-2282455-472622,404.1505,A
40.95780138,-81.36345153,T10525_Secondary,407.2204,
40.95780546,-81.31061275,OHSEC1P-2296990-472631-2296397-472660,414.1074,ABC
40.95780647,-81.36774404,OH1P-2281212-472421-2281231-473286,404.1519,C
40.95780647,-81.36774404,OH3P-2281212-472421-2280815-472305,406.3609,ABC
40.95782758,-81.3124792,OH3P-2296474-472632-2296397-472660,406.5438,ABC
40.95784566,-81.31100593,OHSEC1P-2296881-472644-2296397-472660,414.1073,ABC
40.9578538,-81.3366257,OH3P-2289806-472551-2289975-471629,406.3362,ABC
40.95788152,-81.32016239,OHSEC1P-2294352-472622-2294435-472648,414.1551,ABC
40.95788259,-81.33690081,OH3P-2289730-472561-2289806-472551,406.3384,ABC
40.95789992,-81.33736125,OH1P-2289602-472565-2289181-472597,404.1243,B
40.95789992,-81.33736125,OH1P-2289602-472565-2289638-472560,404.1242,B
40.95790449,-81.36706609,OH1P-2281399-472459-2281357-472473,404.1522,C
40.95790449,-81.36706609,OH3P-2281399-472459-2281212-472421,406.361,ABC
40.95790835,-81.31275855,OH3P-2296397-472660-2295783-472777,406.5407,ABC
40.95792739,-81.40835874,OH3P-2269995-472322-2270019-472219,406.4038,ABC
40.95792874,-81.31934221,OH1P-2294579-472643-2294435-472648,404.2982,A
40.95792874,-81.31934221,OH1P-2294579-472643-2294905-471665,404.2984,A
40.95793296,-81.36790663,T10513_Secondary,409.1501,
40.95794976,-81.31986056,OH1P-2294435-472648-2294221-472870,404.2983,A
40.95796089,-81.34168675,T15426_Secondary,407.199,
40.95796296,-81.37878105,OH3P-2278163-472439-2278159-472101,406.3905,ABC
40.95796987,-81.3296621,OHSEC1P-2291728-472619-2291894-471901,414.1492,ABC
40.95799435,-81.32488501,OHSEC1P-2293047-472646-2292886-472680,414.1514,ABC
40.95800072,-81.33888594,OH1P-2289181-472597-2288800-472648,404.1244,B
40.95807346,-81.31267591,T15554_Secondary,407.4906,
40.95807651,-81.33735815,T15424_Secondary,407.1988,
40.95807958,-81.31501773,OHSEC1P-2295783-472777-2295055-472774,414.134,ABC
40.95807958,-81.31501773,OHSEC1P-2295783-472777-2295658-472225,414.1,ABC
40.95807959,-81.31501773,T14501_Secondary,407.49,
40.95809398,-81.3254689,OH1P-2292886-472680-2293109-472028,404.2971,C
40.95809636,-81.32570185,T15672_Secondary,407.497,
40.95813591,-81.31877969,OHSEC1P-2294733-472720-2294435-472648,414.1556,ABC
40.958152,-81.31984902,OHSEC1P-2294437-472722-2294435-472648,414.1553,ABC
40.95815541,-81.36572016,OH3P-2281769-472555-2281399-472459,406.3616,ABC
40.95815731,-81.34026302,OH1P-2288800-472648-2288424-472634,404.1248,B
40.95815731,-81.34026302,OH1P-2288800-472648-2288764-473093,404.1253,B
40.95815731,-81.34026302,OH1P-2288800-472648-2288922-472031,404.1247,B
40.95817731,-81.33888285,T15425_Secondary,407.1989,
40.95818758,-81.36730005,OH1P-2281333-472561-2281331-472934,404.152,C
40.95820693,-81.36523491,OH3P-2281903-472576-2281769-472555,406.3611,ABC
40.95820914,-81.323712,OHSEC1P-2293370-472729-2292886-472680,414.1517,ABC
40.95824166,-81.32716991,OHSEC1P-2292415-472728-2292161-473199,414.1491,ABC
40.95825308,-81.31497417,OH3P-2295783-472777-2295589-472819,406.5483,ABC
40.95827739,-81.37173738,T10593_Secondary,407.2532,
40.95827888,-81.32103144,OHSEC1P-2294110-472764-2294221-472870,414.1547,ABC
40.95831362,-81.3427699,OH1P-2288107-472696-2288424-472634,404.1249,B
40.95831769,-81.39438883,OH3P-2273851-472513-2273912-472717,406.4113,ABC
40.95832619,-81.3657795,T10514_Secondary,407.2216,
40.95834449,-81.31245757,OHSEC1P-2296478-472820-2296397-472660,414.1071,ABC
40.95835021,-81.31288796,OHSEC1P-2296359-472820-2296397-472660,414.1072,ABC
40.95836562,-81.37362544,T10594_Secondary,407.2533,
40.95837473,-81.31567555,OH3P-2295589-472819-2295094-472918,406.5482,ABC
40.95838518,-81.34361121,T15436_Secondary,407.2,
40.95840853,-81.31943697,OH1P-2294550-472817-2294579-472643,404.2981,A
40.95842133,-81.37876434,OH3P-2278166-472606-2278163-472514,406.3944,ABC
40.95842672,-81.36409725,OH3P-2282216-472660-2281903-472576,406.3615,ABC
40.95842938,-81.3199613,OHSEC1P-2294405-472823-2294435-472648,414.1552,ABC
40.95847525,-81.32581187,OHSEC1P-2292789-472818-2292886-472680,414.1513,ABC
40.95853694,-81.34349206,OH1P-2287906-472775-2288107-472696,404.125,B
40.95855501,-81.31884198,OHSEC1P-2294714-472873-2294435-472648,414.1555,ABC
40.95855988,-81.36330808,OH3P-2282434-472711-2282216-472660,406.3614,ABC
40.95856624,-81.35921051,OH3P-2283565-472728-2283131-472785,406.3642,ABC
40.95859751,-81.36415659,T10515_Secondary,407.2217,
40.95861366,-81.32085144,T15677_Secondary,407.4975,
40.95862788,-81.31960133,OH3P-2294504-472896-2294488-472998,406.5426,ABC
40.95866146,-81.36295074,OH3P-2282532-472750-2282434-472711,406.3612,ABC
40.95866407,-81.31746192,OH3P-2295094-472918-2294710-472995,406.5417,ABC
40.95866407,-81.31746192,OH3P-2295094-472918-2295156-473365,406.5488,ABC
40.95866765,-81.37852608,T15052_Secondary,407.2611,
40.95866992,-81.37875904,OH3P-2278166-472696-2278166-472606,406.3975,ABC
40.95867114,-81.41576754,T14947_Secondary,407.3145,
40.95871066,-81.32110301,OHSEC1P-2294088-472921-2294221-472870,414.1546,ABC
40.95873657,-81.36078124,OH3P-2283131-472785-2282800-472820,406.3613,ABC
40.9587484,-81.32466171,OHSEC1P-2293105-472921-2292886-472680,414.1518,ABC
40.95877481,-81.32035353,OHSEC1P-2294295-472947-2294221-472870,414.1545,ABC
40.95877982,-81.31671229,OHSEC1P-2295301-472963-2295783-472777,414.1003,ABC
40.95879163,-81.3106294,OHSEC1P-2296980-472990-2296397-472660,414.1075,ABC
40.9588349,-81.31704508,OHSEC1P-2295208-472981-2295783-472777,414.1004,ABC
40.95884504,-81.3619757,OH3P-2282800-472820-2282604-472768,406.362,ABC
40.95884504,-81.3619757,OH3P-2282800-472820-2282770-473096,406.3621,ABC
40.95886162,-81.33139623,T15497_Secondary,407.206,
40.95886861,-81.33281652,T15501_Secondary,407.2064,
40.95888986,-81.31885019,OH3P-2294710-472995-2294488-472998,406.5409,ABC
40.95888986,-81.31885019,OH3P-2294710-472995-2294721-473070,406.5436,ABC
40.95890756,-81.31965175,OH3P-2294488-472998-2294252-473145,406.5435,ABC
40.95891316,-81.3607782,T11231_Secondary,409.1504,
40.95902932,-81.32077591,OHSEC1P-2294177-473038-2294221-472870,414.155,ABC
40.9590775,-81.39410794,OH3P-2273925-472791-2273952-472861,406.4081,ABC
40.95908591,-81.32045672,OHSEC1P-2294265-473060-2294221-472870,414.1544,ABC
40.95908724,-81.3239983,OHSEC1P-2293287-473047-2293595-473534,414.1052,ABC
40.95910388,-81.33422168,T15500_Secondary,407.2063,
40.95911602,-81.32092317,OHSEC1P-2294136-473069-2294221-472870,414.1549,ABC
40.95915001,-81.31833312,OHSEC1P-2294851-473091-2294720-473260,414.1442,ABC
40.95919791,-81.32781167,OHSEC1P-2292233-473074-2292161-473199,414.149,ABC
40.95920729,-81.36705678,T11198_Secondary,407.2224,
40.95920959,-81.36728973,OH1P-2281331-472934-2281338-473404,404.1521,C
40.95922952,-81.32114054,OHSEC1P-2294076-473110-2294221-472870,414.1548,ABC
40.95926838,-81.3585145,OH3P-2283754-472987-2283565-472728,406.3628,ABC
40.95927017,-81.39400728,OH3P-2273952-472861-2274116-473611,406.4107,ABC
40.95927384,-81.33415839,OH1P-2290480-473078-2290233-473130,404.1346,B
40.95927384,-81.33415839,OH1P-2290480-473078-2290869-472997,404.1347,B
40.9592805,-81.33556592,T15498_Secondary,407.2061,
40.9593061,-81.34327326,T15433_Secondary,407.1997,
40.95931173,-81.31157257,OHSEC1P-2296717-473176-2296397-472660,414.107,ABC
40.95931299,-81.31927129,OHSEC1P-2294591-473147-2294720-473260,414.1439,ABC
40.9593486,-81.31880497,OH1P-2294720-473162-2294720-473260,404.2957,A
40.95935075,-81.32335255,OHSEC1P-2293464-473146-2293595-473534,414.1054,ABC
40.9593631,-81.31967022,OHSEC1P-2294481-473164-2294720-473260,414.1438,ABC
40.95937963,-81.34037283,OH1P-2288764-473093-2288756-473554,404.1254,B
40.95938197,-81.34060578,T15435_Secondary,407.1999,
40.95938525,-81.41383816,T14948_Secondary,407.3146,
40.95939237,-81.34306998,OH1P-2288019-473088-2288107-472696,404.1251,B
40.95939838,-81.31989752,OHSEC1P-2294418-473176-2294720-473260,414.1437,ABC
40.9594149,-81.33645478,OH3P-2289845-473121-2289806-472551,406.3363,ABC
40.9594149,-81.33645478,OH3P-2289845-473121-2289936-473220,406.3322,ABC
40.95942979,-81.31626557,OHSEC1P-2295421-473201-2295783-472777,414.1002,ABC
40.95945046,-81.33550263,OH1P-2290108-473137-2290049-473143,404.1344,B
40.95945046,-81.33550263,OH1P-2290108-473137-2290233-473130,404.1345,B
40.95946288,-81.336679,T11013_Secondary,407.1903,
40.95950274,-81.3282918,T15668_Secondary,407.4966,
40.95950457,-81.40870359,OH3P-2269893-472895-2269995-472322,406.4099,ABC
40.95954616,-81.32806597,OH1P-2292161-473199-2291894-471901,404.2969,C
40.95954616,-81.32806597,OH1P-2292161-473199-2292306-473763,404.2968,C
40.9595515,-81.32442388,OHSEC1P-2293167-473215-2293595-473534,414.1064,ABC
40.95956839,-81.40838163,OH1P-2269981-472920-2270136-472983,404.1901,B
40.95959153,-81.30768846,OHSEC1P-2297789-473292-2297422-473580,414.1338,ABC
40.95959673,-81.33600341,OH3P-2289969-473189-2289936-473220,406.3383,ABC
40.95960215,-81.33504725,T15499_Secondary,407.2062,
40.95961709,-81.31880101,OH1P-2294720-473260-2294635-473582,404.2958,A
40.95961948,-81.31903396,T15661_Secondary,407.4959,
40.95972394,-81.30134254,OH3P-2299540-473365-2299555-473630,406.5348,ABC
40.95974008,-81.31835832,OHSEC1P-2294841-473306-2294720-473260,414.1441,ABC
40.9597758,-81.33629857,OH3P-2289887-473253-2289936-473220,406.3382,ABC
40.9597818,-81.32221818,OHSEC1P-2293775-473307-2293595-473534,414.1063,ABC
40.95980554,-81.36211554,OH3P-2282757-473169-2282746-473250,406.3691,ABC
40.95981088,-81.41652169,T14950_Secondary,407.3148,
40.95981434,-81.30154269,T15556_Secondary,407.4804,
40.95982401,-81.33693479,T15508_Secondary,407.1904,
40.95986032,-81.40765273,T14975_Secondary,407.3173,
40.95989854,-81.31957653,OHSEC1P-2294504-473359-2294720-473260,414.1436,ABC
40.95990343,-81.33658563,OH1P-2289807-473298-2289743-473324,404.1355,B
40.95991172,-81.37351862,T10595_Secondary,407.2539,
40.95991948,-81.3544177,T15181_Secondary,407.2329,
40.95995241,-81.31235896,OHSEC1P-2296497-473406-2296397-472660,414.1069,ABC
40.95997382,-81.32373247,OHSEC1P-2293356-473371-2293595-473534,414.106,ABC
40.95998536,-81.32106649,OHSEC1P-2294092-473386-2293595-473534,414.1066,ABC
40.96000668,-81.33304737,T15502_Secondary,407.2065,
40.96001651,-81.31843025,OHSEC1P-2294820-473407-2294720-473260,414.144,ABC
40.96002584,-81.36215219,OH3P-2282746-473250-2282640-473768,406.3688,ABC
40.96002604,-81.41488838,T14949_Secondary,407.3147,
40.96006932,-81.36192639,T15220_Secondary,409.151,
40.96009608,-81.32275389,OHSEC1P-2293626-473420-2293595-473534,414.1062,ABC
40.9601014,-81.32531393,OHSEC1P-2292919-473412-2292746-474026,414.1045,ABC
40.96012155,-81.37011122,T10598_Secondary,407.2535,
40.96012747,-81.35015646,T15183_Secondary,407.2331,
40.96013449,-81.28883829,T15722_Secondary,407.4851,
40.96013546,-81.32849224,OHSEC1P-2292041-473413-2292161-473199,414.1489,ABC
40.96014667,-81.32318199,OHSEC1P-2293507-473436-2293595-473534,414.1061,ABC
40.96016554,-81.41201422,T14890_Secondary,407.3108,
40.96016989,-81.30956441,OHSEC1P-2297268-473496-2297422-473580,414.1336,ABC
40.96018124,-81.32153372,OHSEC1P-2293962-473455-2293595-473534,414.1065,ABC
40.96019239,-81.28385107,T15724_Secondary,407.4853,
40.96019925,-81.30087035,OH3P-2299668-473539-2299555-473630,406.5368,ABC
40.96020745,-81.31349355,OHSEC1P-2296182-473495-2295783-472777,414.1001,ABC
40.96021916,-81.3090033,T15645_Secondary,407.4943,
40.9602382,-81.32290396,T15553_Secondary,407.4905,
40.96024706,-81.27746823,T15725_Secondary,407.4854,
40.96024867,-81.37164217,T10597_Secondary,407.2536,
40.9602896,-81.31846128,OHSEC1P-2294810-473506-2294635-473582,414.1435,ABC
40.96031108,-81.28883507,OH1P-2302992-473626-2299760-473540,404.2826,B
40.96031108,-81.28883507,OH1P-2302992-473626-2304369-473666,404.2828,B
40.96032658,-81.31963976,OHSEC1P-2294485-473515-2294635-473582,414.1433,ABC
40.96035766,-81.36763338,T10540_Secondary,407.2218,
40.96036898,-81.28384783,OH1P-2304369-473666-2306114-473709,404.2829,B
40.96038545,-81.32418053,OHSEC1P-2293230-473520-2293595-473534,414.1059,ABC
40.96038704,-81.33482146,OH1P-2290292-473481-2290728-473381,404.1348,B
40.96039576,-81.30900013,OH1P-2297422-473580-2297513-475697,404.2938,B
40.96041169,-81.32286042,OH3P-2293595-473534-2292746-474026,406.5433,ABC
40.96041169,-81.32286042,OH3P-2293595-473534-2294252-473145,406.5434,ABC
40.96041678,-81.31710629,OH3P-2295184-473557-2295156-473365,406.5481,ABC
40.9604478,-81.35727053,OH3P-2284092-473421-2283803-473043,406.3623,ABC
40.96045176,-81.3220451,OHSEC1P-2293820-473552-2293595-473534,414.1053,ABC
40.960454,-81.33514232,OH3P-2290203-473504-2290152-473523,406.3466,ABC
40.96049754,-81.36700739,T10520_Secondary,407.2225,
40.96050418,-81.31909133,OH1P-2294635-473582-2294678-473776,404.2959,A
40.96050657,-81.31932428,T15660_Secondary,407.4958,
40.96050924,-81.33532552,OH3P-2290152-473523-2289936-473220,406.3302,ABC
40.96050924,-81.33532552,OH3P-2290152-473523-2290110-473580,406.3465,ABC
40.96052649,-81.35219359,T15182_Secondary,407.233,
40.9605381,-81.35747076,T11006_Secondary,409.1502,
40.9605561,-81.37839199,T15053_Secondary,407.2612,
40.96055837,-81.37862495,OH3P-2278194-473385-2278166-472696,406.3976,ABC
40.96056145,-81.31843935,OHSEC1P-2294815-473605-2294635-473582,414.1434,ABC
40.960603,-81.31961785,OHSEC1P-2294489-473616-2294635-473582,414.1432,ABC
40.96062703,-81.31596465,OHSEC1P-2295498-473638-2295783-472777,414.1339,ABC
40.96064343,-81.34309914,OH1P-2288005-473544-2288019-473088,404.1252,B
40.96066104,-81.31033443,OHSEC1P-2297053-473672-2297422-473580,414.1335,ABC
40.96068688,-81.34287332,T15423_Secondary,407.1987,
40.96068799,-81.30874301,OHSEC1P-2297492-473688-2297422-473580,414.1337,ABC
40.96069311,-81.34060074,T15434_Secondary,407.1998,
40.9606998,-81.32254889,OHSEC1P-2293679-473640-2293595-473534,414.1058,ABC
40.9607415,-81.40907286,OH3P-2269785-473345-2269893-472895,406.4098,ABC
40.96074992,-81.32271839,OHSEC1P-2293632-473658-2293595-473534,414.1057,ABC
40.96077668,-81.32311187,OHSEC1P-2293523-473666-2293595-473534,414.1055,ABC
40.96082077,-81.32020348,OHSEC1P-2294326-473693-2294635-473582,414.143,ABC
40.96084867,-81.31848198,OHSEC1P-2294802-473710-2294678-473776,414.1428,ABC
40.96090618,-81.33398454,T15503_Secondary,407.2066,
40.9609218,-81.32056766,OHSEC1P-2294225-473729-2294635-473582,414.1429,ABC
40.96093258,-81.31962921,OHSEC1P-2294484-473736-2294635-473582,414.1431,ABC
40.96093861,-81.41365851,T14956_Secondary,407.3154,
40.96102938,-81.33381762,OH1P-2290566-473718-2290726-473893,404.1351,A
40.96104463,-81.32962971,OHSEC1P-2291722-473740-2292161-473199,414.1488,ABC
40.96105503,-81.39569015,T15058_Secondary,407.2862,
40.96106914,-81.31808852,OHSEC1P-2294909-473791-2294678-473776,414.1427,ABC
40.96108774,-81.32751491,OH1P-2292306-473763-2292031-474012,404.2966,C
40.96108774,-81.32751491,OH1P-2292306-473763-2292393-474026,404.2965,C
40.96115223,-81.40918584,OH3P-2269752-473494-2269661-473487,406.4091,ABC
40.96115223,-81.40918584,OH3P-2269752-473494-2269785-473345,406.408,ABC
40.96115855,-81.32286469,OHSEC1P-2293590-473806-2293595-473534,414.1056,ABC
40.96118025,-81.32842143,OHSEC1P-2292055-473793-2292161-473199,414.1487,ABC
40.96119437,-81.33635462,OH1P-2289864-473769-2290030-473626,404.1356,A
40.96120582,-81.3189837,T15659_Secondary,407.4957,
40.96123696,-81.36330512,T15226_Secondary,407.2367,
40.96124235,-81.33657884,T15509_Secondary,407.2071,
40.96125023,-81.35465762,T15180_Secondary,407.2327,
40.96125751,-81.39370319,OH1P-2274027-473586-2273511-473561,404.209,B
40.96125975,-81.32682302,OHSEC1P-2292496-473828-2292746-474026,414.1046,ABC
40.96126379,-81.32572317,OHSEC1P-2292800-473834-2292746-474026,414.1048,ABC
40.9612744,-81.35598351,OH3P-2284443-473727-2284092-473421,406.3638,ABC
40.96131228,-81.33196833,T15504_Secondary,407.2067,
40.96132129,-81.39338121,OH3P-2274116-473611-2274438-474878,406.4108,ABC
40.96136027,-81.33219255,OH1P-2291013-473845-2290726-473893,404.135,A
40.96139248,-81.37350797,T10596_Secondary,407.254,
40.96141355,-81.36330209,OH1P-2282422-473751-2282549-473767,404.1659,B
40.96144183,-81.31951779,OHSEC1P-2294513-473922-2294678-473776,414.1424,ABC
40.96145176,-81.36250927,OH3P-2282640-473768-2282592-474314,406.3689,ABC
40.96147473,-81.32633319,OHSEC1P-2292630-473908-2292746-474026,414.1047,ABC
40.96150224,-81.33322884,OH1P-2290726-473893-2290896-474080,404.1352,A
40.96154136,-81.32789886,OHSEC1P-2292198-473927-2292031-474012,414.1486,ABC
40.96157658,-81.35188707,T15187_Secondary,407.2335,
40.96158133,-81.41568556,T14958_Secondary,407.3156,
40.96158454,-81.33351348,OH1P-2290647-473922-2290726-473893,404.1349,A
40.96158628,-81.33384627,OH3P-2290555-473921-2290523-473950,406.3468,ABC
40.9615953,-81.32122691,OHSEC1P-2294040-473971-2294678-473776,414.1423,ABC
40.96161917,-81.32595151,T15552_Secondary,407.4904,
40.96162319,-81.33484326,T15511_Secondary,407.2073,
40.96162942,-81.4173368,T14951_Secondary,407.3149,
40.96166215,-81.31144006,OHSEC1P-2296742-474032-2296397-472660,414.1068,ABC
40.96166503,-81.33396262,OH3P-2290523-473950-2290152-473523,406.3467,ABC
40.96166503,-81.33396262,OH3P-2290523-473950-2290957-474508,406.347,ABC
40.96167909,-81.40625958,T22830_Secondary,408.1,
40.96168352,-81.31224712,OHSEC1P-2296519-474037-2296397-472660,414.1067,ABC
40.961718,-81.32665832,OHSEC1P-2292540-473996-2292746-474026,414.1041,ABC
40.9617417,-81.33405966,OH3P-2290495-473977-2290523-473950,406.3469,ABC
40.96174587,-81.32213041,OHSEC1P-2293790-474023-2293595-473534,414.1051,ABC
40.96176223,-81.3357113,OH1P-2290039-473978-2289864-473769,404.1357,A
40.96176876,-81.32325529,OHSEC1P-2293479-474027-2293595-473534,414.105,ABC
40.9617798,-81.3285003,OH1P-2292031-474012-2291570-474360,404.2967,C
40.96178649,-81.36443175,T15227_Secondary,407.2368,
40.96179267,-81.32590798,OH3P-2292746-474026-2292475-474197,406.5432,ABC
40.96182997,-81.36420594,OH1P-2282170-473899-2282422-473751,404.166,B
40.96186018,-81.37161223,T10509_Secondary,407.2531,
40.96186123,-81.35938438,T15194_Secondary,407.2338,
40.96186933,-81.33434672,OH1P-2290416-474023-2290369-474095,404.1359,A
40.96188416,-81.36956533,T10510_Secondary,407.2534,
40.96191398,-81.33559213,T15510_Secondary,407.2072,
40.96192229,-81.32808791,OHSEC1P-2292144-474065-2292031-474012,414.148,ABC
40.96193155,-81.32838111,T15667_Secondary,407.4965,
40.9619405,-81.31928459,OHSEC1P-2294575-474104-2294678-473776,414.1425,ABC
40.96196114,-81.33238211,T15505_Secondary,407.2068,
40.96200913,-81.33260633,OH1P-2290896-474080-2291156-474376,404.1353,A
40.96203847,-81.31872818,OHSEC1P-2294728-474142-2294678-473776,414.1426,ABC
40.96203872,-81.41145627,T14891_Secondary,407.3109,
40.96204832,-81.32709931,OH3P-2292416-474115-2292475-474197,406.5427,ABC
40.96205794,-81.32466867,OHSEC1P-2293087-474127-2292746-474026,414.1044,ABC
40.96207055,-81.33451033,OH1P-2290369-474095-2290280-473995,404.1358,A
40.96207055,-81.33451033,OH1P-2290369-474095-2290531-474261,404.136,A
40.96220069,-81.35573123,OH3P-2284509-474065-2284443-473727,406.3679,ABC
40.96225509,-81.33527252,OH1P-2290158-474160-2290369-474095,404.1363,A
40.96225544,-81.32870422,OHSEC1P-2291972-474184-2292031-474012,414.1481,ABC
40.962291,-81.35593146,T15189_Secondary,409.1508,
40.9623336,-81.35049985,T15184_Secondary,407.2332,
40.96239643,-81.32609876,OHSEC1P-2292691-474245-2292746-474026,414.1043,ABC
40.96241928,-81.32846419,OHSEC1P-2292037-474245-2292031-474012,414.1483,ABC
40.96242136,-81.3282097,OHSEC1P-2292108-474246-2292031-474012,414.1484,ABC
40.96242867,-81.33371691,T15512_Secondary,407.2074,
40.96243464,-81.32791715,OHSEC1P-2292188-474252-2292031-474012,414.1485,ABC
40.96243691,-81.3009609,T15557_Secondary,407.4805,
40.96243961,-81.33869232,T15515_Secondary,407.2076,
40.96247433,-81.32735821,OH3P-2292343-474269-2292475-474197,406.5431,ABC
40.96248496,-81.3011851,OH3P-2299570-474371-2299555-473630,406.5349,ABC
40.96248496,-81.3011851,OH3P-2299570-474371-2299618-475824,406.535,ABC
40.96249646,-81.33002992,OHSEC1P-2291605-474267-2291570-474360,414.1471,ABC
40.96251901,-81.33391711,OH1P-2290531-474261-2290669-474454,404.1361,A
40.96252535,-81.41360025,T14957_Secondary,407.3155,
40.96254154,-81.32695636,OHSEC1P-2292453-474295-2292746-474026,414.1042,ABC
40.96257851,-81.32759237,OH3P-2292277-474306-2292074-474414,406.5457,ABC
40.96258523,-81.41448193,T14959_Secondary,407.3157,
40.96260958,-81.33862904,OH1P-2289229-474276-2290158-474160,404.1362,A
40.96268438,-81.33148802,T15506_Secondary,407.2069,
40.96270227,-81.3530524,T15186_Secondary,407.2334,
40.96270472,-81.36109549,T15195_Secondary,407.2339,
40.96272674,-81.32871937,OHSEC1P-2291965-474356-2292031-474012,414.1482,ABC
40.96274265,-81.36733615,T15229_Secondary,407.2221,
40.96279399,-81.3299177,OHSEC1P-2291634-474376-2291570-474360,414.1472,ABC
40.96281092,-81.33165055,OH1P-2291156-474376-2291327-474550,404.1354,A
40.9628152,-81.35557507,OH3P-2284549-474289-2284509-474065,406.3624,ABC
40.96288322,-81.32832179,OH3P-2292074-474414-2292172-474588,406.5456,ABC
40.96290348,-81.33003017,T15666_Secondary,407.4964,
40.96292961,-81.32938945,OHSEC1P-2291779-474427-2291570-474360,414.1474,ABC
40.96292993,-81.41192918,T14892_Secondary,407.311,
40.96293134,-81.32978648,OHSEC1P-2291670-474426-2291570-474360,414.1473,ABC
40.96295333,-81.36265775,OH3P-2282592-474314-2282524-474850,406.3683,ABC
40.96306783,-81.3571785,T15193_Secondary,407.2337,
40.96312857,-81.32958659,OHSEC1P-2291724-474499-2291570-474360,414.1479,ABC
40.96315464,-81.33322652,T15513_Secondary,407.2075,
40.96315748,-81.32987528,OHSEC1P-2291644-474508-2291570-474360,414.1476,ABC
40.96318153,-81.33236207,OH3P-2290957-474508-2291031-474569,406.346,ABC
40.96322892,-81.36181547,T15196_Secondary,407.234,
40.96323596,-81.33004218,OHSEC1P-2291598-474536-2291570-474360,414.1475,ABC
40.96324463,-81.32834921,OHSEC1P-2292065-474546-2292040-474643,414.1456,ABC
40.96326321,-81.31834087,OHSEC1P-2294829-474590-2295145-475297,414.1422,ABC
40.96326834,-81.32575138,OHSEC1P-2292782-474564-2292746-474026,414.1049,ABC
40.96327932,-81.32935597,OH3P-2291787-474555-2292074-474414,406.5455,ABC
40.96328119,-81.33252244,OH3P-2290912-474544-2290957-474508,406.3471,ABC
40.9632987,-81.34009657,T15418_Secondary,407.1982,
40.96332234,-81.3515174,T15185_Secondary,407.2333,
40.96337177,-81.33022939,OHSEC1P-2291545-474585-2291570-474360,414.1477,ABC
40.96338349,-81.32959014,OH3P-2291722-474592-2291441-474729,406.541,ABC
40.96338552,-81.33032209,OHSEC1P-2291520-474590-2291570-474360,414.147,ABC
40.96340332,-81.33011461,OHSEC1P-2291577-474597-2291570-474360,414.1478,ABC
40.96340882,-81.3328095,OH1P-2290833-474589-2290576-474687,404.1371,A
40.96342393,-81.32874375,OHSEC1P-2291955-474610-2291692-474855,414.1464,ABC
40.96343663,-81.33090334,T15507_Secondary,407.207,
40.96349163,-81.33189751,OH3P-2291084-474623-2291325-474816,406.331,ABC
40.96351029,-81.32820364,T15663_Secondary,407.4961,
40.96351731,-81.33379636,T15522_Secondary,407.2083,
40.96353454,-81.327824,OH3P-2292209-474653-2291719-475057,406.5458,ABC
40.96353813,-81.32920921,OHSEC1P-2291826-474649-2291692-474855,414.1463,ABC
40.96357509,-81.40715751,T14894_Secondary,407.3112,
40.96359667,-81.34345237,T15419_Secondary,407.1983,
40.96363017,-81.40743924,OH3P-2270223-474403-2269901-474452,406.4095,ABC
40.96369977,-81.32836038,OHSEC1P-2292060-474712-2292040-474643,414.1452,ABC
40.96370471,-81.32957555,OHSEC1P-2291724-474709-2291692-474855,414.1462,ABC
40.9637049,-81.37814903,T15054_Secondary,407.2613,
40.96370717,-81.378382,OH3P-2278247-474533-2278194-473385,406.3977,ABC
40.96375093,-81.41426495,T14960_Secondary,407.3158,
40.96376196,-81.31394738,OHSEC1P-2296040-474788-2295904-475326,414.1393,ABC
40.96377688,-81.40860307,OH3P-2269901-474452-2269752-473494,406.4031,ABC
40.96379063,-81.32878575,OHSEC1P-2291942-474743-2292040-474643,414.1451,ABC
40.96382119,-81.32987872,OHSEC1P-2291640-474750-2291692-474855,414.1461,ABC
40.96382195,-81.32754276,OHSEC1P-2292285-474759-2292040-474643,414.1455,ABC
40.96383603,-81.33085712,OH3P-2291370-474752-2291325-474816,406.3308,ABC
40.96385768,-81.41683896,T14955_Secondary,407.3153,
40.96387865,-81.35965716,T15197_Secondary,407.2341,
40.96389886,-81.32899463,OHSEC1P-2291884-474782-2292040-474643,414.145,ABC
40.96389962,-81.33004225,OHSEC1P-2291594-474778-2291692-474855,414.146,ABC
40.9639567,-81.32980407,T15664_Secondary,407.4962,
40.96398868,-81.32773568,OHSEC1P-2292231-474819-2292040-474643,414.1454,ABC
40.96401797,-81.33474055,OH1P-2290296-474804-2290576-474687,404.137,A
40.96403177,-81.32930222,OH1P-2291798-474829-2292040-474643,404.2963,A
40.96403535,-81.33020152,OHSEC1P-2291550-474827-2291692-474855,414.1459,ABC
40.96405011,-81.32914586,OHSEC1P-2291841-474836-2291798-474829,414.1448,ABC
40.96406596,-81.33496478,T15521_Secondary,407.2082,
40.96409538,-81.32798142,OHSEC1P-2292162-474857-2292040-474643,414.1453,ABC
40.96410845,-81.32968489,OH1P-2291692-474855-2291596-474944,404.2961,A
40.96410845,-81.32968489,OH1P-2291692-474855-2291798-474829,404.2962,A
40.96413609,-81.33596935,T15518_Secondary,407.2079,
40.96416818,-81.3298846,OHSEC1P-2291637-474876-2291692-474855,414.1458,ABC
40.9641749,-81.35533256,OH3P-2284609-474786-2284549-474289,406.369,ABC
40.96418201,-81.30844968,OHSEC1P-2297556-474962-2297513-475697,414.1334,ABC
40.96418352,-81.32918304,T15662_Secondary,407.496,
40.9642023,-81.35861532,T15198_Secondary,407.2342,
40.96425698,-81.32969182,OHSEC1P-2291689-474910-2291692-474855,414.1457,ABC
40.9642652,-81.35553279,T15190_Secondary,409.1509,
40.96426648,-81.33171164,OH3P-2291132-474906-2291325-474816,406.3309,ABC
40.96432315,-81.32835482,OHSEC1P-2292058-474939-2291798-474829,414.1447,ABC
40.96433113,-81.33196942,OH3P-2291060-474928-2291032-474941,406.3463,ABC
40.96435566,-81.33002709,OH1P-2291596-474944-2291629-474972,404.296,A
40.96435653,-81.32948917,OHSEC1P-2291745-474947-2291798-474829,414.1449,ABC
40.96436658,-81.3320711,OH3P-2291032-474941-2290590-475095,406.3464,ABC
40.96437269,-81.34096871,T15417_Secondary,407.1981,
40.96438568,-81.41205915,T14962_Secondary,407.316,
40.96438984,-81.36593935,T15228_Secondary,407.2369,
40.96442526,-81.36287853,OH3P-2282524-474850-2282456-475205,406.3639,ABC
40.96443368,-81.33105564,T15526_Secondary,407.2086,
40.96445821,-81.3612039,T15201_Secondary,407.2344,
40.96446302,-81.34116893,OH1P-2288519-474942-2288653-475319,404.1239,A
40.96446302,-81.34116893,OH1P-2288519-474942-2288804-474584,404.124,A
40.96452798,-81.33725384,T15517_Secondary,407.2078,
40.96454342,-81.32919596,OHSEC1P-2291825-475016-2291798-474829,414.1445,ABC
40.96454715,-81.33014537,OHSEC1P-2291563-475014-2291513-475039,414.1469,ABC
40.96456586,-81.38820064,T14989_Secondary,407.3186,
40.96458629,-81.32012224,OHSEC1P-2294330-475065-2294573-475410,414.1415,ABC
40.96460704,-81.32967131,OH3P-2291693-475037-2291719-475057,406.5459,ABC
40.96460979,-81.33198275,OH1P-2291055-475030-2291081-475084,404.1376,C
40.96461777,-81.33032579,OH1P-2291513-475039-2291596-474944,404.2964,A
40.96465842,-81.32901135,OHSEC1P-2291875-475058-2291798-474829,414.1444,ABC
40.96469794,-81.33719055,OH1P-2289617-475042-2289973-474904,404.1366,A
40.96470811,-81.33052599,T15665_Secondary,407.4963,
40.96471565,-81.40982978,T14893_Secondary,407.3111,
40.96472284,-81.33607149,T15520_Secondary,407.2081,
40.96475859,-81.33188746,OH1P-2291081-475084-2291256-475001,404.1375,C
40.96476589,-81.32980081,OHSEC1P-2291657-475095-2291513-475039,414.1467,ABC
40.96477343,-81.32882673,OHSEC1P-2291926-475101-2291798-474829,414.1446,ABC
40.96478299,-81.33010123,OHSEC1P-2291574-475100-2291513-475039,414.1466,ABC
40.96478411,-81.35637473,T15200_Secondary,407.2343,
40.96479792,-81.31863533,OHSEC1P-2294740-475148-2294573-475410,414.1418,ABC
40.96484578,-81.39685782,T14966_Secondary,407.3164,
40.96485827,-81.32964632,OHSEC1P-2291699-475129-2291513-475039,414.1465,ABC
40.96488924,-81.31470812,OHSEC1P-2295824-475196-2295904-475326,414.1392,ABC
40.9648928,-81.3360082,OH1P-2289942-475118-2290178-475021,404.1368,A
40.96489613,-81.33398048,OH3P-2290502-475127-2290238-475218,406.3327,ABC
40.96489955,-81.31425856,OHSEC1P-2295948-475201-2295904-475326,414.1389,ABC
40.96491234,-81.3350202,OH1P-2290215-475129-2290178-475021,404.1369,A
40.96491476,-81.31384212,OHSEC1P-2296063-475208-2295904-475326,414.139,ABC
40.96492716,-81.31519364,OHSEC1P-2295690-475208-2295904-475326,414.1391,ABC
40.96495943,-81.31324963,OHSEC1P-2296226-475227-2296328-475364,414.1386,ABC
40.96497515,-81.41496536,T14961_Secondary,407.3159,
40.96497559,-81.3241674,OHSEC1P-2293211-475192-2294573-475410,414.1443,ABC
40.96498019,-81.38575052,T14995_Secondary,407.3192,
40.9650147,-81.31716612,T15658_Secondary,407.4956,
40.96502237,-81.39685489,OH1P-2273139-474947-2273166-475142,404.205,A
40.9650274,-81.31287349,OHSEC1P-2296330-475253-2296328-475364,414.1387,ABC
40.96503308,-81.39212383,OH3P-2274446-474967-2274524-476061,406.4025,ABC
40.96503569,-81.35509714,OH3P-2284670-475100-2284609-474786,406.3625,ABC
40.96503938,-81.32929864,OHSEC1P-2291794-475196-2291513-475039,414.1468,ABC
40.96503988,-81.33899034,T15516_Secondary,407.2077,
40.96509098,-81.31453095,T15653_Secondary,407.4951,
40.96511285,-81.31252487,OHSEC1P-2296426-475285-2296328-475364,414.1388,ABC
40.96514757,-81.31555256,OHSEC1P-2295589-475287-2295145-475297,414.142,ABC
40.9651493,-81.35964743,T15202_Secondary,407.2345,
40.96515301,-81.34436441,OH1P-2287633-475182-2287706-475846,404.1237,A
40.96515301,-81.34436441,OH1P-2287633-475182-2287893-474683,404.1241,A
40.96515555,-81.33493185,OH3P-2290238-475218-2289742-475414,406.3462,ABC
40.96515609,-81.31287909,T15652_Secondary,407.495,
40.96517111,-81.38654716,OH1P-2275985-475037-2275976-475185,404.2084,B
40.96517111,-81.38654716,OH1P-2275985-475037-2276144-474987,404.2087,B
40.96517662,-81.3879322,OH1P-2275602-475034-2275548-474873,404.2078,B
40.96517662,-81.3879322,OH1P-2275602-475034-2275667-475513,404.2082,B
40.96517662,-81.3879322,OH1P-2275602-475034-2275985-475037,404.2083,B
40.96519129,-81.31716297,OH1P-2295145-475297-2294573-475410,404.2956,C
40.96519129,-81.31716297,OH1P-2295145-475297-2295397-475394,404.2955,C
40.96520798,-81.35806839,T15203_Secondary,407.2346,
40.96520984,-81.33892705,OH1P-2289135-475223-2289617-475042,404.1365,A
40.96524271,-81.31441173,OH1P-2295904-475326-2296135-475345,404.2949,C
40.96525338,-81.31227131,OHSEC1P-2296495-475338-2296495-475643,414.1376,ABC
40.96527622,-81.3441975,T15420_Secondary,407.1984,
40.96529751,-81.33927097,OH1P-2289039-475253-2289135-475223,404.1364,A
40.96531698,-81.3935694,T14967_Secondary,407.3165,
40.96532085,-81.34072879,T15416_Secondary,407.198,
40.96532574,-81.31592769,OHSEC1P-2295485-475350-2295145-475297,414.1419,ABC
40.96533268,-81.31287592,OH1P-2296328-475364-2296135-475345,404.2948,C
40.96533268,-81.31287592,OH1P-2296328-475364-2296560-475551,404.2947,C
40.96535336,-81.33169053,OH1P-2291132-475302-2290849-475396,404.1374,C
40.96535336,-81.33169053,OH1P-2291132-475302-2291081-475084,404.1377,C
40.96535336,-81.33169053,OH1P-2291132-475302-2291151-475464,404.1372,C
40.96535854,-81.3633333,T11007_Secondary,409.1503,
40.96536446,-81.33959186,OH3P-2288950-475276-2288888-475311,406.343,ABC
40.96540202,-81.36310748,OH3P-2282456-475205-2282230-475412,406.3684,ABC
40.96541701,-81.31680707,OHSEC1P-2295242-475380-2295145-475297,414.1421,ABC
40.9654389,-81.37480985,T15260_Secondary,407.2398,
40.96544118,-81.37504283,OH1P-2279160-475176-2279197-476085,404.1696,A
40.96544617,-81.40974547,T15596_Secondary,407.3039,
40.96544664,-81.31203549,OHSEC1P-2296559-475409-2296495-475643,414.1373,ABC
40.96545285,-81.33277592,T15527_Secondary,407.2087,
40.96546166,-81.33981616,OH3P-2288888-475311-2288814-475322,406.3429,ABC
40.96546166,-81.33981616,OH3P-2288888-475311-2288838-474722,406.3432,ABC
40.96546166,-81.33981616,OH3P-2288888-475311-2288889-475377,406.3431,ABC
40.96546834,-81.38953113,OH1P-2275160-475135-2275290-475463,404.2081,B
40.96546834,-81.38953113,OH1P-2275160-475135-2275602-475034,404.2077,B
40.96549081,-81.34066551,OH1P-2288653-475319-2288722-475322,404.1238,A
40.96549311,-81.40846014,OH3P-2269932-475078-2269901-474452,406.4094,ABC
40.9655031,-81.33843007,T15519_Secondary,407.208,
40.96552525,-81.31946065,T15657_Secondary,407.4955,
40.96553099,-81.31312751,OHSEC1P-2296257-475435-2296328-475364,414.1385,ABC
40.96555548,-81.39641632,OH1P-2273258-475142-2273529-475158,404.2057,A
40.96555704,-81.39674913,OH1P-2273166-475142-2273091-475424,404.2051,A
40.96557861,-81.38657385,OH1P-2275976-475185-2276022-475534,404.2085,B
40.96558087,-81.38680683,T14993_Secondary,407.319,
40.96558912,-81.39543311,OH1P-2273529-475158-2274013-475121,404.2058,A
40.96558935,-81.33822675,OH1P-2289326-475363-2289942-475118,404.1367,A
40.96560864,-81.34840055,T15421_Secondary,407.1985,
40.96562281,-81.33271262,OH1P-2290849-475396-2290652-475461,404.1378,C
40.96566856,-81.27384237,T15727_Secondary,407.4856,
40.96571337,-81.33671825,OH3P-2289742-475414-2289268-475551,406.3461,ABC
40.96571666,-81.27406656,OH1P-2307042-475652-2306962-476393,404.2835,A
40.96575673,-81.31468364,OHSEC1P-2295826-475512-2296019-475671,414.1383,ABC
40.96576027,-81.39549057,T14965_Secondary,407.3163,
40.96579123,-81.31642557,OHSEC1P-2295345-475518-2295543-475595,414.1409,ABC
40.96579862,-81.33161589,OH1P-2291151-475464-2291203-475776,404.1373,C
40.96580838,-81.33342174,OH1P-2290652-475461-2290394-475593,404.1379,C
40.96580978,-81.31257706,OHSEC1P-2296408-475539-2296495-475643,414.1372,ABC
40.96581003,-81.31329185,OHSEC1P-2296210-475537-2296328-475364,414.1384,ABC
40.96583716,-81.31202421,OH1P-2296560-475551-2296495-475643,404.2944,C
40.96584661,-81.33184012,T15525_Secondary,407.2085,
40.96584973,-81.3398065,OH3P-2288889-475452-2288884-475654,406.3428,ABC
40.96586094,-81.36400434,OH3P-2282207-475369-2282230-475412,406.3685,ABC
40.96586599,-81.31165608,OHSEC1P-2296662-475563-2296495-475643,414.1375,ABC
40.96593306,-81.36028183,T15210_Secondary,407.2353,
40.96593789,-81.3905899,OH1P-2274865-475302-2275160-475135,404.2076,B
40.9659533,-81.32710344,T15571_Secondary,407.4915,
40.96595603,-81.36469983,T15233_Secondary,407.2373,
40.96595658,-81.33662991,OH1P-2289765-475503-2289774-475703,404.1227,B
40.96597844,-81.36391604,OH3P-2282230-475412-2282266-475440,406.3686,ABC
40.96599207,-81.35694506,T15204_Secondary,407.2347,
40.96599512,-81.31570574,OH1P-2295543-475595-2295397-475394,404.2954,C
40.96603555,-81.31344873,OHSEC1P-2296166-475618-2296019-475671,414.1378,ABC
40.96606542,-81.31273108,OHSEC1P-2296364-475632-2296495-475643,414.1377,ABC
40.96607934,-81.31188358,OHSEC1P-2296598-475640-2296495-475643,414.1374,ABC
40.96607985,-81.32726598,OH3P-2292350-475583-2291719-475057,406.5491,ABC
40.96608669,-81.32936575,OHSEC1P-2291770-475577-2292350-475583,414.115,ABC
40.96609447,-81.31248821,T15650_Secondary,407.4948,
40.96610905,-81.39064734,T14988_Secondary,407.3185,
40.96610975,-81.36259648,T15212_Secondary,407.2355,
40.96612169,-81.31586825,T15656_Secondary,407.4954,
40.96612952,-81.35460899,T15221_Secondary,409.1511,
40.96613434,-81.3162784,OHSEC1P-2295384-475643-2295543-475595,414.141,ABC
40.96615354,-81.36126806,T15209_Secondary,407.2352,
40.96616232,-81.32774096,OHSEC1P-2292219-475611-2292350-475583,414.1149,ABC
40.96618571,-81.31397678,OH1P-2296019-475671-2296135-475345,404.2946,C
40.96620475,-81.30880044,T15644_Secondary,407.4942,
40.96621982,-81.35480923,OH3P-2284744-475533-2284670-475100,406.3626,ABC
40.96622814,-81.40848382,T10834_Secondary,407.304,
40.96625881,-81.31286581,OHSEC1P-2296326-475702-2296326-475947,414.1364,ABC
40.96628539,-81.3136169,OHSEC1P-2296118-475708-2296019-475671,414.1381,ABC
40.96629944,-81.35840037,T15211_Secondary,407.2354,
40.96631564,-81.38881896,T14991_Secondary,407.3188,
40.96633146,-81.31199711,OHSEC1P-2296565-475731-2296495-475643,414.1371,ABC
40.96633252,-81.33422912,T15529_Secondary,407.2088,
40.96633574,-81.39724109,T14964_Secondary,407.3162,
40.96633635,-81.35146942,T15422_Secondary,407.1986,
40.96635566,-81.31391343,T15651_Secondary,407.4949,
40.96636351,-81.38904324,OH1P-2275290-475463-2275251-475710,404.208,B
40.96637184,-81.32765274,OHSEC1P-2292242-475688-2292350-475583,414.1151,ABC
40.96640256,-81.33981461,OH3P-2288884-475654-2288737-475703,406.341,ABC
40.96640256,-81.33981461,OH3P-2288884-475654-2288865-476034,406.3412,ABC
40.96640256,-81.33981461,OH3P-2288884-475654-2289206-475567,406.3411,ABC
40.96642246,-81.30071658,T15558_Secondary,407.4806,
40.96643163,-81.31795567,OHSEC1P-2294919-475745-2294573-475410,414.1414,ABC
40.96644912,-81.31300795,OHSEC1P-2296286-475770-2296326-475947,414.1363,ABC
40.9664567,-81.31610868,OHSEC1P-2295429-475762-2295543-475595,414.1412,ABC
40.966457,-81.33636585,T15409_Secondary,407.1901,
40.96647052,-81.30094079,OH3P-2299618-475824-2299638-476519,406.5357,ABC
40.96647425,-81.31120489,OHSEC1P-2296783-475786-2296655-476094,414.137,ABC
40.96648585,-81.3597522,T15208_Secondary,407.2351,
40.96649026,-81.41125333,T14909_Secondary,407.3116,
40.96650498,-81.33659009,OH1P-2289774-475703-2289685-476525,404.1228,B
40.96650632,-81.35140616,OH1P-2285682-475649-2286549-475389,404.1235,A
40.96651411,-81.38536041,T14996_Secondary,407.3193,
40.96653519,-81.3863888,OH1P-2276022-475534-2275976-475648,404.2086,B
40.96653519,-81.3863888,OH1P-2276022-475534-2276242-475530,404.2088,B
40.96657721,-81.3077133,OHSEC1P-2297747-475837-2297513-475697,414.1333,ABC
40.96658813,-81.36363492,T15213_Secondary,407.2356,
40.96658837,-81.32762332,OHSEC1P-2292249-475767-2292350-475583,414.1152,ABC
40.9665975,-81.40654447,T14977_Secondary,407.3175,
40.96660056,-81.31402527,OHSEC1P-2296004-475822-2296019-475671,414.138,ABC
40.96661184,-81.31357208,OHSEC1P-2296129-475828-2296019-475671,414.1382,ABC
40.96662281,-81.31221507,OHSEC1P-2296504-475837-2296326-475947,414.1359,ABC
40.96663665,-81.31317341,OHSEC1P-2296239-475838-2296326-475947,414.1362,ABC
40.96664555,-81.39291697,OH1P-2274219-475552-2274013-475121,404.2059,A
40.96664555,-81.39291697,OH1P-2274219-475552-2274247-475766,404.206,A
40.96664779,-81.34072608,OH3P-2288631-475740-2288664-475722,406.3409,ABC
40.96664878,-81.31571247,OHSEC1P-2295538-475833-2295543-475595,414.1413,ABC
40.96666426,-81.38767191,T14992_Secondary,407.3189,
40.96669188,-81.32689577,OHSEC1P-2292450-475807-2292350-475583,414.1154,ABC
40.9667008,-81.39381655,OH1P-2273971-475569-2274219-475552,404.2056,A
40.96670459,-81.32444378,OH3P-2293127-475821-2292704-475851,406.5484,ABC
40.96672569,-81.31668278,OHSEC1P-2295270-475857-2295543-475595,414.1411,ABC
40.96672965,-81.32760122,OHSEC1P-2292255-475818-2292350-475583,414.1153,ABC
40.96674572,-81.31923343,OHSEC1P-2294565-475855-2294573-475410,414.1417,ABC
40.96674735,-81.31256085,OH1P-2296408-475881-2296326-475947,404.294,C
40.96674735,-81.31256085,OH1P-2296408-475881-2296495-475643,404.2945,C
40.9667497,-81.31446744,OHSEC1P-2295881-475874-2296019-475671,414.1379,ABC
40.96677007,-81.30893678,OHSEC1P-2297408-475903-2297513-475697,414.1332,ABC
40.96678554,-81.40835433,OH3P-2269956-475549-2269932-475078,406.4109,ABC
40.96678816,-81.3782626,OH3P-2278265-475655-2278247-474533,406.3981,ABC
40.96678976,-81.37859542,OH1P-2278173-475655-2276893-475707,404.1884,B
40.96679955,-81.34060691,T15367_Secondary,407.1932,
40.9668,-81.36707625,T15230_Secondary,407.237,
40.96680061,-81.40499548,OH1P-2270883-475566-2270456-475551,404.2069,B
40.96680348,-81.32597246,OH3P-2292704-475851-2292383-475881,406.5489,ABC
40.96680477,-81.33129214,T15524_Secondary,407.2084,
40.96680945,-81.31185797,OHSEC1P-2296601-475906-2296326-475947,414.1358,ABC
40.96681616,-81.3579658,T15206_Secondary,407.2349,
40.96682659,-81.3153172,OHSEC1P-2295646-475899-2295759-476080,414.1408,ABC
40.96682726,-81.39397921,T14969_Secondary,407.3167,
40.96684729,-81.31305811,T15648_Secondary,407.4946,
40.96687123,-81.35472736,OH3P-2284764-475770-2284744-475533,406.3692,ABC
40.9668813,-81.34253652,T11012_Secondary,407.1902,
40.96688758,-81.39663215,OH1P-2273192-475627-2273128-475636,404.2054,A
40.96689246,-81.38343125,T15057_Secondary,407.2501,
40.96689684,-81.32713483,OH3P-2292383-475881-2292350-475583,406.5475,ABC
40.9669105,-81.36553545,T15232_Secondary,407.2372,
40.96691397,-81.39686488,OH1P-2273128-475636-2273069-475632,404.2053,A
40.96691397,-81.39686488,OH1P-2273128-475636-2273091-475424,404.2052,A
40.96691397,-81.39686488,OH1P-2273128-475636-2273131-476060,404.2049,A
40.96692994,-81.41201937,T14907_Secondary,407.3114,
40.9669335,-81.31285476,OH1P-2296326-475947-2296224-476246,404.2942,C
40.96693933,-81.3096459,OHSEC1P-2297212-475962-2297513-475697,414.1331,ABC
40.96695177,-81.31146158,OHSEC1P-2296710-475959-2296655-476094,414.1365,ABC
40.96696467,-81.31355853,OHSEC1P-2296131-475956-2296326-475947,414.1361,ABC
40.96697787,-81.40968464,T14910_Secondary,407.3117,
40.96700008,-81.38939813,T14990_Secondary,407.3187,
40.96701895,-81.3866076,T14994_Secondary,407.3191,
40.96705127,-81.34247324,OH3P-2288146-475880-2288631-475740,406.3321,ABC
40.96708602,-81.31265499,OHSEC1P-2296380-476004-2296326-475947,414.136,ABC
40.9671131,-81.37795579,T15055_Secondary,407.2614,
40.96711537,-81.37818878,OH3P-2278284-475775-2278265-475655,406.398,ABC
40.96711537,-81.37818878,OH3P-2278284-475775-2278316-476784,406.3978,ABC
40.96711879,-81.34296791,OH3P-2288009-475903-2288146-475880,406.3414,ABC
40.96712199,-81.31443269,OHSEC1P-2295889-476010-2295759-476080,414.1403,ABC
40.96712443,-81.3141741,OHSEC1P-2295960-476012-2295759-476080,414.1404,ABC
40.9671722,-81.30710317,OHSEC1P-2297913-476056-2297599-476289,414.1327,ABC
40.96717335,-81.31532511,OHSEC1P-2295642-476026-2295759-476080,414.1407,ABC
40.96718553,-81.34430398,T15368_Secondary,407.1933,
40.96719371,-81.2885923,T15721_Secondary,407.485,
40.96720217,-81.41457304,OH1P-2268237-475679-2268806-475664,404.2043,B
40.967216,-81.34398196,OH3P-2287729-475935-2287736-475983,406.3427,ABC
40.96723027,-81.39257518,T14970_Secondary,407.3168,
40.96723251,-81.39280817,OH1P-2274247-475766-2274100-475984,404.2061,A
40.96725284,-81.31369793,OHSEC1P-2296091-476061-2296224-476246,414.1355,ABC
40.96727595,-81.31142947,T15649_Secondary,407.4947,
40.96729412,-81.41483156,T14906_Secondary,407.3113,
40.96731762,-81.31490048,OH1P-2295759-476080-2295543-475595,404.2953,C
40.96732002,-81.31513347,T15655_Secondary,407.4953,
40.96732398,-81.3116537,OH1P-2296655-476094-2296408-475881,404.2943,C
40.96733127,-81.29389973,T15720_Secondary,407.48,
40.96733598,-81.31089142,OHSEC1P-2296866-476101-2297513-475697,414.133,ABC
40.96734188,-81.312295,OHSEC1P-2296478-476098-2296655-476094,414.1369,ABC
40.96734759,-81.32334504,OHSEC1P-2293427-476059-2292505-476588,414.1148,ABC
40.96734886,-81.34395317,OH3P-2287736-475983-2288009-475903,406.3402,ABC
40.9673555,-81.34424071,OH3P-2287657-475985-2287736-475983,406.3426,ABC
40.96736201,-81.3428796,OH1P-2288033-475992-2288043-476501,404.123,A
40.9673703,-81.28858908,OH1P-2303024-476199-2304308-476287,404.2827,A
40.96738504,-81.31121987,OHSEC1P-2296775-476118-2296655-476094,414.1367,ABC
40.96738773,-81.2839374,T15723_Secondary,407.4852,
40.96739529,-81.31445117,OHSEC1P-2295882-476110-2295759-476080,414.1402,ABC
40.96740707,-81.30619751,OHSEC1P-2298161-476145-2297599-476289,414.1328,ABC
40.96741197,-81.32696713,OH3P-2292426-476069-2292383-475881,406.5485,ABC
40.96741343,-81.39494864,OH1P-2273655-475824-2273284-475628,404.2055,A
40.96742557,-81.3630822,T15214_Secondary,407.2357,
40.96745284,-81.31278018,OHSEC1P-2296344-476137-2296224-476246,414.135,ABC
40.96747193,-81.35662924,T15205_Secondary,407.2348,
40.96749062,-81.27177491,T15729_Secondary,407.4858,
40.96750121,-81.29383633,OH1P-2301574-476226-2303024-476199,404.2825,A
40.967518,-81.36931379,T15252_Secondary,407.2391,
40.96753032,-81.31527678,OHSEC1P-2295654-476156-2295411-476344,414.1398,ABC
40.96754162,-81.31376317,OHSEC1P-2296072-476166-2296224-476246,414.1353,ABC
40.9675461,-81.27906442,T15726_Secondary,407.4855,
40.9675876,-81.31574767,OHSEC1P-2295523-476175-2295411-476344,414.1396,ABC
40.96759002,-81.3949457,T14968_Secondary,407.3166,
40.96759977,-81.32004464,OHSEC1P-2294337-476163-2294573-475410,414.1416,ABC
40.96760966,-81.36169455,T15215_Secondary,407.2358,
40.96761216,-81.31206178,OHSEC1P-2296541-476198-2296655-476094,414.1368,ABC
40.96761497,-81.31621623,OHSEC1P-2295394-476183-2295411-476344,414.1395,ABC
40.96762202,-81.28295399,OH1P-2304578-476312-2304308-476287,404.283,A
40.96762202,-81.28295399,OH1P-2304578-476312-2304381-477620,404.2831,A
40.96762273,-81.30993076,OHSEC1P-2297129-476210-2297599-476289,414.1326,ABC
40.96764289,-81.31153754,OHSEC1P-2296686-476211-2296655-476094,414.1366,ABC
40.96765164,-81.33986065,OH3P-2288865-476109-2288884-476706,406.3438,ABC
40.96767169,-81.31447366,OHSEC1P-2295875-476210-2295759-476080,414.1405,ABC
40.9676946,-81.36931077,OH1P-2280733-476018-2280721-476223,404.1682,A
40.9677077,-81.31290289,OHSEC1P-2296308-476229-2296224-476246,414.1349,ABC
40.96770822,-81.34753696,OH1P-2286745-476101-2286549-475389,404.1236,A
40.96772269,-81.27906116,OH1P-2305653-476364-2304578-476312,404.2832,A
40.96772805,-81.35859944,T15207_Secondary,407.235,
40.96773128,-81.31678248,OHSEC1P-2295237-476223-2295411-476344,414.1394,ABC
40.96775139,-81.27431959,OH1P-2306962-476393-2305653-476364,404.2833,A
40.96775139,-81.27431959,OH1P-2306962-476393-2307666-476372,404.2834,A
40.96778423,-81.38860425,T14986_Secondary,407.3183,
40.96779906,-81.31298344,T15647_Secondary,407.4945,
40.96782228,-81.34700369,T15369_Secondary,407.1934,
40.96782297,-81.31379568,OHSEC1P-2296061-476268-2296224-476246,414.1351,ABC
40.96782314,-81.30822766,OH1P-2297599-476289-2297513-475697,404.2937,B
40.96783383,-81.36016615,T15219_Secondary,407.2362,
40.96783593,-81.39332821,OH1P-2274100-475984-2274030-476248,404.2062,A
40.96783593,-81.39332821,OH1P-2274100-475984-2274371-476026,404.2071,A
40.96784207,-81.36628731,T15231_Secondary,407.2371,
40.96787643,-81.31488396,OH1P-2295761-476283-2295759-476080,404.2952,C
40.96788765,-81.37464488,T15259_Secondary,407.2397,
40.96790934,-81.30802431,T15643_Secondary,407.4941,
40.96791069,-81.3887669,OH1P-2275359-476027-2275111-476064,404.2075,B
40.96795023,-81.3144093,OHSEC1P-2295891-476312-2295759-476080,414.1406,ABC
40.96798099,-81.41218849,T14908_Secondary,407.3115,
40.96799225,-81.34694043,OH3P-2286908-476207-2286770-476251,406.3424,ABC
40.96799225,-81.34694043,OH3P-2286908-476207-2287657-475985,406.3403,ABC
40.96801182,-81.39101504,OH1P-2274738-476056-2275111-476064,404.2073,B
40.9680193,-81.38966533,OH1P-2275111-476064-2275122-476356,404.2074,B
40.9680193,-81.38966533,OH1P-2275111-476064-2275251-475710,404.2079,B
40.96802681,-81.41243051,OH1P-2268825-475987-2268810-476075,404.2044,B
40.96803074,-81.39145682,OH1P-2274616-476061-2274738-476056,404.2072,B
40.96803228,-81.31915651,OHSEC1P-2294580-476324-2294866-477054,414.1105,ABC
40.9680323,-81.39178964,OH1P-2274524-476061-2274460-476051,404.2048,A
40.96805669,-81.31614746,OH1P-2295411-476344-2295761-476283,404.295,C
40.96805878,-81.32561193,OHSEC1P-2292797-476310-2292505-476588,414.1144,ABC
40.96805908,-81.31638044,T15654_Secondary,407.4952,
40.96806161,-81.31306053,OHSEC1P-2296263-476358-2296224-476246,414.1354,ABC
40.96807466,-81.31216559,OHSEC1P-2296510-476366-2296224-476246,414.1357,ABC
40.96811175,-81.31378532,OHSEC1P-2296063-476373-2296224-476246,414.1352,ABC
40.96811875,-81.34743916,OH3P-2286770-476251-2286768-476190,406.3425,ABC
40.96812948,-81.32682433,OH3P-2292462-476331-2292426-476069,406.5492,ABC
40.96814493,-81.31509523,OHSEC1P-2295701-476380-2295411-476344,414.1399,ABC
40.96815144,-81.3707975,T15253_Secondary,407.2392,
40.96818181,-81.39095189,T14987_Secondary,407.3184,
40.96820022,-81.31553369,OHSEC1P-2295580-476399-2295411-476344,414.1397,ABC
40.96822645,-81.35443851,T15222_Secondary,407.2363,
40.96824868,-81.31435633,OHSEC1P-2295904-476421-2295863-476695,414.1347,ABC
40.9682546,-81.39683012,T14963_Secondary,407.3161,
40.96826764,-81.3488321,T15370_Secondary,407.1935,
40.96829981,-81.36285917,T15217_Secondary,407.236,
40.96831675,-81.35463875,OH3P-2284781-476297-2284764-475770,406.3627,ABC
40.96831675,-81.35463875,OH3P-2284781-476297-2284803-476376,406.3693,ABC
40.96831806,-81.31602151,OHSEC1P-2295444-476440-2295411-476344,414.1401,ABC
40.96832803,-81.3707945,OH1P-2280320-476243-2280069-476408,404.1684,A
40.96832803,-81.3707945,OH1P-2280320-476243-2280721-476223,404.1685,A
40.96834045,-81.31883343,OHSEC1P-2294668-476438-2294866-477054,414.1106,ABC
40.96837198,-81.31055677,OHSEC1P-2296953-476480-2297599-476289,414.1325,ABC
40.96837499,-81.30049855,OH1P-2299730-476519-2301574-476226,404.2824,A
40.96837682,-81.30083137,OH3P-2299638-476519-2299643-476597,406.5358,ABC
40.96837691,-81.31670532,OHSEC1P-2295255-476459-2295411-476344,414.14,ABC
40.96841261,-81.30225114,OHSEC1P-2299246-476526-2299004-476970,414.1085,ABC
40.96843746,-81.3138566,OHSEC1P-2296041-476492-2295863-476695,414.1341,ABC
40.96843882,-81.34888944,OH3P-2286368-476362-2286770-476251,406.3404,ABC
40.96844229,-81.37649355,T15261_Secondary,407.2399,
40.96844417,-81.31785374,OHSEC1P-2294938-476479-2294866-477054,414.1107,ABC
40.96845085,-81.31305644,OHSEC1P-2296262-476499-2295863-476695,414.1344,ABC
40.96846797,-81.39494216,T11254_Secondary,407.2922,
40.96848147,-81.40920671,OH1P-2269713-476164-2269967-476172,404.2045,A
40.96849465,-81.40795186,OH3P-2270059-476173-2269956-475549,406.4087,ABC
40.96849485,-81.39609808,T11253_Secondary,407.292,
40.96851839,-81.31217424,OHSEC1P-2296506-476527-2296224-476246,414.1356,ABC
40.96856172,-81.32614016,OHSEC1P-2292649-476491-2292505-476588,414.1145,ABC
40.96858484,-81.36446495,OH3P-2282067-476359-2282065-477145,406.3687,ABC
40.96858484,-81.36446495,OH3P-2282067-476359-2282230-475412,406.3602,ABC
40.96859112,-81.34952227,OH3P-2286193-476416-2286229-476520,406.3416,ABC
40.96859112,-81.34952227,OH3P-2286193-476416-2286368-476362,406.3415,ABC
40.96859636,-81.37660745,OH1P-2278714-476320-2278762-476509,404.1697,B
40.96860698,-81.40942765,T14911_Secondary,407.3118,
40.96860795,-81.30724605,OHSEC1P-2297866-476579-2297599-476289,414.1329,ABC
40.96862105,-81.37175997,T15254_Secondary,407.2393,
40.96864289,-81.31424014,OHSEC1P-2295935-476565-2295863-476695,414.1345,ABC
40.96865522,-81.31869097,OHSEC1P-2294705-476553-2294866-477054,414.111,ABC
40.96867144,-81.39609514,OH1P-2273332-476279-2273652-476273,404.1937,A
40.96868236,-81.39779878,T11252_Secondary,407.2919,
40.96868827,-81.34378508,T15414_Secondary,407.1978,
40.96872621,-81.36352259,T15216_Secondary,407.2359,
40.96873821,-81.35455399,OH3P-2284802-476451-2284854-476757,406.3312,ABC
40.96873965,-81.39356613,T14971_Secondary,407.3169,
40.9687575,-81.34281623,OH1P-2288043-476501-2288221-476676,404.1231,A
40.96876332,-81.30893319,OHSEC1P-2297399-476629-2297025-477010,414.11,ABC
40.96876614,-81.33710437,T15410_Secondary,407.1974,
40.96876872,-81.39759554,OH1P-2272917-476309-2272933-476859,404.1936,A
40.96876872,-81.39759554,OH1P-2272917-476309-2273332-476279,404.1934,A
40.96878197,-81.30362236,OHSEC1P-2298866-476656-2299004-476970,414.1082,ABC
40.96878457,-81.3108103,OHSEC1P-2296881-476629-2297025-477010,414.1099,ABC
40.96878826,-81.31315849,OHSEC1P-2296232-476622-2295863-476695,414.1343,ABC
40.96879104,-81.37169676,OH1P-2280069-476408-2279588-476613,404.1683,A
40.96879647,-81.31124282,OHSEC1P-2296761-476632-2297025-477010,414.1094,ABC
40.96879841,-81.30080823,OH3P-2299643-476672-2299652-476917,406.5362,ABC
40.96880068,-81.31089851,OHSEC1P-2296856-476635-2297025-477010,414.1095,ABC
40.96881994,-81.31002598,OHSEC1P-2297097-476645-2297025-477010,414.1093,ABC
40.96883236,-81.32665568,OH3P-2292505-476588-2292462-476414,406.549,ABC
40.96883236,-81.32665568,OH3P-2292505-476588-2292707-477135,406.5454,ABC
40.96884004,-81.34366592,OH1P-2287808-476528-2288043-476501,404.1232,A
40.96887427,-81.35187318,T15371_Secondary,407.1936,
40.9688773,-81.405559,OH1P-2270718-476321-2270883-475566,404.2068,B
40.96888036,-81.32687992,T15570_Secondary,407.4914,
40.96890764,-81.32605627,OHSEC1P-2292671-476617-2292505-476588,414.1146,ABC
40.96896786,-81.36026645,T15218_Secondary,407.2361,
40.96897428,-81.30121464,OHSEC1P-2299529-476735-2299004-476970,414.1084,ABC
40.96899054,-81.31982877,OHSEC1P-2294390-476671-2294866-477054,414.1111,ABC
40.96899738,-81.38960735,T14985_Secondary,407.3182,
40.96900136,-81.31449101,OH1P-2295863-476695-2295761-476283,404.2951,C
40.96900136,-81.31449101,OH1P-2295863-476695-2296224-476246,404.2941,C
40.96900376,-81.314724,T15646_Secondary,407.4944,
40.96900483,-81.36926628,OH1P-2280739-476495-2280721-476223,404.1681,A
40.96901444,-81.30396365,OHSEC1P-2298770-476739-2299004-476970,414.1081,ABC
40.96901713,-81.4074028,OH1P-2270208-476365-2270718-476321,404.2067,B
40.96901865,-81.40773563,OH3P-2270116-476365-2270059-476173,406.4101,ABC
40.96902405,-81.30428935,OHSEC1P-2298680-476741-2299004-476970,414.108,ABC
40.96903553,-81.30467839,OHSEC1P-2298573-476744-2299004-476970,414.1079,ABC
40.96904544,-81.35193052,OH3P-2285525-476572-2286193-476416,406.3307,ABC
40.96904781,-81.30509456,OHSEC1P-2298458-476747-2299004-476970,414.1078,ABC
40.96905275,-81.36949055,T15250_Secondary,407.2389,
40.96905389,-81.40555608,T14976_Secondary,407.3174,
40.96905696,-81.32206614,OHSEC1P-2293772-476686-2293272-477125,414.1122,ABC
40.96906184,-81.30554596,OHSEC1P-2298333-476750-2299004-476970,414.1077,ABC
40.96908272,-81.37457491,T15258_Secondary,407.2396,
40.96908969,-81.32395465,OHSEC1P-2293250-476691-2293272-477125,414.1121,ABC
40.9691155,-81.3135452,OHSEC1P-2296124-476740-2295863-476695,414.1342,ABC
40.96911977,-81.34946971,OH1P-2286205-476608-2286234-477239,404.1229,B
40.96913966,-81.3972858,OH1P-2273001-476445-2272917-476309,404.1935,A
40.96915405,-81.41441799,T14905_Secondary,407.3046,
40.9691674,-81.318701,OHSEC1P-2294700-476739-2294866-477054,414.1109,ABC
40.9691725,-81.36674836,T15251_Secondary,407.239,
40.96917299,-81.37477518,OH1P-2279217-476537-2279197-476085,404.1695,A
40.96917299,-81.37477518,OH1P-2279217-476537-2279336-477006,404.1694,A
40.9691792,-81.31574394,OHSEC1P-2295517-476755-2294866-477054,414.1112,ABC
40.96918296,-81.34193928,T15412_Secondary,407.1976,
40.96919845,-81.37348944,T15255_Secondary,407.2394,
40.96920345,-81.39696378,OH3P-2273090-476469-2273124-477498,406.4056,ABC
40.96922421,-81.30812546,OH1P-2297620-476800-2297599-476289,404.2936,B
40.96923633,-81.3139783,OHSEC1P-2296004-476782-2295863-476695,414.1346,ABC
40.96923879,-81.32597631,OHSEC1P-2292691-476738-2292505-476588,414.1147,ABC
40.9692645,-81.31211085,OHSEC1P-2296519-476799-2297025-477010,414.1098,ABC
40.9692774,-81.3529793,OH3P-2285235-476653-2285525-476572,406.3405,ABC
40.96927801,-81.34401108,OH1P-2287711-476686-2287808-476528,404.1233,A
40.96929029,-81.3397638,OH3P-2288884-476706-2288900-477411,406.3439,ABC
40.96929264,-81.33999679,T15375_Secondary,407.194,
40.96929651,-81.30128639,OHSEC1P-2299508-476852-2299004-476970,414.1076,ABC
40.96932145,-81.34378524,T15413_Secondary,407.1977,
40.9693248,-81.30359412,OHSEC1P-2298871-476854-2299004-476970,414.1083,ABC
40.96932534,-81.32458772,OHSEC1P-2293074-476775-2293272-477125,414.112,ABC
40.96933107,-81.41208038,T14904_Secondary,407.3045,
40.96936332,-81.3192645,OHSEC1P-2294544-476809-2294866-477054,414.1108,ABC
40.96937569,-81.31431982,OH1P-2295909-476832-2295863-476695,404.2939,C
40.9694104,-81.3128583,OHSEC1P-2296312-476850-2297025-477010,414.1097,ABC
40.9694192,-81.31314773,OHSEC1P-2296232-476852-2297025-477010,414.1096,ABC
40.96947646,-81.30812307,OH3P-2297619-476892-2297612-476976,406.543,ABC
40.96949278,-81.39480035,T11250_Secondary,407.2917,
40.96956067,-81.30217337,OH3P-2299262-476945-2299652-476917,406.5364,ABC
40.9695622,-81.30244491,OH3P-2299187-476944-2299004-476970,406.5446,ABC
40.96956418,-81.39629977,T11249_Secondary,407.2916,
40.96957548,-81.35435243,OH3P-2284854-476757-2285161-476666,406.3313,ABC
40.96959264,-81.33126379,OH1P-2291229-476847-2291261-478159,404.1226,B
40.96959501,-81.33149678,T15408_Secondary,407.1973,
40.96960899,-81.31370517,OHSEC1P-2296077-476919-2295863-476695,414.1348,ABC
40.96962795,-81.31431746,OH3P-2295908-476923-2295931-477006,406.5429,ABC
40.96963651,-81.37621388,OH1P-2278817-476700-2278762-476509,404.1698,B
40.96967548,-81.31847604,OHSEC1P-2294760-476925-2294866-477054,414.1103,ABC
40.9696797,-81.31724662,OHSEC1P-2295099-476931-2294866-477054,414.1104,ABC
40.96968441,-81.37643816,T15262_Secondary,407.24,
40.96970173,-81.31870488,OHSEC1P-2294696-476934-2294866-477054,414.1102,ABC
40.96970736,-81.30814525,OH3P-2297612-476976-2297742-476982,406.5448,ABC
40.969716,-81.39618072,OH1P-2273304-476659-2273686-476647,404.1932,C
40.96972014,-81.3076735,OH3P-2297742-476982-2299004-476970,406.5447,ABC
40.96972395,-81.35588308,T15223_Secondary,407.2364,
40.96973965,-81.32533979,OHSEC1P-2292864-476923-2293272-477125,414.1115,ABC
40.96975244,-81.35525114,OH3P-2284605-476818-2284854-476757,406.3311,ABC
40.96975472,-81.36910431,T15249_Secondary,407.2388,
40.96978237,-81.32613565,OHSEC1P-2292644-476936-2292505-476588,414.1143,ABC
40.96981138,-81.30316433,T15559_Secondary,407.4907,
40.96982266,-81.31027137,OH3P-2297025-477010-2297612-476976,406.5449,ABC
40.96985312,-81.3142304,OH3P-2295931-477006-2297025-477010,406.545,ABC
40.96985579,-81.31814798,T15565_Secondary,407.4909,
40.96985671,-81.30759995,OH3P-2297762-477032-2297742-476982,406.5428,ABC
40.96988221,-81.37779422,T15056_Secondary,407.2615,
40.96989393,-81.35581983,OH3P-2284447-476867-2284534-476840,406.3694,ABC
40.9699247,-81.3690411,OH1P-2280797-476831-2281401-476621,404.168,A
40.96999386,-81.31032861,T15564_Secondary,407.4908,
40.97001771,-81.30175499,OHSEC1P-2299375-477113-2299004-476970,414.1086,ABC
40.97002574,-81.31808463,OH3P-2294866-477054-2293272-477125,406.5452,ABC
40.97002574,-81.31808463,OH3P-2294866-477054-2295931-477006,406.5451,ABC
40.97005772,-81.32192918,OHSEC1P-2293804-477052-2293272-477125,414.1119,ABC
40.97006381,-81.36947221,OH1P-2280677-476880-2280739-476495,404.1679,A
40.97006381,-81.36947221,OH1P-2280677-476880-2280797-476831,404.1678,A
40.97008312,-81.40602229,T14701_Secondary,407.3011,
40.97010897,-81.30759756,OH1P-2297761-477124-2297796-477781,404.2935,A
40.9701132,-81.32364914,OHSEC1P-2293329-477065-2293272-477125,414.1118,ABC
40.9701133,-81.39346876,T11526_Secondary,407.2923,
40.97012907,-81.32414111,OHSEC1P-2293193-477069-2293272-477125,414.1117,ABC
40.97016501,-81.32526345,OHSEC1P-2292883-477078-2293272-477125,414.1116,ABC
40.9702251,-81.34374036,OH1P-2287781-477032-2287711-476686,404.1234,A
40.97025872,-81.37036448,T15247_Secondary,407.2386,
40.97025971,-81.40601938,OH1P-2270585-476823-2270826-477101,404.2041,B
40.97027818,-81.32385244,OH3P-2293272-477125-2292707-477135,406.5453,ABC
40.97028032,-81.39774708,T11251_Secondary,407.2921,
40.97028836,-81.40714941,OH1P-2270272-476829-2270585-476823,404.204,B
40.97028988,-81.40748224,OH3P-2270181-476829-2270116-476365,406.41,ABC
40.97036576,-81.37412291,T15257_Secondary,407.2395,
40.97039628,-81.34379769,T15415_Secondary,407.1979,
40.97042871,-81.37030127,OH1P-2280446-477010-2280677-476880,404.1677,A
40.97043748,-81.30574483,OHSEC1P-2298271-477251-2299004-476970,414.1092,ABC
40.97044153,-81.35944918,T11009_Secondary,407.2223,
40.97045477,-81.32384931,T15566_Secondary,407.491,
40.97045603,-81.37432319,OH1P-2279336-477006-2279467-477415,404.1693,A
40.97046477,-81.30114696,OHSEC1P-2299541-477278-2299004-476970,414.1087,ABC
40.97054325,-81.32507032,OHSEC1P-2292935-477217-2293272-477125,414.1114,ABC
40.97058093,-81.30113974,OHSEC1P-2299542-477320-2299004-476970,414.1088,ABC
40.97061151,-81.35938594,OH3P-2283459-477116-2284447-476867,406.3606,ABC
40.9706693,-81.37616312,T15263_Secondary,407.2401,
40.97068027,-81.39605405,T11248_Secondary,407.2915,
40.97069496,-81.39481297,OH3P-2273677-477020-2273509-477163,406.4055,ABC
40.97071281,-81.37593728,OH1P-2278889-477093-2278817-476700,404.17,B
40.97072535,-81.40042668,T14974_Secondary,407.3172,
40.97080356,-81.39588721,OH1P-2273380-477056-2273304-476659,404.193,C
40.97080356,-81.39588721,OH1P-2273380-477056-2273319-477277,404.1933,C
40.97082295,-81.37147148,OH1P-2280121-477149-2280446-477010,404.1675,A
40.97089351,-81.40740653,OH3P-2270199-477049-2270181-476829,406.4085,ABC
40.9708949,-81.30469737,OHSEC1P-2298558-477421-2299004-476970,414.1091,ABC
40.97089585,-81.30112109,OHSEC1P-2299546-477435-2299004-476970,414.1089,ABC
40.97091264,-81.39464477,OH1P-2273722-477100-2273920-477238,404.1925,B
40.97091429,-81.37232279,T15246_Secondary,407.2385,
40.9709144,-81.39565031,OH1P-2273445-477097-2273380-477056,404.1931,C
40.97093634,-81.3923087,T11240_Secondary,407.2908,
40.97093868,-81.3694459,T15248_Secondary,407.2387,
40.9709469,-81.36443123,OH3P-2282065-477220-2282063-477493,406.3619,ABC
40.97094977,-81.4033737,T14718_Secondary,407.3022,
40.97095106,-81.30834397,OHSEC1P-2297551-477428-2297796-477781,414.1323,ABC
40.9709544,-81.30706328,OHSEC1P-2297905-477434-2297796-477781,414.1321,ABC
40.97098167,-81.30765382,OHSEC1P-2297741-477442-2297796-477781,414.132,ABC
40.97098938,-81.30067928,OH3P-2299667-477471-2299652-476917,406.5363,ABC
40.97101168,-81.40489887,T14702_Secondary,407.3012,
40.9710139,-81.40513187,OH1P-2270826-477101-2270399-477193,404.2042,B
40.97101822,-81.34926878,T15411_Secondary,407.1975,
40.97103754,-81.37215591,OH1P-2279931-477225-2280121-477149,404.1673,A
40.97104489,-81.30286826,OHSEC1P-2299063-477483-2299004-476970,414.109,ABC
40.9710628,-81.39247137,OH1P-2274322-477162-2274005-476859,404.1938,C
40.97109151,-81.30979219,OHSEC1P-2297151-477474-2297025-477010,414.1101,ABC
40.97109167,-81.3954135,OH3P-2273509-477163-2273124-477498,406.4054,ABC
40.97109797,-81.39771767,T11246_Secondary,407.2914,
40.9711342,-81.40877764,T14980_Secondary,407.3178,
40.97117424,-81.39263758,OH1P-2274275-477203-2274322-477162,404.1923,C
40.97119518,-81.30067725,OH3P-2299667-477546-2299660-478098,406.5351,ABC
40.97122101,-81.37334892,T15244_Secondary,407.2383,
40.97122491,-81.33967152,OH3P-2288900-477411-2288940-478965,406.344,ABC
40.97122726,-81.33990451,T15376_Secondary,407.1941,
40.97123433,-81.32463428,OHSEC1P-2293052-477470-2293103-477845,414.1123,ABC
40.97127741,-81.37128589,OH1P-2280170-477316-2280121-477149,404.1672,A
40.97127741,-81.37128589,OH1P-2280170-477316-2280648-477143,404.1676,A
40.97128158,-81.37284162,OH1P-2279741-477312-2279633-477343,404.1674,A
40.97128158,-81.37284162,OH1P-2279741-477312-2279894-477645,404.1671,A
40.97128421,-81.39392124,OH1P-2273920-477238-2273622-477287,404.1926,B
40.97128421,-81.39392124,OH1P-2273920-477238-2274279-477583,404.1924,B
40.97130173,-81.3929248,OH3P-2274195-477248-2273677-477020,406.4053,ABC
40.97130174,-81.41347965,T14902_Secondary,407.3043,
40.97133842,-81.37574446,OH1P-2278939-477322-2278665-477481,404.1701,B
40.97133842,-81.37574446,OH1P-2278939-477322-2278889-477093,404.1699,B
40.97135272,-81.28345207,T15728_Secondary,407.4857,
40.97136768,-81.37148617,T15243_Secondary,407.2382,
40.97136879,-81.39632393,T11247_Secondary,407.2918,
40.97137153,-81.37800406,OH3P-2278315-477326-2278316-476784,406.3979,ABC
40.9713728,-81.37322982,OH1P-2279633-477343-2279467-477415,404.1691,A
40.97141171,-81.3632132,OH3P-2282399-477394-2283459-477116,406.3641,ABC
40.97145537,-81.3939787,T11242_Secondary,407.2909,
40.97145942,-81.40667029,T14703_Secondary,407.3013,
40.97147231,-81.39477326,T11243_Secondary,407.2911,
40.97147628,-81.36347104,OH3P-2282327-477416-2282063-477493,406.3617,ABC
40.97150369,-81.4036812,T14717_Secondary,407.3029,
40.97152439,-81.31735606,OHSEC1P-2295060-477603-2294866-477054,414.1113,ABC
40.97157541,-81.37382817,OH1P-2279467-477415-2279271-477487,404.1692,A
40.97158048,-81.37895255,T11011_Secondary,407.2543,
40.97162427,-81.39927037,OH1P-2272442-477343-2272182-477044,404.2066,B
40.97166548,-81.41163957,T14903_Secondary,407.3044,
40.97169272,-81.40213508,T15598_Secondary,407.3023,
40.97169727,-81.37693411,T15264_Secondary,407.2402,
40.97171502,-81.3923033,OH3P-2274365-477401-2274195-477248,406.4052,ABC
40.97174744,-81.39170453,OH3P-2274530-477415-2274351-477939,406.4026,ABC
40.97174744,-81.39170453,OH3P-2274530-477415-2274454-477425,406.4103,ABC
40.97174744,-81.39170453,OH3P-2274530-477415-2274524-476061,406.4102,ABC
40.97174744,-81.39170453,OH3P-2274530-477415-2274620-477452,406.4104,ABC
40.97175047,-81.37888936,OH3P-2278069-477461-2278315-477326,406.3943,ABC
40.97175154,-81.37093797,OH1P-2280264-477490-2280170-477316,404.167,A
40.97175154,-81.37093797,OH1P-2280264-477490-2280328-477665,404.1669,A
40.97175786,-81.32427547,OHSEC1P-2293148-477662-2293103-477845,414.1124,ABC
40.97180064,-81.35427243,OH3P-2284866-477568-2284837-478341,406.3406,ABC
40.97180064,-81.35427243,OH3P-2284866-477568-2284854-476757,406.3328,ABC
40.97180246,-81.37178605,T15241_Secondary,407.238,
40.97180296,-81.35450543,T15372_Secondary,407.1937,
40.97182832,-81.37475761,T15245_Secondary,407.2384,
40.97183808,-81.36577338,T15224_Secondary,407.2365,
40.97185725,-81.3756853,OH1P-2278953-477511-2278939-477322,404.169,B
40.97190755,-81.36530446,OH3P-2281819-477567-2282063-477493,406.3618,ABC
40.9719096,-81.39105626,OH1P-2274709-477476-2275279-477555,404.2089,B
40.97191447,-81.41420369,T14979_Secondary,407.3177,
40.97195425,-81.37166694,OH1P-2280062-477561-2280264-477490,404.1667,A
40.97198373,-81.37584794,T15256_Secondary,407.2328,
40.97200806,-81.36571016,OH3P-2281706-477602-2281747-477589,406.3695,ABC
40.97202078,-81.40725587,OH3P-2270235-477460-2270199-477049,406.403,ABC
40.97208054,-81.30737587,T15642_Secondary,407.494,
40.97210566,-81.38875326,T14997_Secondary,407.3194,
40.97217092,-81.32422925,T15567_Secondary,407.4911,
40.97218925,-81.37290851,T15240_Secondary,407.2379,
40.97219009,-81.37227202,OH1P-2279894-477645-2279718-477706,404.1665,A
40.97219009,-81.37227202,OH1P-2279894-477645-2280053-477960,404.1663,A
40.97220462,-81.3970275,OH1P-2273059-477563-2272980-477620,404.1928,A
40.97221429,-81.40725377,OH3P-2270235-477530-2270244-477737,406.4112,ABC
40.97226127,-81.32442947,OH3P-2293103-477845-2292707-477135,406.5467,ABC
40.97226127,-81.32442947,OH3P-2293103-477845-2293276-478266,406.5468,ABC
40.97226668,-81.39283012,T11241_Secondary,407.291,
40.97227357,-81.3239142,OHSEC1P-2293245-477851-2293103-477845,414.1126,ABC
40.97227718,-81.37092275,T15242_Secondary,407.2381,
40.97230188,-81.30822091,OHSEC1P-2297578-477921-2297796-477781,414.1324,ABC
40.9723324,-81.41605088,T14978_Secondary,407.3176,
40.97236584,-81.37290551,OH1P-2279718-477706-2279378-477861,404.1666,A
40.9723662,-81.39731071,OH1P-2272980-477620-2272937-477157,404.1929,A
40.9723662,-81.39731071,OH1P-2272980-477620-2273576-477624,404.1927,A
40.97242991,-81.36815902,T11008_Secondary,407.2222,
40.97245643,-81.39751103,T11245_Secondary,407.2912,
40.97249464,-81.30617004,OHSEC1P-2298144-477999-2297796-477781,414.1322,ABC
40.9725035,-81.39909973,T14973_Secondary,407.3171,
40.97250573,-81.39933273,OH1P-2272421-477664-2272442-477343,404.2065,B
40.97251058,-81.39526452,T11244_Secondary,407.2913,
40.9725817,-81.3680399,OH3P-2281061-477802-2281706-477602,406.364,ABC
40.97259043,-81.37739876,OH1P-2278476-477772-2278665-477481,404.1702,B
40.97262135,-81.40332995,T14716_Secondary,407.303,
40.97262671,-81.37413323,T15239_Secondary,407.2378,
40.97271017,-81.30067374,OH3P-2299660-478098-2299706-479590,406.5359,ABC
40.97272481,-81.36848494,OH3P-2280937-477853-2280480-478014,406.3603,ABC
40.97272481,-81.36848494,OH3P-2280937-477853-2280950-478180,406.3698,ABC
40.97272481,-81.36848494,OH3P-2280937-477853-2281061-477802,406.3697,ABC
40.97273121,-81.40573397,T14984_Secondary,407.3034,
40.97273334,-81.40465031,T14715_Secondary,407.302,
40.9727445,-81.37751267,T15265_Secondary,407.2403,
40.9727736,-81.41073246,T14982_Secondary,407.318,
40.97277859,-81.40687701,OH1P-2270336-477737-2270590-477707,404.207,B
40.97280056,-81.30087393,T15560_Secondary,407.4807,
40.97290335,-81.32317178,OHSEC1P-2293447-478084-2293103-477845,414.1127,ABC
40.97292196,-81.4018304,T14720_Secondary,407.3028,
40.97293076,-81.37518505,OH1P-2279086-477904-2278953-477511,404.1689,B
40.97294043,-81.37022156,OH1P-2280456-477925-2280328-477665,404.1668,A
40.97297867,-81.37540934,T15238_Secondary,407.2377,
40.97303105,-81.4084934,T14981_Secondary,407.3179,
40.97304949,-81.37168237,OH1P-2280053-477960-2279928-478017,404.1664,A
40.9730895,-81.40297154,T14721_Secondary,407.3024,
40.973145,-81.37498987,OH1P-2279139-477983-2279086-477904,404.1688,B
40.97318366,-81.37013334,OH3P-2280480-478014-2279829-478275,406.3703,ABC
40.97319196,-81.39233072,OH3P-2274351-477939-2274274-478175,406.4111,ABC
40.97319275,-81.33131861,T15407_Secondary,407.1972,
40.97326286,-81.39545911,OH1P-2273487-477953-2273489-478191,404.2018,B
40.9732651,-81.39569212,T14600_Secondary,407.2995,
40.97330589,-81.32170445,OHSEC1P-2293850-478236-2293103-477845,414.1128,ABC
40.97332952,-81.3240306,OHSEC1P-2293208-478236-2293103-477845,414.1125,ABC
40.97336389,-81.37201269,T15237_Secondary,407.2376,
40.97340931,-81.32378482,OH3P-2293276-478266-2294344-479227,406.5469,ABC
40.97341643,-81.3205566,OHSEC1P-2294167-478280-2293103-477845,414.1129,ABC
40.9734268,-81.32427465,OH1P-2293140-478270-2293276-478266,404.2905,A
40.9734938,-81.32459556,OH1P-2293051-478293-2293850-480518,404.2929,A
40.97350165,-81.41309223,T14983_Secondary,407.3181,
40.97358385,-81.38038162,OH3P-2277648-478124-2278069-477461,406.3985,ABC
40.97367812,-81.37239159,OH1P-2279854-478186-2280053-477960,404.1662,A
40.97367999,-81.38527177,T14652_Secondary,407.2551,
40.97368997,-81.33145565,OH1P-2291156-478339-2290405-478580,404.1222,B
40.97368997,-81.33145565,OH1P-2291156-478339-2291154-478912,404.1223,B
40.97368997,-81.33145565,OH1P-2291156-478339-2291261-478159,404.1225,B
40.97372029,-81.41434939,T14901_Secondary,407.3042,
40.97372682,-81.31639235,OHSEC1P-2295315-478409-2295518-478833,414.1311,ABC
40.97377883,-81.39291867,OH1P-2274186-478150-2273489-478191,404.2015,B
40.97382637,-81.36842104,OH3P-2280949-478254-2280990-478734,406.3644,ABC
40.9738426,-81.39259662,OH3P-2274274-478175-2274193-478518,406.4083,ABC
40.97385658,-81.3852688,OH1P-2276298-478206-2275637-478212,404.1814,A
40.97389652,-81.3876605,OH1P-2275637-478212-2275664-478595,404.1813,A
40.97390497,-81.40465675,T14714_Secondary,407.3021,
40.97391515,-81.39544084,OH1P-2273489-478191-2273489-478475,404.2016,B
40.97392081,-81.35410444,T15373_Secondary,407.1938,
40.97392313,-81.35433745,OH3P-2284837-478341-2284866-478864,406.3407,ABC
40.97396539,-81.31654536,OHSEC1P-2295272-478495-2295518-478833,414.131,ABC
40.97402992,-81.38065051,T14653_Secondary,407.2552,
40.97404997,-81.31605938,OHSEC1P-2295405-478528-2295518-478833,414.1312,ABC
40.97407732,-81.40301348,T14722_Secondary,407.3025,
40.97409406,-81.40795159,T10836_Secondary,407.2884,
40.97409579,-81.41077791,T14896_Secondary,407.3035,
40.97420825,-81.33422748,T15406_Secondary,407.1971,
40.97420889,-81.40603355,T14707_Secondary,407.3015,
40.97421943,-81.37507883,OH1P-2279109-478374-2279139-477983,404.1687,B
40.97425636,-81.40708091,OH3P-2270273-478275-2270244-477737,406.4086,ABC
40.97434106,-81.37412172,T15266_Secondary,409.1512,
40.97436445,-81.40215276,T14713_Secondary,407.3027,
40.97437123,-81.37495973,T15235_Secondary,407.2375,
40.97437821,-81.33416418,OH1P-2290405-478580-2289904-478807,404.1221,B
40.97449285,-81.37400262,OH3P-2279405-478477-2278887-478719,406.3702,ABC
40.97449285,-81.37400262,OH3P-2279405-478477-2279829-478275,406.3705,ABC
40.97450352,-81.37620101,OH1P-2278798-478473-2279109-478374,404.1686,B
40.97453436,-81.40577363,T14708_Secondary,407.3016,
40.97457185,-81.40390647,T4712_Secondary,407.3018,
40.97461374,-81.40482446,T14709_Secondary,407.3032,
40.97471213,-81.31570085,T15639_Secondary,407.4937,
40.97472702,-81.39388467,T14602_Secondary,407.2991,
40.97475951,-81.41556927,T14900_Secondary,407.3041,
40.97476194,-81.37710793,OH1P-2278547-478564-2278798-478473,404.1657,B
40.97476272,-81.39967853,T14972_Secondary,407.317,
40.97478727,-81.40971998,T15597_Secondary,407.2885,
40.97478829,-81.39287641,OH3P-2274193-478518-2274141-478892,406.4027,ABC
40.97480984,-81.37733223,T15234_Secondary,407.2374,
40.97481057,-81.39990284,OH1P-2272253-478502-2272421-477664,404.2064,B
40.97482281,-81.37607862,OH1P-2278830-478590-2278798-478473,404.1661,B
40.97483817,-81.38057217,OH1P-2277590-478580-2277516-478317,404.1819,B
40.97486112,-81.38774845,T14651_Secondary,407.255,
40.97486483,-81.39548529,T14601_Secondary,407.2993,
40.97487539,-81.37859419,OH3P-2278136-478600-2277648-478124,406.3986,ABC
40.97488209,-81.31563749,OH1P-2295518-478833-2294510-479176,404.2932,A
40.97488209,-81.31563749,OH1P-2295518-478833-2297029-479665,404.2933,A
40.97488347,-81.38564728,T14662_Secondary,407.256,
40.97492434,-81.38375706,OH1P-2276710-478600-2276188-478643,404.1832,A
40.97493086,-81.38198718,OH1P-2277199-478609-2277590-478580,404.1818,B
40.97494747,-81.38754517,OH1P-2275664-478595-2275663-479106,404.1812,A
40.97494747,-81.38754517,OH1P-2275664-478595-2275890-478590,404.1829,A
40.97495997,-81.39111441,T14647_Secondary,407.2546,
40.97496699,-81.41109045,T14898_Secondary,407.3037,
40.97497253,-81.40653911,T14706_Secondary,407.3017,
40.97497576,-81.33619208,T15404_Secondary,407.1969,
40.97501919,-81.33596621,OH1P-2289904-478807-2289923-479502,404.122,B
40.97506006,-81.38564431,OH1P-2276188-478643-2275887-478659,404.1831,A
40.97506605,-81.37599041,OH3P-2278854-478679-2278887-478719,406.368,ABC
40.97507082,-81.37850902,OH3P-2278158-478672-2278258-478952,406.3935,ABC
40.9750751,-81.40870618,T10835_Secondary,407.2883,
40.97507614,-81.38363798,T14663_Secondary,407.2561,
40.97511426,-81.38673381,OH1P-2275887-478659-2275890-478590,404.183,A
40.97512613,-81.38910847,OH1P-2275231-478655-2274678-478651,404.1808,C
40.97513838,-81.36801801,T15225_Secondary,407.2366,
40.97514067,-81.36825102,OH3P-2280990-478734-2280996-479212,406.3696,ABC
40.97514479,-81.40315686,T14711_Secondary,407.3031,
40.9751744,-81.37586878,OH3P-2278887-478719-2278913-478779,406.3681,ABC
40.97526209,-81.33143436,OH1P-2291154-478912-2291195-479395,404.1224,B
40.97526445,-81.33166738,T15405_Secondary,407.197,
40.97535195,-81.40372585,T14710_Secondary,407.3026,
40.97535852,-81.35421075,OH3P-2284866-478864-2284878-479070,406.3418,ABC
40.97535921,-81.38172185,T14654_Secondary,407.2553,
40.97536084,-81.35444377,T15374_Secondary,407.1939,
40.97536147,-81.38195487,OH1P-2277205-478766-2277199-478609,404.1817,B
40.97540362,-81.40760429,T10837_Secondary,407.2882,
40.97541114,-81.40501555,T14704_Secondary,407.3014,
40.97548689,-81.33945087,OH3P-2288940-478965-2288997-479895,406.3441,ABC
40.97548924,-81.33968388,T15377_Secondary,407.1942,
40.97552206,-81.39381083,OH1P-2273931-478782-2273977-478476,404.2019,B
40.97556005,-81.37714118,OH3P-2278534-478855-2278887-478719,406.3704,ABC
40.97556993,-81.39403514,T14603_Secondary,407.2992,
40.97558245,-81.37568269,OH1P-2278936-478868-2278961-479003,404.1703,B
40.97558788,-81.41356323,T14899_Secondary,407.3038,
40.97560396,-81.31039071,OHSEC1P-2296963-479115-2297029-479665,414.1313,ABC
40.97562459,-81.37739905,OH3P-2278462-478878-2278258-478952,406.3904,ABC
40.97564298,-81.35243389,T15388_Secondary,407.1953,
40.97569981,-81.4064105,T14705_Secondary,407.3019,
40.97581957,-81.35243083,OH1P-2285355-479038-2285569-479046,404.1204,C
40.9758317,-81.3514209,T15389_Secondary,407.1954,
40.97583452,-81.41065508,T14895_Secondary,407.3033,
40.97587332,-81.35337148,OH1P-2285095-479054-2285355-479038,404.1203,C
40.97591108,-81.41300065,T14897_Secondary,407.3036,
40.97591276,-81.38149143,OH1P-2277331-478968-2277233-478988,404.1815,B
40.97592326,-81.35415487,OH3P-2284878-479070-2284878-479530,406.3417,ABC
40.97592326,-81.35415487,OH3P-2284878-479070-2285003-479054,406.3419,ABC
40.97594106,-81.38369094,T14650_Secondary,407.2547,
40.97595257,-81.37558568,OH1P-2278961-479003-2279076-479204,404.1726,B
40.97597145,-81.38184458,OH1P-2277233-478988-2277205-478766,404.1816,B
40.97598839,-81.39954507,OH1P-2272346-478932-2272253-478502,404.2063,B
40.97598933,-81.31955723,OH1P-2294430-479221-2294344-479227,404.2904,A
40.97600047,-81.37580998,T15267_Secondary,407.2404,
40.97601125,-81.38523136,T14649_Secondary,407.2548,
40.97603628,-81.40530205,OH3P-2270756-478930-2271579-478988,406.4034,ABC
40.97606158,-81.40700028,OH3P-2270287-478933-2270273-478275,406.4039,ABC
40.97606158,-81.40700028,OH3P-2270287-478933-2270292-479182,406.4035,ABC
40.97606158,-81.40700028,OH3P-2270287-478933-2270681-478929,406.4029,ABC
40.97606413,-81.37897004,OH3P-2278026-479032-2278258-478952,406.3934,ABC
40.9761064,-81.38925866,OH1P-2275185-479011-2275126-479093,404.1806,C
40.9761064,-81.38925866,OH1P-2275185-479011-2275231-478655,404.1807,C
40.97611105,-81.38362776,OH1P-2276740-479033-2276314-479053,404.1811,A
40.97615516,-81.38695488,T14648_Secondary,407.2549,
40.97616815,-81.40231921,OH3P-2271579-478988-2272322-479021,406.4096,ABC
40.97617659,-81.37943213,OH3P-2277898-479071-2277955-479055,406.3945,ABC
40.97618124,-81.38516818,OH1P-2276314-479053-2275853-479093,404.181,A
40.97618276,-81.40803824,T10838_Secondary,407.2887,
40.97619074,-81.39521625,OH1P-2273540-479021-2273489-478475,404.2017,B
40.97619074,-81.39521625,OH1P-2273540-479021-2273931-478782,404.202,B
40.97622477,-81.39171393,T14645_Secondary,407.2545,
40.97623245,-81.39962925,OH3P-2272322-479021-2272953-479074,406.4097,ABC
40.9762386,-81.39544056,T14604_Secondary,407.2994,
40.97624787,-81.38967295,T14646_Secondary,407.2544,
40.97630696,-81.3868358,OH1P-2275853-479093-2275663-479106,404.1809,A
40.97633421,-81.38946967,OH1P-2275126-479093-2275156-479238,404.1803,C
40.97633491,-81.40937763,T10833_Secondary,407.2886,
40.97635049,-81.38138883,OH1P-2277357-479128-2277331-478968,404.1801,B
40.97635622,-81.39734164,OH3P-2272953-479074-2273793-479295,406.4028,ABC
40.97637659,-81.39159487,OH1P-2274539-479101-2275126-479093,404.1805,C
40.97641808,-81.38089862,T11010_Secondary,409.1605,
40.97652317,-81.41507368,T14476_Secondary,407.2989,
40.97658807,-81.38083543,OH3P-2277509-479216-2277333-479216,406.3946,ABC
40.97658807,-81.38083543,OH3P-2277509-479216-2277898-479071,406.3942,ABC
40.97659456,-81.38147295,OH3P-2277333-479216-2276153-479320,406.3903,ABC
40.97666127,-81.37361997,T15269_Secondary,407.2407,
40.97668102,-81.36820585,OH3P-2280995-479295-2281009-480096,406.3645,ABC
40.97669724,-81.38098858,OH1P-2277466-479256-2277357-479128,404.182,B
40.97670918,-81.37384428,OH1P-2279438-479285-2279241-479367,404.1729,B
40.97671081,-81.38749712,OH1P-2275669-479238-2275663-479106,404.1802,A
40.97671889,-81.4135683,T14464_Secondary,407.2982,
40.97673836,-81.33114565,T15402_Secondary,407.1967,
40.97674016,-81.40182892,T10805_Secondary,407.2865,
40.97680465,-81.30043248,OH3P-2299706-479590-2299769-481678,406.536,ABC
40.97681391,-81.39930278,T10807_Secondary,407.2867,
40.97684801,-81.30020658,T15561_Secondary,407.4808,
40.9768702,-81.30855388,OHSEC1P-2297464-479583-2297029-479665,414.1314,ABC
40.97690549,-81.40881771,T10832_Secondary,407.2881,
40.97690674,-81.40423211,T10803_Secondary,407.2875,
40.97692018,-81.38573893,OH3P-2276153-479320-2275645-479326,406.3949,ABC
40.9769248,-81.33586711,OH1P-2289923-479502-2289902-479878,404.1219,B
40.97692814,-81.35312614,T15385_Secondary,407.195,
40.97693289,-81.39428737,OH3P-2273793-479295-2273818-479304,406.4084,ABC
40.9769408,-81.37455544,OH1P-2279241-479367-2279076-479204,404.1728,B
40.9769408,-81.37455544,OH1P-2279241-479367-2279265-479669,404.173,B
40.97694127,-81.4111917,T14469_Secondary,407.2981,
40.97695072,-81.40696849,OH3P-2270292-479257-2270297-479395,406.4036,ABC
40.97695314,-81.33563709,T15403_Secondary,407.1968,
40.97695488,-81.38758126,OH3P-2275645-479326-2275268-479337,406.3947,ABC
40.97695526,-81.39392677,OH3P-2273893-479304-2274116-479311,406.4045,ABC
40.97696768,-81.39311698,OH3P-2274116-479311-2274084-479633,406.4046,ABC
40.97696768,-81.39311698,OH3P-2274116-479311-2274141-478967,406.4044,ABC
40.97696768,-81.39311698,OH3P-2274116-479311-2274446-479340,406.4041,ABC
40.97698329,-81.30996219,T15640_Secondary,407.4938,
40.97698364,-81.38935112,OH3P-2275156-479330-2274521-479340,406.3948,ABC
40.97699855,-81.38894585,OH3P-2275268-479337-2275156-479330,406.395,ABC
40.97704603,-81.37627682,OH1P-2278765-479399-2279076-479204,404.1727,B
40.97709165,-81.40046688,T10806_Secondary,407.2866,
40.97709677,-81.38573596,T14665_Secondary,407.2562,
40.97710473,-81.35312308,OH1P-2285157-479504-2285317-479518,404.1201,C
40.97710968,-81.4170076,T14471_Secondary,407.2984,
40.97710986,-81.31012472,OH1P-2297029-479665-2297010-480992,404.2934,A
40.9771343,-81.40608058,T10801_Secondary,407.2863,
40.9771363,-81.37647713,T15268_Secondary,407.2405,
40.97713786,-81.35254648,OH1P-2285317-479518-2285717-479514,404.1202,C
40.97717011,-81.35087699,T15387_Secondary,407.1952,
40.97717514,-81.38894289,T14664_Secondary,407.2563,
40.97717695,-81.39437154,OH1P-2273769-479383-2273723-479943,404.2021,A
40.97718443,-81.35346172,OH1P-2285064-479532-2285157-479504,404.12,C
40.97718603,-81.35413298,OH3P-2284878-479530-2284903-479649,406.3408,ABC
40.97718611,-81.35379459,OH3P-2284972-479531-2284878-479530,406.3433,ABC
40.97719031,-81.39807293,T10808_Secondary,407.2868,
40.97726812,-81.40390552,T10804_Secondary,407.2877,
40.97731445,-81.35254342,T15386_Secondary,407.1951,
40.97733001,-81.40694456,OH3P-2270297-479395-2270324-480086,406.4075,ABC
40.97739588,-81.38432469,OH1P-2276542-479498-2276353-479520,404.1827,B
40.97740354,-81.40536157,T10802_Secondary,407.2864,
40.97744929,-81.37748866,T14660_Secondary,407.2559,
40.97745156,-81.37772168,OH1P-2278364-479542-2277937-479577,404.1828,C
40.97746246,-81.38500679,OH1P-2276353-479520-2276359-480248,404.1826,B
40.97749186,-81.40786639,T10830_Secondary,407.288,
40.97756148,-81.41435248,T14472_Secondary,407.2985,
40.9775621,-81.37926696,OH1P-2277937-479577-2277921-479160,404.1804,C
40.97756436,-81.37949998,T14659_Secondary,407.2558,
40.97757105,-81.40907971,T10831_Secondary,407.2879,
40.97757248,-81.38432172,T14658_Secondary,407.2557,
40.97761216,-81.37517153,T15270_Secondary,407.2408,
40.97771552,-81.41446649,OH1P-2268218-479510-2267863-479572,404.2009,C
40.97771552,-81.41446649,OH1P-2268218-479510-2268024-479129,404.2012,C
40.97771768,-81.3540355,OH3P-2284903-479724-2284910-480015,406.342,ABC
40.9777441,-81.41563695,T14473_Secondary,407.2986,
40.97775237,-81.3735897,T15271_Secondary,407.2409,
40.97775465,-81.37382272,OH1P-2279439-479666-2279265-479669,404.1732,B
40.97778215,-81.37510832,OH1P-2279084-479672-2279265-479669,404.1733,B
40.97791845,-81.34049117,T15381_Secondary,407.1946,
40.9779217,-81.38060559,T14655_Secondary,407.2554,
40.97792396,-81.38083862,OH1P-2277502-479703-2277466-479256,404.1821,B
40.97795839,-81.33592182,OH1P-2289902-479878-2289150-479894,404.1218,B
40.97798697,-81.40162236,T10810_Secondary,407.2873,
40.97801725,-81.34379585,T15380_Secondary,407.1945,
40.97803259,-81.3389791,OH3P-2289058-479894-2288997-479895,406.3447,ABC
40.97803731,-81.33920166,OH3P-2288997-479895-2289041-481191,406.3446,ABC
40.97805794,-81.3932317,OH3P-2274080-479708-2274007-480720,406.4047,ABC
40.97808047,-81.34591428,T15379_Secondary,407.1944,
40.97808315,-81.31981551,OH3P-2294348-479983-2294344-479227,406.5474,ABC
40.97808963,-81.34054849,OH3P-2288624-479909-2287728-479935,406.3437,ABC
40.97819384,-81.34379277,OH3P-2287728-479935-2287143-479950,406.3436,ABC
40.97820874,-81.41324486,OH1P-2268553-479694-2268218-479510,404.2008,C
40.97820874,-81.41324486,OH1P-2268553-479694-2268535-479150,404.2005,C
40.97825232,-81.41301903,T14463_Secondary,407.2976,
40.97825706,-81.34591121,OH3P-2287143-479950-2286675-479957,406.3435,ABC
40.97838523,-81.34963733,OH3P-2286114-479983-2286675-479957,406.3444,ABC
40.97838535,-81.39823175,T10812_Secondary,407.2876,
40.9783944,-81.40033228,T10811_Secondary,407.2874,
40.97840987,-81.35099719,OH3P-2285738-479987-2286114-479983,406.3434,ABC
40.97845202,-81.352057,OH3P-2285445-479999-2285218-480009,406.3423,ABC
40.97845202,-81.352057,OH3P-2285445-479999-2285738-479987,406.3459,ABC
40.97848632,-81.39186422,T11123_Secondary,407.289,
40.97848876,-81.35314997,OH3P-2285143-480008-2284910-480015,406.3422,ABC
40.97849324,-81.40272655,T10813_Secondary,407.2878,
40.97851712,-81.35399532,OH3P-2284910-480015-2284920-480289,406.3421,ABC
40.97856182,-81.34963427,T15378_Secondary,407.1943,
40.97860094,-81.34761849,OH3P-2286670-480069-2286675-479957,406.3445,ABC
40.97861037,-81.41132076,T14468_Secondary,407.2979,
40.97862861,-81.35205394,T15390_Secondary,407.1955,
40.97869351,-81.36107305,OH1P-2282955-480054-2282991-480223,404.1783,C
40.97871447,-81.39451191,OH1P-2273723-479943-2273610-480728,404.2026,A
40.9787167,-81.39474493,T14605_Secondary,407.2996,
40.97872746,-81.37378984,T15272_Secondary,407.2406,
40.97873748,-81.3615655,OH3P-2282819-480068-2282838-480414,406.3701,ABC
40.97873748,-81.3615655,OH3P-2282819-480068-2282863-480053,406.3716,ABC
40.9787644,-81.41143476,OH1P-2269051-479902-2269064-479222,404.2004,A
40.9787644,-81.41143476,OH1P-2269051-479902-2269282-480430,404.2001,A
40.97878824,-81.36967514,T15284_Secondary,407.2421,
40.97881773,-81.37399015,OH1P-2279388-480053-2279265-479669,404.1731,B
40.97881773,-81.37399015,OH1P-2279388-480053-2279555-480523,404.1724,B
40.97885319,-81.34761625,OH1P-2286669-480161-2286728-482361,404.1216,B
40.97885828,-81.36745533,OH3P-2281192-480091-2281259-480092,406.3699,ABC
40.97885952,-81.36721237,OH3P-2281259-480092-2282819-480068,406.37,ABC
40.97887948,-81.36811828,OH3P-2281009-480096-2281035-481312,406.3646,ABC
40.97887948,-81.36811828,OH3P-2281009-480096-2281117-480091,406.3682,ABC
40.97891122,-81.368345,OH3P-2280946-480107-2281009-480096,406.3706,ABC
40.97892756,-81.37229236,T15286_Secondary,407.2423,
40.97893692,-81.35636109,T15332_Secondary,407.2467,
40.97896484,-81.36967213,OH1P-2280580-480122-2279873-480161,404.1704,B
40.97896484,-81.36967213,OH1P-2280580-480122-2280858-480083,404.1705,B
40.97896885,-81.40424408,T14621_Secondary,407.3005,
40.97898637,-81.36724014,OH3P-2281251-480138-2281259-480092,406.3715,ABC
40.97904367,-81.40558741,OH1P-2270664-480024-2270979-480034,404.2033,A
40.97905907,-81.40444443,OH1P-2270979-480034-2270980-480405,404.2034,A
40.97908304,-81.35811871,OH1P-2283769-480207-2282991-480223,404.1784,C
40.97908304,-81.35811871,OH1P-2283769-480207-2284255-480224,404.1785,C
40.97909754,-81.37222915,OH1P-2279873-480161-2279974-480634,404.171,B
40.97910249,-81.41554175,T14474_Secondary,407.2987,
40.9791129,-81.414302,T14475_Secondary,407.2988,
40.97911351,-81.35635804,OH1P-2284255-480224-2284744-480471,404.1786,C
40.97915424,-81.39887516,T10816_Secondary,407.2871,
40.97922026,-81.4055845,T14620_Secondary,407.3004,
40.97922446,-81.40681327,OH3P-2270324-480086-2270334-480408,406.411,ABC
40.97925302,-81.35805546,T15331_Secondary,407.2466,
40.97926482,-81.37528554,T15273_Secondary,407.241,
40.97926693,-81.41441601,OH1P-2268225-480075-2267883-480067,404.201,C
40.97927655,-81.40126551,T10814_Secondary,407.2869,
40.97932519,-81.38677963,T11125_Secondary,407.2893,
40.97933087,-81.38069399,OH1P-2277535-480216-2277502-479703,404.1822,B
40.97933174,-81.36093037,T15330_Secondary,407.2465,
40.97938808,-81.37511865,OH1P-2279074-480257-2279388-480053,404.1725,B
40.97940259,-81.3898604,T11124_Secondary,407.2892,
40.97940816,-81.38263446,OH1P-2276999-480237-2277535-480216,404.1823,B
40.9794477,-81.38426923,OH1P-2276547-480246-2276999-480237,404.1824,B
40.97945184,-81.3976598,T10817_Secondary,407.2872,
40.97945904,-81.38495228,OH1P-2276359-480248-2276547-480246,404.1825,B
40.97952101,-81.40026979,T10815_Secondary,407.287,
40.97956095,-81.36597542,T15308_Secondary,407.2443,
40.97956888,-81.32159525,OH1P-2293850-480518-2292908-482152,404.293,A
40.97957918,-81.38985745,OH1P-2275004-480274-2275855-480257,404.1906,C
40.97958475,-81.38263149,T14656_Secondary,407.2555,
40.9796243,-81.38426625,T14657_Secondary,407.2556,
40.97964891,-81.39186903,OH1P-2274448-480292-2274410-479914,404.1904,C
40.97964891,-81.39186903,OH1P-2274448-480292-2275004-480274,404.1905,C
40.97965924,-81.32179549,T15636_Secondary,407.4934,
40.97966245,-81.35827989,OH1P-2283722-480417-2283926-480979,404.1789,C
40.97967087,-81.36100517,OH1P-2282969-480410-2283240-480424,404.1787,C
40.97967802,-81.36315675,T15321_Secondary,407.2456,
40.97968253,-81.36162477,OH3P-2282798-480412-2282838-480414,406.3721,ABC
40.97968418,-81.36195765,OH1P-2282706-480412-2282655-480443,404.177,C
40.97968547,-81.36147831,OH3P-2282838-480414-2282848-480772,406.372,ABC
40.97968547,-81.36147831,OH3P-2282838-480414-2282877-480410,406.3719,ABC
40.97969678,-81.39209335,T11122_Secondary,407.2889,
40.9796995,-81.36002505,OH1P-2283240-480424-2283722-480417,404.1788,C
40.97971741,-81.36436415,T15309_Secondary,407.2444,
40.97973754,-81.3659724,OH1P-2281597-480417-2282042-480479,404.1765,C
40.97977308,-81.3621428,OH1P-2282655-480443-2282439-480405,404.1771,C
40.97981446,-81.36752124,OH1P-2281169-480439-2281201-480807,404.1763,C
40.97981446,-81.36752124,OH1P-2281169-480439-2281205-480218,404.1762,C
40.97981446,-81.36752124,OH1P-2281169-480439-2281597-480417,404.1764,C
40.97981654,-81.35839377,T15335_Secondary,407.247,
40.97981676,-81.36775427,T15307_Secondary,407.2442,
40.97986093,-81.35436977,T15333_Secondary,407.2468,
40.97987609,-81.36002201,T15334_Secondary,407.2469,
40.97990084,-81.39823041,OH1P-2272691-480362-2272169-480384,404.2039,A
40.97994306,-81.36207956,T15322_Secondary,407.2457,
40.97997848,-81.40789057,T14467_Secondary,407.298,
40.97997877,-81.4001189,OH1P-2272169-480384-2271861-480607,404.2038,A
40.98005111,-81.40335646,OH1P-2271275-480399-2270980-480405,404.2035,A
40.98007744,-81.39822748,T14619_Secondary,407.301,
40.98007758,-81.40442645,OH1P-2270980-480405-2270698-480410,404.2032,A
40.98010083,-81.37336411,OH1P-2279555-480523-2279609-480566,404.1722,B
40.98010102,-81.40544692,OH1P-2270698-480410-2270476-480409,404.203,A
40.98010786,-81.40651978,OH1P-2270401-480409-2270334-480408,404.2031,A
40.98010802,-81.40676461,OH3P-2270334-480408-2270406-481118,406.4062,ABC
40.98015507,-81.40788767,OH1P-2270024-480421-2269440-480429,404.2002,A
40.98015536,-81.40011597,T14618_Secondary,407.3009,
40.98017094,-81.37294091,T15274_Secondary,407.2411,
40.98019554,-81.41000176,OH1P-2269440-480429-2269282-480430,404.2003,A
40.98019554,-81.41000176,OH1P-2269440-480429-2269435-480762,404.2,A
40.98020572,-81.39673141,T11497_Secondary,407.299,
40.98021542,-81.37483295,T15275_Secondary,407.2412,
40.9802277,-81.40335354,T14615_Secondary,407.3006,
40.98025418,-81.40442353,T14614_Secondary,407.3003,
40.98027762,-81.40544401,T14613_Secondary,407.3002,
40.9802808,-81.4138565,OH1P-2268375-480446-2268609-480450,404.2013,C
40.98028322,-81.41301023,OH1P-2268609-480450-2268225-480075,404.2011,C
40.98028322,-81.41301023,OH1P-2268609-480450-2268553-479694,404.1997,C
40.98029742,-81.36927343,T15285_Secondary,407.2422,
40.98029971,-81.36950646,OH1P-2280619-480609-2280165-480835,404.1713,B
40.98030056,-81.41655445,OH1P-2267630-480444-2267584-479280,404.2007,C
40.98030056,-81.41655445,OH1P-2267630-480444-2268375-480446,404.1993,C
40.98030583,-81.41678739,T14461_Secondary,407.2974,
40.98034399,-81.3281395,OHSEC1P-2292039-480776-2293850-480518,414.1284,ABC
40.98035896,-81.41068771,T14466_Secondary,407.2978,
40.98037063,-81.37320401,OH1P-2279598-480621-2279609-480566,404.1721,B
40.98038658,-81.37489037,OH1P-2279132-480621-2279555-480523,404.1723,B
40.98039233,-81.37184339,OH1P-2279974-480634-2280165-480835,404.1714,B
40.98040654,-81.4128434,T14462_Secondary,407.2973,
40.98044024,-81.37206771,T15287_Secondary,407.2424,
40.98050756,-81.37315308,OH1P-2279611-480672-2279641-480835,404.172,B
40.98053705,-81.3654597,T15315_Secondary,407.245,
40.98060177,-81.40122661,OH1P-2271861-480607-2271443-480646,404.2037,A
40.9806685,-81.36142491,OH3P-2282848-480772-2282802-480773,406.3722,ABC
40.98067192,-81.39195824,T11120_Secondary,407.2888,
40.98067295,-81.36192604,OH1P-2282710-480772-2282610-480782,404.1772,C
40.98070465,-81.36228729,OH1P-2282610-480782-2282254-480769,404.1773,C
40.98071364,-81.36545668,OH1P-2281735-480774-2282254-480769,404.1777,C
40.98072209,-81.40273767,OH1P-2271443-480646-2271275-480399,404.2036,A
40.98074975,-81.35831511,OH3P-2283707-480813-2282848-480772,406.3717,ABC
40.98074975,-81.35831511,OH3P-2283707-480813-2283708-481235,406.3724,ABC
40.98075096,-81.41385065,OH1P-2268375-480618-2268375-480446,404.1995,C
40.98077086,-81.36377849,T15320_Secondary,407.2455,
40.98077836,-81.40122369,T14617_Secondary,407.3008,
40.9807952,-81.39179137,OH1P-2274464-480710-2274448-480292,404.1902,C
40.9807952,-81.39179137,OH1P-2274464-480710-2274838-480703,404.1914,C
40.98080566,-81.39021496,T11121_Secondary,407.2901,
40.980809,-81.3614065,OH3P-2282853-480823-2282848-480772,406.3723,ABC
40.98082356,-81.36738936,OH1P-2281201-480807-2281206-481205,404.1766,C
40.98082585,-81.36762239,T15310_Secondary,407.2445,
40.98083771,-81.39344836,OH3P-2274007-480720-2273834-481247,406.4048,ABC
40.98084498,-81.38884234,T11118_Secondary,407.2891,
40.98087301,-81.39488415,OH1P-2273610-480728-2273533-481323,404.2023,A
40.98087525,-81.39511718,T14606_Secondary,407.2997,
40.98088125,-81.36228426,T15323_Secondary,407.2458,
40.98089868,-81.40273475,T14616_Secondary,407.3007,
40.98090149,-81.39312628,OH1P-2274095-480744-2274464-480710,404.1903,C
40.98093018,-81.31012447,T15641_Secondary,407.4939,
40.98095646,-81.37303701,OH1P-2279641-480835-2279761-481091,404.1717,B
40.98102472,-81.4149779,T14460_Secondary,407.2975,
40.98110121,-81.35380467,OH3P-2284950-480957-2284919-480364,406.3329,ABC
40.98111124,-81.41000329,OH1P-2269435-480762-2268525-480772,404.1999,A
40.98111124,-81.41000329,OH1P-2269435-480762-2270102-481034,404.2006,A
40.98114584,-81.38561352,T14728_Secondary,407.2235,
40.98115328,-81.3706396,T15288_Secondary,407.2425,
40.98118604,-81.39672442,T11426_Secondary,407.2936,
40.98118757,-81.41382087,OH1P-2268381-480777-2268374-480710,404.1996,C
40.98118757,-81.41382087,OH1P-2268381-480777-2268433-480773,404.1998,A
40.98119654,-81.35751265,OH1P-2283926-480979-2283955-481425,404.179,C
40.98119885,-81.35774568,T15336_Secondary,407.2471,
40.98123391,-81.39694876,OH1P-2273039-480852-2272602-480877,404.1951,B
40.98123391,-81.39694876,OH1P-2273039-480852-2273041-480495,404.2014,B
40.98123455,-81.40983646,T14465_Secondary,407.2977,
40.98125663,-81.3738651,OH1P-2279411-480942-2279641-480835,404.1718,B
40.98127976,-81.37080225,OH1P-2280257-480961-2280165-480835,404.1712,B
40.98131583,-81.38555034,OH1P-2276185-480922-2275785-481044,404.1534,C
40.98131695,-81.39852972,OH1P-2272602-480877-2272572-481273,404.195,B
40.98135919,-81.36117955,T15324_Secondary,407.2459,
40.98140712,-81.36140385,OH1P-2282851-481041-2282829-480912,404.1794,C
40.98142662,-81.37380189,T15277_Secondary,407.2414,
40.98143448,-81.35985969,T15325_Secondary,407.246,
40.98145226,-81.36547607,OH1P-2281726-481043-2281753-481233,404.1769,C
40.98145456,-81.3657091,T15314_Secondary,407.2449,
40.98146877,-81.39841066,T11427_Secondary,407.2935,
40.9815911,-81.33874574,T15382_Secondary,407.1947,
40.98165463,-81.37259038,OH1P-2279761-481091-2279984-481293,404.1716,B
40.98166416,-81.38699481,OH1P-2275785-481044-2275638-481241,404.1535,C
40.98169845,-81.37555062,OH1P-2278944-481097-2279411-480942,404.1719,B
40.9817126,-81.36335875,OH1P-2282310-481146-2282254-480769,404.1774,C
40.98175608,-81.36313287,T15319_Secondary,407.2454,
40.98178111,-81.37275303,T15278_Secondary,407.2415,
40.9817913,-81.36433811,T15316_Secondary,407.2451,
40.98182843,-81.40075208,T11429_Secondary,407.2933,
40.98185426,-81.30829436,OHSEC1P-2297511-481400-2297010-480992,414.1316,ABC
40.98186961,-81.37560805,T15276_Secondary,407.2413,
40.98188992,-81.40314283,T11430_Secondary,407.2932,
40.98190682,-81.41017568,T14452_Secondary,407.2955,
40.98192392,-81.40497313,T11431_Secondary,407.2931,
40.98193258,-81.4126883,T11453_Secondary,407.2954,
40.98193411,-81.31505981,OHSEC1P-2295642-481404-2297010-480992,414.1318,ABC
40.98193875,-81.35845763,OH3P-2283662-481246-2283708-481235,406.3727,ABC
40.98194042,-81.35879052,OH1P-2283570-481245-2283294-481278,404.1792,C
40.9819425,-81.3191203,OHSEC1P-2294521-481392-2294376-481763,414.1131,ABC
40.98194308,-81.36421897,OH1P-2282071-481226-2281892-481380,404.1776,C
40.98196383,-81.36757794,T15311_Secondary,407.2446,
40.98197328,-81.41493427,T14455_Secondary,407.2956,
40.98198823,-81.40769093,T14470_Secondary,407.2983,
40.98200502,-81.40074915,OH1P-2271986-481120-2271326-481134,404.1948,B
40.98203325,-81.41033841,OH1P-2269338-481097-2268690-481116,404.1971,A
40.98204157,-81.35978672,OH1P-2283294-481278-2283277-481121,404.1793,C
40.9820449,-81.37166226,T15279_Secondary,407.2416,
40.98205412,-81.3690578,T15283_Secondary,407.242,
40.98205576,-81.40647092,OH3P-2270406-481118-2270466-481585,406.4065,ABC
40.98206651,-81.40313991,OH1P-2271326-481134-2270820-481140,404.1947,B
40.9820682,-81.40625207,OH1P-2270466-481124-2270406-481118,404.1945,B
40.98207363,-81.31493323,OHSEC1P-2295677-481455-2297010-480992,414.1319,ABC
40.98210052,-81.40497021,OH1P-2270820-481140-2270558-481124,404.1946,B
40.98210504,-81.4140546,OH1P-2268312-481110-2268273-481113,404.1976,C
40.98210504,-81.4140546,OH2P-2268312-481110-2268381-480777,405.1002,AC
40.98210917,-81.41268541,OH1P-2268690-481116-2268444-481116,404.197,A
40.98211819,-81.41390866,OH1P-2268352-481115-2268312-481110,404.1969,A
40.98211981,-81.41452938,OH1P-2268181-481114-2268062-480778,404.1994,C
40.98211981,-81.41452938,OH1P-2268181-481114-2268070-481124,404.1975,C
40.98212303,-81.38771999,T14627_Secondary,407.2234,
40.98214987,-81.41493138,OH1P-2268070-481124-2267789-481258,404.1972,C
40.98219898,-81.37177618,OH1P-2279984-481293-2279994-481741,404.1715,B
40.98219898,-81.37177618,OH1P-2279984-481293-2280340-481298,404.1711,B
40.98220232,-81.37048439,OH1P-2280340-481298-2280337-481609,404.1706,B
40.9822041,-81.36817868,OH3P-2280977-481307-2281035-481312,406.3707,ABC
40.98220938,-81.38751669,OH1P-2275638-481241-2275411-481606,404.1533,C
40.98221544,-81.36796635,OH3P-2281035-481312-2281047-481430,406.3647,ABC
40.98221816,-81.35978368,T15326_Secondary,407.2461,
40.98221843,-81.39219999,T11110_Secondary,407.2897,
40.98223071,-81.36905479,OH1P-2280735-481314-2280340-481298,404.1709,B
40.98223071,-81.36905479,OH1P-2280735-481314-2280885-481307,404.1708,B
40.98225051,-81.39850699,T11428_Secondary,407.2934,
40.98228308,-81.31567594,OHSEC1P-2295471-481529-2297010-480992,414.1317,ABC
40.9822912,-81.39405114,OH3P-2273834-481247-2274019-482026,406.4049,ABC
40.98235498,-81.39372905,OH1P-2273922-481272-2274013-481270,404.191,A
40.98235642,-81.31219251,OHSEC1P-2296432-481568-2297010-480992,414.1315,ABC
40.98237117,-81.3648606,OH1P-2281892-481380-2281753-481233,404.1775,C
40.98237248,-81.39231396,OH1P-2274313-481283-2274452-481908,404.1911,A
40.98237981,-81.31757999,OHSEC1P-2294944-481557-2294376-481763,414.1132,ABC
40.98240456,-81.39862097,OH1P-2272572-481273-2271986-481120,404.1949,B
40.98241187,-81.39307806,OH1P-2274102-481295-2274313-481283,404.1922,A
40.98242034,-81.35738617,OH1P-2283955-481425-2283947-481793,404.1791,C
40.98242936,-81.38566354,OH1P-2276149-481327-2276166-481727,404.1547,A
40.98247243,-81.39123174,T11115_Secondary,407.29,
40.98247664,-81.31915871,OHSEC1P-2294508-481586-2294376-481763,414.113,ABC
40.98247724,-81.38588787,T14629_Secondary,407.2242,
40.98252525,-81.3649745,T15313_Secondary,407.2448,
40.9825274,-81.41594413,OH1P-2267789-481258-2267800-481663,404.1977,C
40.9825311,-81.36651088,OH1P-2281436-481432-2281753-481233,404.1768,C
40.98253206,-81.30009934,OH3P-2299769-481678-2299754-483184,406.5361,ABC
40.98253267,-81.41617708,T14456_Secondary,407.2962,
40.98253728,-81.36758428,OH1P-2281139-481431-2281436-481432,404.1767,C
40.98253891,-81.36791718,OH3P-2281047-481430-2281057-481892,406.371,ABC
40.98254357,-81.35721923,T15337_Secondary,407.2472,
40.98254692,-81.38987124,OH1P-2274986-481355-2275216-480722,404.1916,A
40.98255878,-81.39102844,OH1P-2274667-481355-2274986-481355,404.1915,A
40.98257542,-81.29987342,T15562_Secondary,407.4809,
40.98259046,-81.38964537,T11117_Secondary,407.2902,
40.98265434,-81.36634396,T15312_Secondary,407.2447,
40.98270204,-81.39661825,T11425_Secondary,407.2937,
40.98270427,-81.39685129,OH1P-2273059-481388-2273039-480852,404.1952,B
40.98278654,-81.38409632,T14644_Secondary,407.2251,
40.98279988,-81.38815116,T11114_Secondary,407.2904,
40.98281934,-81.31914172,OHSEC1P-2294511-481711-2294376-481763,414.1133,ABC
40.98296351,-81.31939736,T15568_Secondary,407.4912,
40.9829659,-81.31963039,OH3P-2294376-481763-2294348-479983,406.547,ABC
40.9829659,-81.31963039,OH3P-2294376-481763-2294429-482941,406.5471,ABC
40.98296833,-81.35931236,T15328_Secondary,407.2463,
40.98300736,-81.32149139,OHSEC1P-2293862-481771-2294376-481763,414.1135,ABC
40.98303524,-81.39506413,OH1P-2273551-481515-2273533-481323,404.2024,A
40.98303524,-81.39506413,OH1P-2273551-481515-2273555-481822,404.2022,A
40.98303748,-81.39529717,T14607_Secondary,407.2998,
40.98306221,-81.36377562,T15317_Secondary,407.2452,
40.9830781,-81.36890573,OH1P-2280772-481623-2280337-481609,404.1707,B
40.98309595,-81.35875829,OH1P-2283573-481666-2283421-481682,404.1782,C
40.98312159,-81.36867985,T15289_Secondary,407.2426,
40.98312942,-81.35828335,OH3P-2283704-481680-2283708-481235,406.3725,ABC
40.98314583,-81.37068084,T15282_Secondary,407.2419,
40.98315831,-81.36111433,T15327_Secondary,407.2462,
40.98315963,-81.35843617,OH3P-2283662-481690-2283704-481680,406.3726,ABC
40.98320178,-81.36088844,OH1P-2282985-481697-2283421-481682,404.1781,C
40.98320764,-81.36239424,OH1P-2282569-481694-2282985-481697,404.1779,C
40.98322025,-81.38832286,OH1P-2275411-481606-2275430-481802,404.1531,C
40.9832388,-81.36377259,OH1P-2282188-481700-2282569-481694,404.1778,C
40.98330728,-81.32445236,OHSEC1P-2293043-481869-2292908-482152,414.1295,ABC
40.98333311,-81.40599999,T11422_Secondary,407.2925,
40.98333533,-81.40623304,OH3P-2270466-481585-2270505-481938,406.4063,ABC
40.98338423,-81.36239121,T15318_Secondary,407.2453,
40.98343652,-81.39830506,T11416_Secondary,407.2943,
40.98343875,-81.39853811,OH1P-2272590-481650-2272596-481922,404.1959,C
40.98347809,-81.37194294,T15281_Secondary,407.2418,
40.98348993,-81.38677074,OH1P-2275838-481710-2275861-482216,404.1548,A
40.9835258,-81.38558255,OH1P-2276166-481727-2276150-482351,404.1546,A
40.98353399,-81.32544313,OHSEC1P-2292768-481948-2292908-482152,414.1292,ABC
40.98353782,-81.38699507,T14631_Secondary,407.2244,
40.98357368,-81.38580688,T14630_Secondary,407.2241,
40.98359049,-81.35678457,T15393_Secondary,407.1958,
40.98360744,-81.35739495,T15338_Secondary,407.2473,
40.9836188,-81.32506556,OHSEC1P-2292872-481980-2292908-482152,414.1294,ABC
40.98364511,-81.41611717,T14458_Secondary,407.2961,
40.98367106,-81.32535176,OHSEC1P-2292793-481998-2292908-482152,414.1293,ABC
40.98373897,-81.41283375,OH1P-2268642-481710-2268312-481719,404.1974,A
40.98375679,-81.38824552,OH1P-2275430-481802-2275575-482305,404.1532,C
40.98377543,-81.41402969,OH2P-2268312-481719-2268312-481110,405.1001,AC
40.9837763,-81.3258771,OHSEC1P-2292647-482034-2292908-482152,414.1288,ABC
40.98377763,-81.41426273,T11460_Secondary,407.2963,
40.98380467,-81.38846985,T14626_Secondary,407.2233,
40.98380576,-81.3678589,OH3P-2281057-481892-2281075-482200,406.3708,ABC
40.98380699,-81.32553331,OHSEC1P-2292742-482047-2292908-482152,414.1291,ABC
40.9838777,-81.39503418,OH1P-2273555-481822-2273615-482004,404.2025,A
40.98388187,-81.33889485,OH3P-2289053-482025-2289041-481191,406.3442,ABC
40.98389839,-81.33904732,OH3P-2289011-482030-2289053-482025,406.3448,ABC
40.98390011,-81.33938023,OH1P-2288919-482030-2288529-482040,404.1217,B
40.9839029,-81.32595759,OHSEC1P-2292624-482080-2292908-482152,414.1287,ABC
40.98391557,-81.41283086,T11461_Secondary,407.2958,
40.98394587,-81.34102303,T15401_Secondary,407.1966,
40.98404495,-81.39647187,T11423_Secondary,407.2938,
40.98404717,-81.32515223,T15637_Secondary,407.4935,
40.98404718,-81.39670491,OH1P-2273093-481878-2273059-481388,404.1953,B
40.98405486,-81.36078319,OH1P-2283010-482008-2282985-481697,404.178,C
40.98405688,-81.38858659,OH1P-2275334-481910-2275398-481437,404.1918,A
40.98405826,-81.40206463,T11419_Secondary,407.294,
40.98406189,-81.35683447,OH1P-2284100-482025-2284132-481916,404.1207,C
40.98406963,-81.326275,OHSEC1P-2292536-482140-2292908-482152,414.1286,ABC
40.984074,-81.40024131,T11418_Secondary,407.2941,
40.98408394,-81.39177977,OH1P-2274452-481908-2274829-481915,404.1912,A
40.98408827,-81.39041414,OH1P-2274829-481915-2274667-481355,404.1913,A
40.98408827,-81.39041414,OH1P-2274829-481915-2275334-481910,404.1917,A
40.98409057,-81.32492631,OH1P-2292908-482152-2292073-482958,404.2931,A
40.98409429,-81.35779714,OH3P-2283834-482033-2283704-481680,406.3718,ABC
40.98410042,-81.38836072,T11113_Secondary,407.2903,
40.98410559,-81.40355146,T11420_Secondary,407.2939,
40.9841318,-81.39018827,T11112_Secondary,407.2899,
40.98414026,-81.33867972,T15383_Secondary,407.1948,
40.98416061,-81.4099903,T11451_Secondary,407.2953,
40.98416281,-81.41022335,OH1P-2269361-481873-2269338-481097,404.1968,A
40.98418442,-81.3985038,OH1P-2272596-481922-2272117-481940,404.1958,C
40.98418824,-81.33890402,OH3P-2289049-482136-2288559-483028,406.3443,ABC
40.98418824,-81.33890402,OH3P-2289049-482136-2289053-482025,406.3449,ABC
40.98419597,-81.357561,OH3P-2283898-482071-2284010-482138,406.3332,ABC
40.98420664,-81.36066404,T15329_Secondary,407.2464,
40.9842104,-81.39194247,T11111_Secondary,407.2898,
40.98423485,-81.40206171,OH1P-2271613-481928-2271203-481940,404.1956,C
40.9842506,-81.40023838,OH1P-2272117-481940-2271613-481928,404.1957,C
40.98428218,-81.40354854,OH1P-2271203-481940-2270657-481944,404.1955,C
40.98429993,-81.4118959,OH1P-2268898-481917-2268642-481710,404.1973,A
40.98430091,-81.40607645,OH3P-2270505-481938-2270508-482050,406.4061,ABC
40.98430214,-81.41212895,T11462_Secondary,407.2957,
40.98431335,-81.4058576,OH1P-2270565-481943-2270505-481938,404.1954,C
40.98433509,-81.37305036,T15292_Secondary,407.2428,
40.98433624,-81.39838474,T11417_Secondary,407.2942,
40.98434329,-81.35430271,T15395_Secondary,407.196,
40.98435654,-81.37476366,T15293_Secondary,407.2429,
40.98437568,-81.35715443,OH3P-2284010-482138-2283993-482192,406.345,ABC
40.98437568,-81.35715443,OH3P-2284010-482138-2284034-482090,406.3452,ABC
40.98437773,-81.39504142,T14608_Secondary,407.2999,
40.98439413,-81.36885003,T15290_Secondary,407.2427,
40.98439628,-81.38403789,T14643_Secondary,407.225,
40.98439854,-81.38427093,OH1P-2276524-482050-2276515-481463,404.1552,B
40.98440028,-81.32649001,OHSEC1P-2292475-482259-2292908-482152,414.129,ABC
40.9844223,-81.39334421,OH3P-2274019-482026-2273963-482758,406.405,ABC
40.98444297,-81.37156169,T15280_Secondary,407.2417,
40.98449456,-81.31714034,OHSEC1P-2295055-482329-2294376-481763,414.1134,ABC
40.98450834,-81.37464454,OH1P-2279181-482124-2279161-482211,404.1739,A
40.98451168,-81.37304736,OH1P-2279622-482131-2279181-482124,404.1738,A
40.98451421,-81.32534674,OHSEC1P-2292790-482305-2292908-482152,414.1285,ABC
40.9845355,-81.31286783,OHSEC1P-2296235-482360-2294429-482941,414.1138,ABC
40.98457073,-81.36884702,OH1P-2280781-482167-2280113-482196,404.1735,A
40.98457073,-81.36884702,OH1P-2280781-482167-2280983-482200,404.1734,A
40.98460786,-81.40582575,T11421_Secondary,407.2926,
40.98461007,-81.4060588,OH3P-2270508-482050-2270525-482212,406.4064,ABC
40.98461956,-81.37155868,OH1P-2280032-482175-2279622-482131,404.1737,A
40.98461956,-81.37155868,OH1P-2280032-482175-2280113-482196,404.1736,A
40.98465091,-81.36778142,OH3P-2281075-482200-2281102-482731,406.3709,ABC
40.98467281,-81.37126515,OH1P-2280113-482196-2280110-482448,404.1741,A
40.98474725,-81.32685159,OHSEC1P-2292373-482385-2292908-482152,414.1289,ABC
40.98487819,-81.38666401,OH1P-2275861-482216-2275900-482354,404.1544,A
40.98490104,-81.35569107,OH3P-2284411-482335-2284010-482138,406.3331,ABC
40.98490104,-81.35569107,OH3P-2284411-482335-2284462-482358,406.3451,ABC
40.98490104,-81.35569107,OH3P-2284411-482335-2284950-480957,406.333,ABC
40.98492607,-81.38688835,T14632_Secondary,407.2243,
40.98493121,-81.35722946,T15392_Secondary,407.1957,
40.98493353,-81.35746251,OH1P-2283922-482340-2283892-482641,404.1208,C
40.98493353,-81.35746251,OH1P-2283922-482340-2283928-482256,404.1205,C
40.98493645,-81.34752405,T15400_Secondary,407.1965,
40.98505259,-81.35839935,OH1P-2283663-482380-2283922-482340,404.1206,C
40.98505313,-81.40599108,OH3P-2270525-482212-2270545-482391,406.4058,ABC
40.9850549,-81.3586324,T15391_Secondary,407.1956,
40.98507518,-81.37503471,OH1P-2279070-482329-2278830-482575,404.1743,A
40.98507518,-81.37503471,OH1P-2279070-482329-2279125-482248,404.174,A
40.98507518,-81.37503471,OH1P-2279070-482329-2279273-482503,404.1748,A
40.9850765,-81.40616834,OH3P-2270476-482220-2270525-482212,406.406,ABC
40.98507802,-81.40650124,OH3P-2270384-482219-2270037-482256,406.4076,ABC
40.98508707,-81.35521531,OH1P-2284542-482404-2284733-482511,404.1209,A
40.98509874,-81.32750586,OHSEC1P-2292191-482510-2292073-482958,414.1299,ABC
40.98510207,-81.32703305,OHSEC1P-2292321-482513-2292073-482958,414.13,ABC
40.98513236,-81.38769689,OH1P-2275575-482305-2275520-482471,404.153,C
40.98517084,-81.35186736,T15397_Secondary,407.1962,
40.98519071,-81.40775781,OH3P-2270037-482256-2269617-482273,406.4077,ABC
40.9852218,-81.39661921,T11411_Secondary,407.293,
40.985239,-81.38561104,OH1P-2276150-482351-2276156-482472,404.1545,A
40.98525248,-81.40927777,OH3P-2269617-482273-2269330-482281,406.4118,ABC
40.98525515,-81.38651763,OH1P-2275900-482354-2276156-482472,404.1543,A
40.98528015,-81.37146735,T15291_Secondary,407.2227,
40.98528252,-81.38538517,T14633_Secondary,407.224,
40.98528281,-81.41031563,OH3P-2269330-482281-2268901-482301,406.4078,ABC
40.98528346,-81.39844127,T11412_Secondary,407.2929,
40.98529078,-81.39106993,T11105_Secondary,407.2896,
40.98531886,-81.40040962,T11413_Secondary,407.2928,
40.98534743,-81.3518643,OH1P-2285465-482511-2285094-482515,404.1213,A
40.98535274,-81.41186671,OH3P-2268901-482301-2268298-482309,406.4079,ABC
40.98536647,-81.37126402,OH1P-2280110-482448-2280156-482814,404.1742,A
40.9853673,-81.4077549,T11440_Secondary,407.2959,
40.98537051,-81.35320974,OH1P-2285094-482515-2285042-483113,404.1214,A
40.98537407,-81.35451814,OH1P-2284733-482511-2284853-482169,404.121,A
40.98537407,-81.35451814,OH1P-2284733-482511-2285094-482515,404.1212,A
40.98537688,-81.40243593,T11414_Secondary,407.2927,
40.98539392,-81.4146895,OH1P-2268122-482306-2267812-482298,404.199,A
40.98539708,-81.41405368,OH1P-2268298-482309-2268214-482307,404.1991,A
40.98539708,-81.41405368,OH2P-2268298-482309-2268312-481719,405.1,AC
40.9853984,-81.39661627,OH1P-2273111-482370-2272608-482386,404.1944,A
40.98540882,-81.40404759,T11415_Secondary,407.2924,
40.98542908,-81.40927486,T11441_Secondary,407.296,
40.98543741,-81.32779834,OHSEC1P-2292109-482632-2292073-482958,414.1298,ABC
40.98544879,-81.41032939,OH1P-2269325-482341-2269330-482281,404.1978,B
40.98545584,-81.37409189,T15296_Secondary,407.2432,
40.98546006,-81.39843834,OH1P-2272608-482386-2272064-482393,404.1943,A
40.98546078,-81.39100676,OH1P-2274659-482413-2275058-482431,404.1921,B
40.98546347,-81.41188138,OH1P-2268897-482341-2268901-482301,404.1981,C
40.98549418,-81.3893303,T11106_Secondary,407.2907,
40.98549546,-81.40040669,OH1P-2272064-482393-2271505-482407,404.1942,A
40.9855051,-81.38809019,T14625_Secondary,407.2232,
40.98551904,-81.31708776,OHSEC1P-2295065-482702-2294429-482941,414.1141,ABC
40.98554413,-81.40591003,OH3P-2270545-482391-2270553-482479,406.4059,ABC
40.98554611,-81.37429221,OH1P-2279273-482503-2279426-482900,404.1751,A
40.98555348,-81.40243301,OH1P-2271505-482407-2271060-482413,404.1941,A
40.98555657,-81.40569116,OH1P-2270605-482396-2270545-482391,404.1939,A
40.98556306,-81.41406745,OH1P-2268293-482370-2268298-482309,404.1984,B
40.98556977,-81.38558515,OH1P-2276156-482472-2276035-482731,404.1542,A
40.98557241,-81.37688382,T15299_Secondary,407.2435,
40.98558541,-81.40404467,OH1P-2271060-482413-2270697-482397,404.194,A
40.98570146,-81.32802638,OHSEC1P-2292044-482728-2292073-482958,414.1297,ABC
40.98573019,-81.38402578,T14642_Secondary,407.2249,
40.98573245,-81.38425883,OH1P-2276521-482535-2276524-482050,404.1551,B
40.98574538,-81.37876637,T15298_Secondary,407.2434,
40.985749,-81.37688083,OH1P-2278558-482568-2278102-482560,404.1746,A
40.985749,-81.37688083,OH1P-2278558-482568-2278649-482588,404.1745,A
40.98576008,-81.37589291,OH1P-2278830-482575-2278649-482588,404.1744,A
40.98576321,-81.391526,T14611_Secondary,407.3001,
40.98576339,-81.35778868,T15394_Secondary,407.1959,
40.98580121,-81.37654853,OH1P-2278649-482588-2278669-483055,404.1747,A
40.9858135,-81.32679701,OHSEC1P-2292383-482773-2292073-482958,414.1301,ABC
40.98591187,-81.37577379,T15300_Secondary,407.2436,
40.9859274,-81.32825328,OHSEC1P-2291981-482809-2292073-482958,414.1296,ABC
40.9859635,-81.32208922,OHSEC1P-2293682-482845-2294429-482941,414.1142,ABC
40.9859912,-81.40587557,OH3P-2270552-482554-2270593-482915,406.4057,ABC
40.98607872,-81.38846493,T11101_Secondary,407.2906,
40.98609256,-81.35508922,OH1P-2284572-482771-2284733-482511,404.1211,A
40.98610478,-81.36742387,T15339_Secondary,407.2474,
40.98610708,-81.36765692,OH3P-2281102-482731-2281102-483264,406.3648,ABC
40.98612437,-81.32838199,OHSEC1P-2291944-482881-2292073-482958,414.1309,ABC
40.9861318,-81.36951933,T15295_Secondary,407.2431,
40.9861794,-81.39424914,T11403_Secondary,407.2972,
40.98619145,-81.41158351,T14446_Secondary,407.2966,
40.98619579,-81.31914584,T15569_Secondary,407.4913,
40.98619581,-81.41181651,OH1P-2268912-482608-2268897-482433,404.1982,C
40.9862471,-81.32867082,OHSEC1P-2291864-482924-2292073-482958,414.1307,ABC
40.98626915,-81.35508617,T15396_Secondary,407.1961,
40.98628483,-81.38601012,OH1P-2276035-482731-2275845-483078,404.1541,A
40.98630918,-81.38879549,T14624_Secondary,407.2231,
40.98632835,-81.38578424,T14634_Secondary,407.2239,
40.98633345,-81.39436311,OH1P-2273729-482719-2272596-482938,404.1992,C
40.98636815,-81.37108122,OH1P-2280156-482814-2280185-482861,404.1752,A
40.98637877,-81.41553919,T11450_Secondary,407.297,
40.98638312,-81.41577219,OH1P-2267819-482663-2267812-482298,404.1987,A
40.98639152,-81.32769286,T15638_Secondary,407.4936,
40.98639552,-81.38859218,OH1P-2275322-482762-2275095-483095,404.1528,C
40.98639552,-81.38859218,OH1P-2275322-482762-2275520-482471,404.1529,C
40.98639844,-81.41010077,T11444_Secondary,407.2964,
40.9864028,-81.41033377,OH1P-2269320-482689-2269326-482433,404.1979,B
40.9864279,-81.32868018,OHSEC1P-2291860-482990-2292073-482958,414.1306,ABC
40.98643365,-81.39351509,OH3P-2273963-482758-2273775-483212,406.4074,ABC
40.98645183,-81.32888292,OHSEC1P-2291804-482998-2292073-482958,414.1304,ABC
40.98645678,-81.41376688,T11448_Secondary,407.2968,
40.98646114,-81.41399988,OH1P-2268308-482697-2268294-482462,404.1985,B
40.98646365,-81.39103079,OH1P-2274648-482778-2274659-482413,404.1909,B
40.98646365,-81.39103079,OH1P-2274648-482778-2274659-483167,404.1908,B
40.98648219,-81.39178922,OH1P-2274439-482782-2274450-482521,404.2028,B
40.98648219,-81.39178922,OH1P-2274439-482782-2274648-482778,404.2027,B
40.98649743,-81.39319299,OH1P-2274051-482783-2274439-482782,404.1907,B
40.98650718,-81.39080491,T11104_Secondary,407.2894,
40.98652223,-81.37119514,T15294_Secondary,407.243,
40.98652494,-81.39982861,T11405_Secondary,407.2948,
40.98653958,-81.37352128,T15297_Secondary,407.2433,
40.98659463,-81.37083688,OH1P-2280222-482897-2280276-482978,404.1753,A
40.98660166,-81.40124935,T11406_Secondary,407.2947,
40.9866162,-81.40326498,T11409_Secondary,407.2944,
40.98662986,-81.3737216,OH1P-2279426-482900-2279535-483143,404.175,A
40.98666591,-81.35790658,T15399_Secondary,407.1964,
40.98667898,-81.3999426,OH1P-2272187-482825-2271859-482848,404.1967,C
40.98672336,-81.35709185,OH1P-2284016-482994-2283856-482970,404.1215,A
40.98674588,-81.32876185,OHSEC1P-2291836-483106-2292073-482958,414.1305,ABC
40.98675348,-81.40113029,OH1P-2271859-482848-2271842-483334,404.1966,C
40.98677664,-81.34046918,T15384_Secondary,407.1949,
40.98678704,-81.3567697,OH3P-2284104-483018-2284133-483055,406.3453,ABC
40.9867915,-81.30024171,T15563_Secondary,407.481,
40.98681533,-81.3706389,OH1P-2280276-482978-2280588-482798,404.1754,A
40.98683876,-81.32852626,OHSEC1P-2291901-483140-2292073-482958,414.1308,ABC
40.98688733,-81.3566651,OH3P-2284133-483055-2284032-483347,406.3337,ABC
40.98688733,-81.3566651,OH3P-2284133-483055-2284411-482335,406.3333,ABC
40.98692673,-81.35357242,T15398_Secondary,407.1963,
40.9869728,-81.40374445,OH1P-2271136-482919-2270745-482921,404.1961,A
40.9869728,-81.40374445,OH1P-2271136-482919-2271270-482855,404.1964,A
40.98697285,-81.39845641,OH1P-2272596-482938-2272187-482825,404.1989,C
40.98699374,-81.40549443,OH1P-2270653-482921-2270593-482915,404.196,A
40.98712143,-81.38544808,T14639_Secondary,407.2246,
40.98714944,-81.39845348,T11404_Secondary,407.2952,
40.98723264,-81.38960298,T14623_Secondary,407.223,
40.98723559,-81.37633468,T15301_Secondary,407.2437,
40.98724646,-81.3866815,OH1P-2275845-483078-2275736-483372,404.154,A
40.98724672,-81.37309005,T15302_Secondary,407.2438,
40.98727099,-81.39235498,T14610_Secondary,407.3,
40.98727323,-81.39258804,OH1P-2274215-483067-2274439-482782,404.2029,B
40.98728631,-81.32901305,OHSEC1P-2291764-483301-2292073-482958,414.1303,ABC
40.98728999,-81.38645561,T14635_Secondary,407.2238,
40.98737191,-81.41371016,T11447_Secondary,407.2969,
40.98737626,-81.41394317,OH1P-2268319-483031-2268308-482697,404.1986,B
40.98737885,-81.37191694,OH1P-2279920-483179-2280276-482978,404.1755,A
40.98746594,-81.37214165,OH1P-2279858-483210-2279920-483179,404.1756,A
40.98748977,-81.38998199,OH1P-2274933-483156-2275313-482601,404.192,B
40.98751243,-81.36879329,T15306_Secondary,407.2228,
40.98752788,-81.39073984,T11103_Secondary,407.2895,
40.98753012,-81.3909729,OH1P-2274659-483167-2274933-483156,404.1919,B
40.98753064,-81.37179781,T15303_Secondary,407.2439,
40.98757612,-81.38977868,T11102_Secondary,407.2905,
40.98759354,-81.32904925,OHSEC1P-2291753-483413-2292073-482958,414.1302,ABC
40.98764077,-81.38243081,T14641_Secondary,407.2248,
40.98766921,-81.37005787,OH1P-2280432-483292-2280276-482978,404.176,A
40.98766921,-81.37005787,OH1P-2280432-483292-2280720-483222,404.1761,A
40.98768961,-81.35678276,T15343_Secondary,407.1909,
40.98775949,-81.3702582,T15304_Secondary,407.244,
40.98777899,-81.31511788,OHSEC1P-2295597-483533-2294429-482941,414.1137,ABC
40.987792,-81.316275,OHSEC1P-2295278-483533-2294429-482941,414.1136,ABC
40.9877948,-81.41001523,T11443_Secondary,407.2965,
40.98779917,-81.41024823,OH1P-2269337-483198-2269320-482689,404.198,B
40.98780319,-81.40274523,OH1P-2271408-483225-2271139-483234,404.1963,A
40.98780499,-81.31743214,OHSEC1P-2294958-483534-2294429-482941,414.114,ABC
40.98780571,-81.38845778,T14637_Secondary,407.2236,
40.9878088,-81.41149436,T14445_Secondary,407.2967,
40.98781019,-81.38410396,OH1P-2276554-483293-2276521-482535,404.155,B
40.98781019,-81.38410396,OH1P-2276554-483293-2276952-483237,404.1549,B
40.98781316,-81.41172736,OH1P-2268929-483198-2268912-482608,404.1983,C
40.98781761,-81.31870557,OHSEC1P-2294607-483533-2294429-482941,414.1139,ABC
40.98783628,-81.40372063,OH1P-2271139-483234-2271136-482919,404.1962,A
40.98785488,-81.37296938,OH1P-2279628-483349-2279535-483143,404.1749,A
40.98785488,-81.37296938,OH1P-2279628-483349-2279813-483236,404.1759,A
40.98788413,-81.40394499,T11408_Secondary,407.2945,
40.98789653,-81.38390064,T14640_Secondary,407.2247,
40.98793299,-81.41545117,T11449_Secondary,407.2971,
40.98793734,-81.41568418,OH1P-2267836-483229-2267819-482663,404.1988,A
40.98797978,-81.4027423,T11407_Secondary,407.2946,
40.98801336,-81.37318325,T15305_Secondary,407.2441,
40.98804361,-81.38999196,OH1P-2274928-483357-2275090-483464,404.1525,C
40.98804361,-81.38999196,OH1P-2274928-483357-2275095-483095,404.1527,C
40.98805531,-81.38706376,OH1P-2275736-483372-2275710-483513,404.1539,A
40.98809884,-81.38683787,T14636_Secondary,407.2237,
40.98813661,-81.37301633,OH1P-2279613-483451-2279628-483349,404.1523,A
40.98816078,-81.38599313,T14638_Secondary,407.2245,
40.98824712,-81.38578981,OH1P-2276087-483446-2276242-483069,404.1556,B
40.98829465,-81.3874042,OH1P-2275641-483458-2275500-483518,404.1526,A
40.98832887,-81.39580843,T11401_Secondary,407.2951,
40.98832905,-81.39829836,T11402_Secondary,407.295,
40.98833824,-81.40116787,OH1P-2271841-483426-2271836-483486,404.1965,C
40.98837111,-81.38400868,OH1P-2276578-483498-2276368-483538,404.1555,B
40.98837111,-81.38400868,OH1P-2276578-483498-2276554-483293,404.1524,B
40.98837937,-81.39284883,T14622_Secondary,407.2229,
40.98839083,-81.36988859,OH1P-2280475-483555-2280432-483292,404.1757,A
40.98839083,-81.37296603,OH1P-2279626-483544-2279613-483451,404.1758,A
40.98844243,-81.38715152,OH1P-2275710-483513-2275641-483458,404.1538,A
40.98845321,-81.38826608,OH1P-2275402-483513-2275408-483308,404.1537,A
40.98846557,-81.38791166,OH1P-2275500-483518-2275402-483513,404.1536,A
40.9884696,-81.38588005,OH1P-2276061-483527-2276087-483446,404.1554,B
40.98847779,-81.35907835,T15342_Secondary,407.1908,
40.98848438,-81.39536737,OH3P-2273442-483499-2273761-483525,406.4073,ABC
40.98848569,-81.39563899,OH3P-2273367-483499-2273321-483505,406.407,ABC
40.98848621,-81.40565804,OH3P-2270601-483464-2270593-482915,406.4066,ABC
40.98848621,-81.40565804,OH3P-2270601-483464-2271836-483486,406.4067,ABC
40.98849038,-81.38476495,OH1P-2276368-483538-2276061-483527,404.1553,B
40.98850106,-81.36601459,T15340_Secondary,407.2226,
40.98850546,-81.39580549,OH3P-2273321-483505-2272633-483496,406.4069,ABC
40.98850564,-81.39829543,OH3P-2272633-483496-2271836-483486,406.4068,ABC
40.98853406,-81.40588241,T11410_Secondary,407.2949,
40.98853871,-81.38748835,OH3P-2275616-483546-2275066-483553,406.3655,ABC
40.98853885,-81.3625813,T15341_Secondary,407.2475,
40.98854504,-81.39420997,OH3P-2273761-483525-2273774-483287,406.4072,ABC
40.98854504,-81.39420997,OH3P-2273761-483525-2273987-483531,406.4071,ABC
40.98855596,-81.39284588,OH3P-2274137-483534-2274062-483531,406.3658,ABC
40.98857533,-81.38948178,OH3P-2275066-483553-2274137-483534,406.3654,ABC
40.98859538,-81.38587015,OH3P-2276063-483573-2275616-483546,406.3656,ABC
40.98861093,-81.37723527,OH3P-2278446-483609-2277317-483597,406.3652,ABC
40.98861518,-81.38409282,OH3P-2276553-483586-2276063-483573,406.3657,ABC
40.98861762,-81.38132639,OH3P-2277317-483597-2276553-483586,406.3653,ABC
40.9886349,-81.36997268,OH3P-2280451-483644-2280093-483647,406.3714,ABC
40.98864309,-81.37296389,OH3P-2279625-483636-2278446-483609,406.3712,ABC
40.98865438,-81.35907531,OH3P-2283459-483690-2283898-483711,406.3336,ABC
40.98865756,-81.37126901,OH3P-2280093-483647-2279625-483636,406.3711,ABC
40.98866795,-81.36091333,OH3P-2282952-483688-2283459-483690,406.3335,ABC
40.98867559,-81.36616399,OH3P-2281502-483672-2281544-483673,406.3728,ABC
40.98867765,-81.36601157,OH3P-2281544-483673-2282460-483691,406.3729,ABC
40.98867998,-81.36762654,OH3P-2281098-483668-2281102-483339,406.365,ABC
40.98867998,-81.36762654,OH3P-2281098-483668-2281427-483672,406.3649,ABC
40.98869123,-81.36887663,OH3P-2280753-483668-2281098-483668,406.3651,ABC
40.9886926,-81.36914826,OH3P-2280678-483668-2280451-483644,406.3713,ABC
40.98869294,-81.3626952,OH3P-2282460-483691-2282877-483688,406.373,ABC
40.98869683,-81.35748601,OH3P-2283898-483711-2284032-483347,406.3334,ABC
42.15314777,-87.85809025,OHSEC1P-516304-950575-516237-950667,414.2,ABC
42.15330059,-87.85794324,OHSEC1P-516348-950628-516237-950667,414.2001,ABC
42.15338897,-87.85836076,OHSEC1P-516237-950667-516370-950725,414.2002,ABC
42.15355819,-87.85729256,OHSEC1P-516530-950711-516435-950628,414.2101,ABC
42.15355819,-87.85729256,OHSEC1P-516530-950711-516470-950720,414.21,ABC
42.15355819,-87.85729256,OHSEC1P-516530-950711-516532-950577,414.2102,ABC
42.15355819,-87.85729256,OHSEC1P-516530-950711-516688-950615,414.2103,ABC
42.15356387,-87.85591572,OHSEC1P-516902-950690-516777-950583,414.2201,ABC
42.15356387,-87.85591572,OHSEC1P-516902-950690-516845-950715,414.22,ABC
42.15356387,-87.85591572,OHSEC1P-516902-950690-516880-950595,414.2202,ABC
42.15359093,-87.85684498,OHSEC1P-516651-950715-516530-950711,414.2104,ABC
42.15363286,-87.85661684,OHSEC1P-516714-950726-516530-950711,414.2105,ABC
42.15366371,-87.85812869,OH3P-516306-950763-516235-950762,406.15605,ABC
42.15367069,-87.85839058,OH3P-516235-950770-516235-950762,406.15603,ABC
42.15369354,-87.85839247,OH3P-516235-950778-516234-950846,406.156,ABC
42.1536975,-87.85737283,OH3P-516511-950763-516306-950763,406.15604,ABC
42.15369935,-87.85733547,OH3P-516521-950763-516530-950763,406.15702,ABC
42.15370089,-87.85730351,OH3P-516530-950763-516614-950763,406.157,ABC
42.15371522,-87.85699517,OH3P-516614-950763-516731-950763,406.15704,ABC
42.15373843,-87.85652419,OH3P-516742-950763-516928-950763,406.15802,ABC
42.15376906,-87.85583721,OH3P-516928-950763-517044-950763,406.15803,ABC
42.15378847,-87.85540985,OH3P-517044-950763-517044-950769,406.15801,ABC
42.15382859,-87.8554134,OH3P-517044-950778-517043-950914,406.158,ABC
42.15387811,-87.85841107,OH3P-516234-950846-516234-950868,406.15602,ABC
42.15390819,-87.8558462,OHSEC1P-516929-950814-516672-950867,414.2204,ABC
42.15390819,-87.8558462,OHSEC1P-516929-950814-517005-950847,414.2205,ABC
42.15394052,-87.85841554,OH3P-516234-950868-516234-950932,406.15601,ABC
42.15395388,-87.85810506,OHSEC3P-516318-950868-516346-950868,416.1301,ABC
42.15395388,-87.85810506,OHSEC3P-516318-950868-516400-950917,416.13,ABC
42.15409446,-87.85628084,OHSEC1P-516815-950889-516929-950814,414.2203,ABC
42.15411574,-87.85843071,OH3P-516234-950932-516598-951057,406.15606,ABC
42.1543467,-87.85705222,OH3P-516612-950993-516614-950763,406.15701,ABC
42.15447817,-87.85589868,OHSEC1P-516927-951022-517005-950914,414.2206,ABC
42.15452012,-87.8570664,OH3P-516612-951057-516612-951002,406.15703,ABC
42.15452273,-87.85701499,OH3P-516626-951057-517043-950914,406.15804,ABC
42.15452446,-87.85696388,OH3P-516640-951057-516640-951049,406.159,ABC
49.47736182,-81.42913385,IEEE123A-83_Secondary,407.7655,
49.47768809,-81.47072022,IEEE123-83_Secondary,407.7755,
49.47778011,-81.429126,OH3P-2225979-3589750-2225729-3589748,406.16036,ABC
49.47778301,-81.43016581,OH3P-2225729-3589748-2225731-3589998,406.16035,ABC
49.47778814,-81.4308078,IEEE123A-82_Secondary,407.7652,
49.47790236,-81.42906539,OH3P-2225993-3589795-2225979-3589750,406.16042,ABC
49.47802666,-81.4275532,IEEE123A-84_Secondary,407.7656,
49.47810638,-81.47071268,OH3P-2215979-3589750-2215729-3589748,406.16159,ABC
49.47810896,-81.47175249,OH3P-2215729-3589748-2215731-3589998,406.16158,ABC
49.47811389,-81.47239449,IEEE123-82_Secondary,407.7752,
49.47811798,-81.47071663,OH3P-2215978-3589754-2215979-3589750,406.16165,ABC
49.47830079,-81.44195031,IEEE123A-6_Secondary,407.7603,
49.47835342,-81.46914005,IEEE123-84_Secondary,407.7756,
49.47837561,-81.44074469,IEEE123A-16_Secondary,407.7612,
49.4784299,-81.44296918,IEEE123A-5_Secondary,407.7602,
49.47844495,-81.42754534,OH1P-2226356-3590000-2226356-3590475,404.4223,C
49.47844624,-81.44462845,IEEE123A-4_Secondary,407.76,
49.47846033,-81.43014474,OH1P-2225731-3589998-2226356-3590000,404.4222,C
49.4785019,-81.43616688,IEEE123A-92_Secondary,407.7648,
49.47862308,-81.48353744,IEEE123-6_Secondary,407.7703,
49.47869827,-81.48233187,IEEE123-16_Secondary,407.7712,
49.47873125,-81.4322984,IEEE123A-86_Secondary,407.7642,
49.47875187,-81.48455641,IEEE123-5_Secondary,407.7702,
49.4787677,-81.4862157,IEEE123-4_Secondary,407.77,
49.47877171,-81.46913249,OH1P-2216356-3590000-2216356-3590475,404.4351,C
49.47878629,-81.47173192,OH1P-2215731-3589998-2216356-3590000,404.435,C
49.47882598,-81.47775413,IEEE123-92_Secondary,407.7748,
49.47884819,-81.44296143,OH1P-2222648-3590103-2222894-3590059,404.4267,C
49.47892019,-81.43615909,OH1P-2224283-3590150-2224278-3590149,404.4248,C
49.47892019,-81.43615909,OH1P-2224283-3590150-2224284-3590450,404.4219,C
49.4790276,-81.43411887,IEEE123A-87_Secondary,407.7647,
49.47905654,-81.47388579,IEEE123-86_Secondary,407.7742,
49.47914954,-81.43229057,OH3P-2225212-3590246-2224773-3590350,406.16029,ABC
49.47917016,-81.48454897,OH1P-2212648-3590103-2212894-3590059,404.4317,C
49.47924428,-81.47774664,OH1P-2214283-3590150-2214278-3590149,404.4314,C
49.47924428,-81.47774664,OH1P-2214283-3590150-2214284-3590450,404.4347,C
49.47928486,-81.44195065,IEEE123A-12_Secondary,407.7606,
49.4793001,-81.44412518,OH1P-2222366-3590267-2222249-3590104,404.4263,C
49.4793001,-81.44412518,OH1P-2222366-3590267-2222409-3590513,404.4251,C
49.4793001,-81.44412518,OH1P-2222366-3590267-2222648-3590103,404.4264,C
49.47935232,-81.47570648,IEEE123-87_Secondary,407.7747,
49.47939695,-81.43967744,IEEE123A-17_Secondary,407.7611,
49.47944589,-81.43411105,OH1P-2224773-3590350-2224772-3590525,404.4221,A
49.47944589,-81.43411105,OH3P-2224773-3590350-2224507-3590420,406.16028,ABC
49.47947483,-81.47387827,OH3P-2215212-3590246-2214773-3590350,406.16153,ABC
49.47952971,-81.43830646,IEEE123A-95_Secondary,407.7644,
49.47954443,-81.4391381,IEEE123A-96_Secondary,407.7645,
49.47960714,-81.4835385,IEEE123-12_Secondary,407.7706,
49.47962171,-81.48571305,OH1P-2212366-3590267-2212249-3590104,404.4315,C
49.47962171,-81.48571305,OH1P-2212366-3590267-2212409-3590513,404.4318,C
49.47962171,-81.48571305,OH1P-2212366-3590267-2212648-3590103,404.4316,C
49.47964436,-81.43521378,OH1P-2224507-3590420-2224523-3590645,404.422,B
49.47964436,-81.43521378,OH3P-2224507-3590420-2224284-3590450,406.16027,ABC
49.47966624,-81.44348612,IEEE123A-1_Secondary,407.7604,
49.47970315,-81.44194289,OH1P-2222889-3590422-2222891-3590647,404.4217,B
49.47971106,-81.4427164,IEEE123A-7_Secondary,407.7605,
49.47971994,-81.48126536,IEEE123-17_Secondary,407.7711,
49.47973303,-81.43613971,OH3P-2224284-3590450-2224061-3590480,406.16026,ABC
49.47973714,-81.42816306,IEEE123A-85_Secondary,407.7657,
49.47974744,-81.43012883,OH3P-2225729-3590473-2225731-3589998,406.16037,ABC
49.47975257,-81.43077083,IEEE123A-80_Secondary,407.7654,
49.47975569,-81.44696787,OH3P-2221681-3590426-2221672-3590427,406.16043,ABC
49.47976053,-81.44755044,OH3P-2221541-3590427-2221492-3590428,406.16044,ABC
49.47977061,-81.47569898,OH1P-2214773-3590350-2214772-3590525,404.4349,A
49.47977061,-81.47569898,OH3P-2214773-3590350-2214507-3590420,406.16152,ABC
49.47980992,-81.44070966,OH1P-2223185-3590465-2223183-3590090,404.4254,C
49.47980992,-81.44070966,OH1P-2223185-3590465-2223185-3590565,404.4252,C
49.47980992,-81.44070966,OH1P-2223185-3590465-2223435-3590470,404.4253,C
49.47982168,-81.43706564,OH3P-2224061-3590480-2223764-3590523,406.16024,ABC
49.47985313,-81.47989447,IEEE123-95_Secondary,407.7744,
49.47986759,-81.48072613,IEEE123-96_Secondary,407.7745,
49.47992178,-81.4341049,OH1P-2224772-3590525-2224769-3590524,404.4246,A
49.479948,-81.43829868,OH1P-2223764-3590523-2223564-3590526,404.4218,B
49.4799656,-81.44393462,OH1P-2222409-3590513-2222409-3590688,404.4228,B
49.4799656,-81.44393462,OH3P-2222409-3590513-2221898-3590593,406.16067,ABC
49.47996874,-81.47680186,OH1P-2214507-3590420-2214523-3590645,404.4348,B
49.47996874,-81.47680186,OH3P-2214507-3590420-2214284-3590450,406.16151,ABC
49.47998805,-81.48507426,IEEE123-1_Secondary,407.7704,
49.48002544,-81.48353105,OH1P-2212889-3590422-2212891-3590647,404.432,B
49.48003311,-81.48430456,IEEE123-7_Secondary,407.7705,
49.48005712,-81.47772785,OH3P-2214284-3590450-2214061-3590480,406.1615,ABC
49.48006371,-81.46975116,IEEE123-85_Secondary,407.7757,
49.4800734,-81.47171695,OH3P-2215729-3590473-2215731-3589998,406.1616,ABC
49.48007642,-81.48855609,OH3P-2211681-3590426-2211672-3590427,406.16133,ABC
49.48007833,-81.47235896,IEEE123-80_Secondary,407.7754,
49.48008107,-81.48913867,OH3P-2211541-3590427-2211492-3590428,406.16134,ABC
49.48008596,-81.44134663,IEEE123A-34_Secondary,407.7613,
49.48012935,-81.44270865,OH3P-2222703-3590577-2222409-3590513,406.16033,ABC
49.48013259,-81.48229789,OH1P-2213185-3590465-2213183-3590090,404.4328,C
49.48013259,-81.48229789,OH1P-2213185-3590465-2213185-3590565,404.4326,C
49.48013259,-81.48229789,OH1P-2213185-3590465-2213435-3590470,404.4327,C
49.48014549,-81.47865385,OH3P-2214061-3590480-2213764-3590523,406.16149,ABC
49.4801918,-81.44601675,OH3P-2221907-3590590-2221898-3590593,406.16009,ABC
49.48020957,-81.43860573,IEEE123A-52_Secondary,407.7635,
49.4802465,-81.47569317,OH1P-2214772-3590525-2214769-3590524,404.4312,A
49.48025537,-81.43516143,OH1P-2224517-3590645-2224523-3590645,404.4247,B
49.48026789,-81.43659768,IEEE123A-94_Secondary,407.7643,
49.48027142,-81.47988699,OH1P-2213764-3590523-2213564-3590526,404.4346,B
49.48028727,-81.48552297,OH1P-2212409-3590513-2212409-3590688,404.4321,B
49.48028727,-81.48552297,OH3P-2212409-3590513-2212017-3590591,406.16102,ABC
49.48030007,-81.4426222,OH3P-2222723-3590640-2222703-3590577,406.16054,ABC
49.48031355,-81.44192321,OH1P-2222891-3590647-2222925-3590869,404.4232,A
49.48031355,-81.44192321,OH3P-2222891-3590647-2222703-3590577,406.16025,ABC
49.48033865,-81.43779635,IEEE123A-53_Secondary,407.7636,
49.48034006,-81.43409709,IEEE123A-88_Secondary,407.765,
49.48040843,-81.48293506,IEEE123-34_Secondary,407.7713,
49.48044472,-81.44456782,IEEE123A-2_Secondary,407.7607,
49.48045141,-81.48429712,OH3P-2212703-3590577-2212409-3590513,406.16105,ABC
49.48051282,-81.48760528,OH3P-2211907-3590590-2211898-3590593,406.16103,ABC
49.4805329,-81.48019424,IEEE123-52_Secondary,407.7735,
49.48056727,-81.43704615,OH3P-2224062-3590755-2224061-3590480,406.16023,ABC
49.48057977,-81.47674995,OH1P-2214517-3590645-2214523-3590645,404.4313,B
49.48058939,-81.4370618,OH3P-2224059-3590763-2224062-3590755,406.16022,ABC
49.48059184,-81.47818622,IEEE123-94_Secondary,407.7743,
49.48060413,-81.44057518,OH1P-2223214-3590758-2223185-3590565,404.4255,C
49.48060587,-81.44103165,OH3P-2223104-3590757-2222891-3590647,406.16049,ABC
49.4806104,-81.43618564,IEEE123A-55_Secondary,407.7637,
49.48061149,-81.42918492,IEEE123A-79_Secondary,407.7653,
49.48061417,-81.43053676,IEEE123A-77_Secondary,407.7651,
49.48062443,-81.47503395,OH3P-2214929-3590667-2214929-3590725,406.16166,ABC
49.48062786,-81.43859795,OH3P-2223689-3590773-2223214-3590758,406.16002,ABC
49.48063585,-81.48351181,OH1P-2212891-3590647-2212925-3590869,404.4319,A
49.48063585,-81.48351181,OH3P-2212891-3590647-2212703-3590577,406.16104,ABC
49.48066223,-81.47938495,IEEE123-53_Secondary,407.7736,
49.48066479,-81.47568566,IEEE123-88_Secondary,407.775,
49.48067177,-81.43512801,IEEE123A-90_Secondary,407.7649,
49.48069241,-81.4396907,IEEE123A-58_Secondary,407.764,
49.48075694,-81.43778856,OH3P-2223883-3590823-2223689-3590773,406.16003,ABC
49.48076619,-81.48615654,IEEE123-2_Secondary,407.7707,
49.48079128,-81.43507579,IEEE123A-56_Secondary,407.7638,
49.48081005,-81.48229408,OH1P-2213183-3590715-2213185-3590565,404.4329,C
49.48081005,-81.48229408,OH3P-2213183-3590715-2212891-3590647,406.16106,ABC
49.48084781,-81.43728771,OH3P-2224003-3590858-2223883-3590823,406.16004,ABC
49.48089108,-81.47863491,OH3P-2214062-3590755-2214061-3590480,406.16148,ABC
49.48090857,-81.44112858,IEEE123A-9_Secondary,407.7608,
49.4809132,-81.47865058,OH3P-2214059-3590763-2214062-3590755,406.16147,ABC
49.48091365,-81.4417706,OH1P-2222925-3590869-2222932-3590886,404.4241,A
49.48093448,-81.47777443,IEEE123-55_Secondary,407.7737,
49.48093774,-81.47077367,IEEE123-79_Secondary,407.7753,
49.48094,-81.47212552,IEEE123-77_Secondary,407.7751,
49.48095119,-81.48018676,OH3P-2213689-3590773-2213293-3590715,406.16107,ABC
49.48099618,-81.47671683,IEEE123-90_Secondary,407.7749,
49.4810154,-81.48127957,IEEE123-58_Secondary,407.774,
49.48102869,-81.43617785,OH3P-2224269-3590928-2224003-3590858,406.16005,ABC
49.48102978,-81.42917707,OH3P-2225952-3590949-2225727-3590948,406.16032,ABC
49.48103245,-81.43052892,OH3P-2225627-3590946-2225227-3590946,406.1603,ABC
49.48103455,-81.43011291,OH3P-2225727-3590948-2225627-3590946,406.16031,ABC
49.48103455,-81.43011291,OH3P-2225727-3590948-2225729-3590473,406.16034,ABC
49.48104574,-81.43219254,OH3P-2225227-3590946-2225212-3590246,406.16013,ABC
49.48105086,-81.43283457,IEEE123A-76_Secondary,409.4903,
49.48108052,-81.47937747,OH3P-2213883-3590823-2213689-3590773,406.16126,ABC
49.48109702,-81.44287779,IEEE123A-10_Secondary,407.7609,
49.48110266,-81.42825221,IEEE123A-75_Secondary,407.766,
49.4811107,-81.43968293,OH1P-2223426-3590948-2223674-3590978,404.4214,B
49.4811157,-81.4766647,IEEE123-56_Secondary,407.7738,
49.48111597,-81.42991584,IEEE123A-74_Secondary,407.7659,
49.48111947,-81.43137167,IEEE123A-73_Secondary,407.7658,
49.48117154,-81.47887667,OH3P-2214003-3590858-2213883-3590823,406.16127,ABC
49.48118381,-81.43864996,OH3P-2223674-3590978-2224003-3590858,406.16007,ABC
49.48118381,-81.43864996,OH3P-2223674-3590978-2224401-3591163,406.16008,ABC
49.48120956,-81.43506798,OH3P-2224535-3590998-2224269-3590928,406.16006,ABC
49.48121667,-81.47502313,OH3P-2214929-3590885-2214930-3590898,406.16167,ABC
49.48123111,-81.48271761,IEEE123-9_Secondary,407.7708,
49.48123599,-81.48335964,OH1P-2212925-3590869-2212932-3590886,404.4322,A
49.48124278,-81.43562472,IEEE123A-60_Secondary,407.7641,
49.48135277,-81.47776694,OH3P-2214269-3590928-2214003-3590858,406.16128,ABC
49.48135603,-81.47076612,OH3P-2215952-3590949-2215727-3590948,406.16156,ABC
49.48135829,-81.47211798,OH3P-2215627-3590946-2215227-3590946,406.16154,ABC
49.48136051,-81.47170197,OH3P-2215727-3590948-2215627-3590946,406.16155,ABC
49.48136051,-81.47170197,OH3P-2215727-3590948-2215729-3590473,406.16157,ABC
49.48137105,-81.47378163,OH3P-2215227-3590946-2215212-3590246,406.16138,ABC
49.48137597,-81.47442366,IEEE123-76_Secondary,409.5003,
49.48141901,-81.48446697,IEEE123-10_Secondary,407.7709,
49.4814292,-81.46984131,IEEE123-75_Secondary,407.776,
49.48143369,-81.4812721,OH1P-2213426-3590948-2213674-3590978,404.4345,B
49.48144199,-81.47150496,IEEE123-74_Secondary,407.7759,
49.48144504,-81.4729608,IEEE123-73_Secondary,407.7758,
49.48150712,-81.48023918,OH3P-2213674-3590978-2214003-3590858,406.1613,ABC
49.48150712,-81.48023918,OH3P-2213674-3590978-2214401-3591163,406.16131,ABC
49.48153399,-81.4766572,OH3P-2214535-3590998-2214269-3590928,406.16129,ABC
49.48153425,-81.42990799,OH1P-2225774-3591133-2226174-3591133,404.4226,C
49.48153776,-81.43136383,OH1P-2225424-3591130-2225774-3591133,404.4225,C
49.48154688,-81.43250759,OH1P-2225149-3591130-2225424-3591130,404.4224,C
49.48154688,-81.43250759,OH3P-2225149-3591130-2225227-3590946,406.16014,ABC
49.48156703,-81.47721397,IEEE123-60_Secondary,407.7741,
49.48166107,-81.43561692,OH3P-2224401-3591163-2224323-3591202,406.16048,ABC
49.48166107,-81.43561692,OH3P-2224401-3591163-2224498-3591198,406.1601,ABC
49.48168158,-81.42880286,IEEE123A-71_Secondary,407.7664,
49.48168729,-81.43244382,IEEE123A-68_Secondary,407.7661,
49.48169072,-81.42994661,IEEE123A-70_Secondary,407.7663,
49.48169339,-81.43129848,IEEE123A-69_Secondary,407.7662,
49.48178816,-81.43967861,OH1P-2223424-3591198-2223426-3590948,404.4213,B
49.48179324,-81.44032064,IEEE123A-59_Secondary,407.7639,
49.48182948,-81.43477065,OH3P-2224604-3591227-2224635-3591237,406.16011,ABC
49.48186028,-81.47149742,OH1P-2215774-3591133-2216174-3591133,404.4354,C
49.48186333,-81.47295327,OH1P-2215424-3591130-2215774-3591133,404.4353,C
49.4818721,-81.47409704,OH1P-2215149-3591130-2215424-3591130,404.4352,C
49.4818721,-81.47409704,OH3P-2215149-3591130-2215227-3590946,406.16139,ABC
49.48188472,-81.43450894,OH3P-2224667-3591248-2224670-3591250,406.16046,ABC
49.48191878,-81.43436626,OH3P-2224701-3591261-2224707-3591263,406.16045,ABC
49.48195273,-81.43421551,OH3P-2224737-3591274-2224964-3591334,406.16012,ABC
49.48198532,-81.47720647,OH3P-2214401-3591163-2214411-3591168,406.16135,ABC
49.48198532,-81.47720647,OH3P-2214401-3591163-2214929-3591008,406.16132,ABC
49.48200795,-81.47039239,IEEE123-71_Secondary,407.7764,
49.48201253,-81.47403337,IEEE123-68_Secondary,407.7761,
49.48201674,-81.47153615,IEEE123-70_Secondary,407.7763,
49.48201899,-81.47288803,IEEE123-69_Secondary,407.7762,
49.48207604,-81.47672224,OH3P-2214517-3591197-2214525-3591200,406.16136,ABC
49.48210558,-81.43243599,OH1P-2225164-3591336-2225439-3591342,404.4229,A
49.48210576,-81.43326664,OH1P-2224964-3591334-2225164-3591336,404.4227,A
49.48210576,-81.43326664,OH3P-2224964-3591334-2224987-3591583,406.16016,ABC
49.48210576,-81.43326664,OH3P-2224964-3591334-2225149-3591130,406.16015,ABC
49.48210901,-81.42993877,OH1P-2225764-3591345-2226039-3591345,404.4231,A
49.48211115,-81.48126828,OH1P-2213424-3591198-2213426-3590948,404.4344,B
49.48211168,-81.43129064,OH1P-2225439-3591342-2225764-3591345,404.423,A
49.48211384,-81.4765553,OH3P-2214557-3591212-2214560-3591213,406.16169,ABC
49.48211603,-81.48191032,IEEE123-59_Secondary,407.7739,
49.48214795,-81.47641265,OH3P-2214591-3591225-2214597-3591227,406.16168,ABC
49.48218194,-81.47626192,OH3P-2214627-3591238-2214964-3591334,406.16137,ABC
49.4821932,-81.44286086,OH1P-2222657-3591338-2222407-3591340,404.425,A
49.4821932,-81.44286086,OH1P-2222657-3591338-2222658-3591088,404.4249,A
49.4821932,-81.44286086,OH1P-2222657-3591338-2222903-3590990,404.4245,A
49.48221142,-81.44454333,IEEE123A-11_Secondary,407.761,
49.4823304,-81.43595381,OH1P-2224317-3591409-2224317-3591709,404.4212,A
49.48233298,-81.42859091,IEEE123A-100_Secondary,407.7667,
49.48233363,-81.43496219,IEEE123A-62_Secondary,407.7646,
49.4823355,-81.43659584,IEEE123A-37_Secondary,407.7625,
49.48234296,-81.42983865,IEEE123A-99_Secondary,407.7666,
49.4823531,-81.43212635,IEEE123A-98_Secondary,407.7665,
49.48243075,-81.47485651,OH1P-2214964-3591334-2215164-3591336,404.4355,A
49.48243075,-81.47485651,OH3P-2214964-3591334-2214987-3591583,406.16141,ABC
49.48243075,-81.47485651,OH3P-2214964-3591334-2215149-3591130,406.1614,ABC
49.48243082,-81.47402585,OH1P-2215164-3591336-2215439-3591342,404.4356,A
49.48243503,-81.47152862,OH1P-2215764-3591345-2216039-3591345,404.4358,A
49.48243728,-81.4728805,OH1P-2215439-3591342-2215764-3591345,404.4357,A
49.4825152,-81.48445084,OH1P-2212657-3591338-2212407-3591340,404.4324,A
49.4825152,-81.48445084,OH1P-2212657-3591338-2212658-3591088,404.4323,A
49.4825152,-81.48445084,OH1P-2212657-3591338-2212903-3590990,404.4325,A
49.48253289,-81.48613333,IEEE123-11_Secondary,407.771,
49.48256343,-81.4415485,IEEE123A-19_Secondary,407.7614,
49.48260819,-81.43864412,IEEE123A-35_Secondary,407.7624,
49.48265454,-81.47754385,OH1P-2214317-3591409-2214317-3591709,404.4337,A
49.48265809,-81.47655223,IEEE123-62_Secondary,407.7746,
49.48265941,-81.47018091,IEEE123-100_Secondary,407.7767,
49.48265945,-81.47818589,IEEE123-37_Secondary,407.7725,
49.48266901,-81.47142867,IEEE123-99_Secondary,407.7766,
49.48267844,-81.47371638,IEEE123-98_Secondary,407.7765,
49.48269795,-81.44039602,OH3P-2223248-3591531-2223214-3590758,406.1605,ABC
49.4827221,-81.4405805,OH1P-2223203-3591540-2222971-3591633,404.4256,A
49.4827284,-81.44287656,IEEE123A-20_Secondary,407.7615,
49.48275126,-81.42858305,OH3P-2226087-3591586-2226887-3591586,406.16041,ABC
49.48276125,-81.42983081,OH3P-2225787-3591586-2226087-3591586,406.1604,ABC
49.48277139,-81.43211852,OH3P-2225237-3591583-2225787-3591586,406.16039,ABC
49.48277968,-81.43315832,OH3P-2224987-3591583-2225237-3591583,406.16038,ABC
49.4828078,-81.4349533,IEEE123A-63_Secondary,407.7678,
49.48288584,-81.48313874,IEEE123-19_Secondary,407.7714,
49.4829315,-81.48023438,IEEE123-35_Secondary,407.7724,
49.48298172,-81.44154074,OH1P-2222971-3591633-2222651-3591690,404.4257,A
49.48302647,-81.43863634,OH3P-2223669-3591658-2223313-3591540,406.16059,ABC
49.48304481,-81.48217085,OH1P-2213203-3591540-2212971-3591633,404.433,A
49.48304481,-81.48217085,OH3P-2213203-3591540-2213183-3590715,406.16108,ABC
49.48305039,-81.48446693,IEEE123-20_Secondary,407.7715,
49.48307706,-81.4331556,OH3P-2224986-3591692-2224989-3591943,406.16017,ABC
49.4830777,-81.47017336,OH3P-2216087-3591586-2216887-3591586,406.16164,ABC
49.48308729,-81.47142113,OH3P-2215787-3591586-2216087-3591586,406.16163,ABC
49.48309672,-81.47370886,OH3P-2215237-3591583-2215787-3591586,406.16162,ABC
49.48310469,-81.47474867,OH3P-2214987-3591583-2215237-3591583,406.16161,ABC
49.48313226,-81.47654369,IEEE123-63_Secondary,407.7778,
49.48314502,-81.4359384,OH2P-2224317-3591709-2223669-3591658,405.1404,AB
49.483261,-81.42480172,IEEE123A-104_Secondary,407.7671,
49.48326692,-81.42891986,IEEE123A-103_Secondary,407.767,
49.48330413,-81.48313129,OH1P-2212971-3591633-2212651-3591690,404.4331,A
49.48331575,-81.43220393,IEEE123A-102_Secondary,407.7668,
49.48334978,-81.48022691,OH3P-2213669-3591658-2213313-3591540,406.16116,ABC
49.48335182,-81.44289408,IEEE123A-22_Secondary,407.7616,
49.48340208,-81.47474618,OH3P-2214986-3591692-2214989-3591943,406.16142,ABC
49.48346917,-81.47752904,OH2P-2214317-3591709-2213669-3591658,405.1503,AB
49.48349227,-81.43735885,IEEE123A-41_Secondary,407.7628,
49.48353086,-81.44073181,OH1P-2223163-3591838-2222644-3591920,404.4258,B
49.48353086,-81.44073181,OH3P-2223163-3591838-2223203-3591540,406.16051,ABC
49.48357604,-81.43409861,IEEE123A-64_Secondary,407.7679,
49.48358983,-81.46994774,IEEE123-104_Secondary,407.7771,
49.48362034,-81.47285908,IEEE123-103_Secondary,407.777,
49.48364106,-81.47379467,IEEE123-102_Secondary,407.7768,
49.48367381,-81.48448491,IEEE123-22_Secondary,407.7716,
49.4836852,-81.42891201,OH1P-2226004-3591929-2226994-3591939,404.4234,C
49.48370418,-81.43866528,OH3P-2223659-3591908-2223669-3591658,406.1606,ABC
49.48373403,-81.4321961,OH1P-2225214-3591938-2226004-3591929,404.4235,C
49.48375504,-81.43313168,OH1P-2224989-3591943-2225214-3591938,404.4233,C
49.48375504,-81.43313168,OH3P-2224989-3591943-2224989-3592218,406.16018,ABC
49.48381598,-81.47894975,IEEE123-41_Secondary,407.7728,
49.48381812,-81.43526715,IEEE123A-38_Secondary,407.7626,
49.48382322,-81.43590921,OH1P-2224321-3591960-2224317-3591709,404.4215,B
49.48382322,-81.43590921,OH1P-2224321-3591960-2224323-3592285,404.4216,B
49.48385352,-81.48232276,OH1P-2213163-3591838-2212644-3591920,404.4332,B
49.48385352,-81.48232276,OH3P-2213163-3591838-2213203-3591540,406.16109,ABC
49.48390076,-81.47568955,IEEE123-64_Secondary,407.7779,
49.48391055,-81.43735106,OH1P-2223974-3591988-2223659-3591908,404.4265,C
49.4839895,-81.42778307,IEEE123A-107_Secondary,407.7672,
49.48402749,-81.48025635,OH3P-2213659-3591908-2213669-3591658,406.16117,ABC
49.48403862,-81.47285155,OH1P-2215439-3591933-2216139-3591930,404.436,C
49.48405935,-81.47378715,OH1P-2215214-3591938-2215439-3591933,404.4363,C
49.48406087,-81.43218993,IEEE123A-106_Secondary,407.7669,
49.48408007,-81.47472275,OH1P-2214989-3591943-2215214-3591938,404.4359,C
49.48408007,-81.47472275,OH3P-2214989-3591943-2214989-3592218,406.16143,ABC
49.48414247,-81.47685828,IEEE123-38_Secondary,407.7726,
49.48414738,-81.47750035,OH1P-2214321-3591960-2214317-3591709,404.4338,B
49.48414738,-81.47750035,OH1P-2214321-3591960-2214323-3592285,404.4339,B
49.48418336,-81.44314069,IEEE123A-24_Secondary,407.7617,
49.48423426,-81.47894227,OH1P-2213974-3591988-2213659-3591908,404.434,C
49.4843271,-81.43669845,IEEE123A-43_Secondary,407.763,
49.48433962,-81.44088313,OH1P-2223123-3592136-2222581-3592226,404.4259,C
49.48433962,-81.44088313,OH3P-2223123-3592136-2223163-3591838,406.16052,ABC
49.48436783,-81.4713896,IEEE123-107_Secondary,407.7772,
49.4843819,-81.43869422,OH3P-2223649-3592158-2223659-3591908,406.16061,ABC
49.48438619,-81.47378122,IEEE123-106_Secondary,407.7769,
49.48438699,-81.43933628,IEEE123A-42_Secondary,407.7629,
49.48447247,-81.46878776,IEEE123-114_Secondary,407.7777,
49.48447915,-81.4321821,OH1P-2225214-3592213-2226274-3592199,404.4237,B
49.48450016,-81.43311769,OH1P-2224989-3592218-2225214-3592213,404.4236,B
49.48450016,-81.43311769,OH3P-2224989-3592218-2224987-3592925,406.16019,ABC
49.48450528,-81.48473213,IEEE123-24_Secondary,407.7717,
49.48465102,-81.47828996,IEEE123-43_Secondary,407.773,
49.48466223,-81.48247467,OH1P-2213123-3592136-2212581-3592226,404.4333,C
49.48466223,-81.48247467,OH3P-2213123-3592136-2213163-3591838,406.1611,ABC
49.48468099,-81.43792317,IEEE123A-45_Secondary,407.7632,
49.48468598,-81.4329582,OH3P-2225027-3592287-2224989-3592218,406.16047,ABC
49.48469865,-81.43524233,IEEE123A-39_Secondary,407.7627,
49.48470519,-81.48028578,OH3P-2213649-3592158-2213659-3591908,406.16118,ABC
49.48471008,-81.48092785,IEEE123-42_Secondary,407.7729,
49.48472762,-81.43408116,IEEE123A-65_Secondary,409.4904,
49.48474539,-81.43669065,OH1P-2224129-3592298-2223649-3592158,404.4266,B
49.48480447,-81.47377369,OH1P-2215214-3592213-2215789-3592213,404.4362,B
49.48482519,-81.47470931,OH1P-2214989-3592218-2215214-3592213,404.4361,B
49.48482519,-81.47470931,OH3P-2214989-3592218-2214986-3592543,406.16144,ABC
49.48484201,-81.43670129,IEEE123A-46_Secondary,407.7631,
49.48492397,-81.43870489,OH3P-2223644-3592358-2223649-3592158,406.16062,ABC
49.48496615,-81.46990614,IEEE123-113_Secondary,407.7776,
49.48500452,-81.47951495,IEEE123-45_Secondary,407.7732,
49.48502301,-81.47683411,IEEE123-39_Secondary,407.7727,
49.48505235,-81.47567295,IEEE123-65_Secondary,409.5004,
49.4850693,-81.47828247,OH1P-2214129-3592298-2213649-3592158,404.4341,B
49.48507806,-81.44105241,OH2P-2223079-3592408-2223066-3592407,405.1401,AC
49.48507806,-81.44105241,OH3P-2223079-3592408-2223123-3592136,406.16053,ABC
49.48507815,-81.44131473,OH2P-2223016-3592407-2223011-3592407,405.14,AC
49.48507921,-81.44155919,OH2P-2222957-3592406-2222607-3592420,405.1402,AC
49.48509927,-81.43791538,OH1P-2223833-3592425-2223644-3592358,404.4268,A
49.48512609,-81.44301502,OH2P-2222607-3592420-2222333-3592443,405.1403,AC
49.48516593,-81.47829318,IEEE123-46_Secondary,407.7731,
49.4851974,-81.44415353,OH1P-2222333-3592443-2222347-3592942,404.4262,A
49.48524726,-81.48029685,OH3P-2213644-3592358-2213649-3592158,406.16119,ABC
49.4852603,-81.43669349,OH1P-2224126-3592488-2223833-3592425,404.4269,A
49.48527867,-81.47284158,IEEE123-109_Secondary,407.7773,
49.48533253,-81.43772795,IEEE123A-49_Secondary,409.4902,
49.48538444,-81.46989859,OH1P-2216143-3592438-2216414-3592259,404.4369,A
49.48540062,-81.48264449,OH2P-2213079-3592408-2213066-3592407,405.15,AC
49.48540062,-81.48264449,OH3P-2213079-3592408-2213123-3592136,406.16111,ABC
49.48540063,-81.48290682,OH2P-2213016-3592407-2213011-3592407,405.1504,AC
49.48540161,-81.48315128,OH2P-2212957-3592406-2212607-3592420,405.1501,AC
49.48542281,-81.47950747,OH1P-2213833-3592425-2213644-3592358,404.4342,A
49.48544804,-81.48460715,OH2P-2212607-3592420-2212333-3592443,405.1502,AC
49.48548166,-81.43671428,IEEE123A-50_Secondary,407.7633,
49.485519,-81.48574572,OH1P-2212333-3592443-2212347-3592942,404.4336,A
49.48558421,-81.47828569,OH1P-2214126-3592488-2213833-3592425,404.4343,A
49.48558461,-81.44000033,IEEE123A-48_Secondary,409.4901,
49.48560168,-81.43873384,OH3P-2223634-3592608-2223484-3592598,406.16064,ABC
49.48560168,-81.43873384,OH3P-2223634-3592608-2223644-3592358,406.16063,ABC
49.48560168,-81.43873384,OH3P-2223634-3592608-2223877-3592666,406.16065,ABC
49.48560281,-81.44058766,IEEE123A-28_Secondary,407.7621,
49.48560789,-81.44122973,OH3P-2223034-3592603-2223079-3592408,406.16055,ABC
49.48560822,-81.43406464,IEEE123A-66_Secondary,407.7601,
49.48563078,-81.4357006,IEEE123A-51_Secondary,407.7634,
49.48565612,-81.4793202,IEEE123-49_Secondary,409.5002,
49.48569695,-81.47283405,OH1P-2215436-3592545-2215601-3592796,404.4365,A
49.48570588,-81.47470589,OH1P-2214986-3592543-2215436-3592545,404.4364,A
49.48570588,-81.47470589,OH3P-2214986-3592543-2214986-3593542,406.16145,ABC
49.4857302,-81.44230337,IEEE123A-31_Secondary,407.7618,
49.48573527,-81.44294545,OH1P-2222621-3592645-2222607-3592420,404.426,C
49.48575081,-81.43772016,OH3P-2223877-3592666-2224120-3592724,406.16066,ABC
49.48575515,-81.47172224,IEEE123-112_Secondary,407.7775,
49.48580557,-81.47830663,IEEE123-50_Secondary,407.7733,
49.48589994,-81.43670648,OH3P-2224120-3592724-2224363-3592782,406.16,ABC
49.4859075,-81.48159278,IEEE123-48_Secondary,409.5001,
49.48592496,-81.48032629,OH3P-2213634-3592608-2213484-3592598,406.16121,ABC
49.48592496,-81.48032629,OH3P-2213634-3592608-2213644-3592358,406.1612,ABC
49.48592496,-81.48032629,OH3P-2213634-3592608-2213877-3592666,406.16122,ABC
49.48592552,-81.48218012,IEEE123-28_Secondary,407.7721,
49.4859304,-81.4828222,OH3P-2213034-3592603-2213079-3592408,406.16112,ABC
49.48593295,-81.47565708,IEEE123-66_Secondary,407.7701,
49.485955,-81.47729306,IEEE123-51_Secondary,407.7734,
49.48599631,-81.42965882,IEEE123A-109_Secondary,407.7673,
49.48601996,-81.43872606,IEEE123A-47_Secondary,409.49,
49.48604906,-81.4356928,OH3P-2224363-3592782-2224909-3593464,406.16001,ABC
49.48605237,-81.48389594,IEEE123-31_Secondary,407.7718,
49.48605724,-81.48453802,OH1P-2212621-3592645-2212607-3592420,404.4334,C
49.48607441,-81.47931272,OH3P-2213877-3592666-2214120-3592724,406.16123,ABC
49.48617343,-81.47171471,OH1P-2215703-3592724-2216143-3592438,404.4368,A
49.48622385,-81.47829915,OH3P-2214120-3592724-2214363-3592782,406.16124,ABC
49.48634324,-81.48031882,IEEE123-47_Secondary,409.5,
49.48637178,-81.47213544,OH1P-2215601-3592796-2215703-3592724,404.4367,A
49.48637328,-81.47728556,OH3P-2214363-3592782-2214909-3593464,406.16125,ABC
49.48639104,-81.44088496,IEEE123A-29_Secondary,407.7622,
49.48639612,-81.44152705,OH3P-2222959-3592893-2223034-3592603,406.16056,ABC
49.48641459,-81.42965097,OH1P-2225814-3592934-2226038-3593515,404.4239,A
49.48641713,-81.43309136,OH1P-2224987-3592925-2225814-3592934,404.4238,A
49.48641713,-81.43309136,OH3P-2224987-3592925-2224986-3593542,406.1602,ABC
49.48650207,-81.44031862,IEEE123A-30_Secondary,407.7623,
49.48653351,-81.44210953,IEEE123A-32_Secondary,407.7619,
49.48653858,-81.44275162,OH1P-2222664-3592941-2222621-3592645,404.4261,C
49.48655676,-81.44471221,IEEE123A-33_Secondary,407.762,
49.48671365,-81.48247801,IEEE123-29_Secondary,407.7722,
49.48671853,-81.4831201,OH3P-2212959-3592893-2213034-3592603,406.16113,ABC
49.48682486,-81.48191174,IEEE123-30_Secondary,407.7723,
49.48685574,-81.48370269,IEEE123-32_Secondary,407.7719,
49.48686061,-81.48434478,OH1P-2212664-3592941-2212621-3592645,404.4335,C
49.48687818,-81.4863054,IEEE123-33_Secondary,407.772,
49.48688954,-81.47405633,IEEE123-111_Secondary,407.7774,
49.48692035,-81.44031085,OH3P-2223249-3593089-2222959-3592893,406.16057,ABC
49.48718012,-81.43957798,OH3P-2223424-3593187-2223249-3593089,406.16058,ABC
49.48724314,-81.48190428,OH3P-2213249-3593089-2212959-3592893,406.16114,ABC
49.48730782,-81.47404881,OH1P-2215137-3593135-2215601-3592796,404.4366,A
49.48747631,-81.42328669,IEEE123A-114_Secondary,407.7677,
49.48750313,-81.48117159,OH3P-2213424-3593187-2213249-3593089,406.16115,ABC
49.4875355,-81.42559446,IEEE123A-113_Secondary,407.7676,
49.48756473,-81.42754919,IEEE123A-112_Secondary,407.7675,
49.48762624,-81.43185381,IEEE123A-111_Secondary,407.7674,
49.48795378,-81.42558658,OH1P-2226784-3593514-2227339-3593499,404.4244,A
49.48798227,-81.42868955,OH1P-2226038-3593515-2226314-3593519,404.4242,A
49.48798301,-81.42754132,OH1P-2226314-3593519-2226784-3593514,404.4243,A
49.48804452,-81.43184597,OH1P-2225279-3593529-2226038-3593515,404.424,A
49.48809037,-81.43306275,OH3P-2224986-3593542-2224999-3593562,406.16021,ABC
49.48841541,-81.474657,OH3P-2214986-3593542-2214999-3593562,406.16146,ABC
